Subject,UserName,Condition,TimePoint,Duration,LAT,LON,CheckCorr,CheckQuestion,Age,Sex,Gender,Orientation,OrientationBroad,Trans,LGBT,English,EnglishBroad,Education,EducationBroad,EducationNum,BackgroundText,BackgroundNum,Race,RaceMidEast,RaceBroad,Religion,ReligionBroad,GodBelief,QualityAverage,QualityOverall,QualitySocial,QualityMental,QualityPhysical,IncomeRelative,IncomeSatisfaction,PoliticalID,PoliticalIDNum,Election2020,SocialMedia,SocialMediaMax,SocialMediaAverage,SMFacebook,SMInstagram,SMReddit,SMTiktok,SMSnapchat,SMTwitter,SMBluesky,SMThreads,SMMastodon,SMTruthSocial,SMLinkedIn,SMOther
CMIzaBoPU,IndependentIguana,Control,Before,28.3,45,-93,1,76,62,female,female,straight,straight,no,no,native,native,NA,NA,NA,someabroad,4,white,0,White,other,other,0,3.33,3,2,4,4,1,1,NA,NA,biden,6,5,1.46,3,0,1,1,0,4,0,0,0,0,0,5
CWLwXbFeH,KnowledgeableRabbit,Control,Before,21.6,34,-118,1,75,59,male,male,straight,straight,no,no,native,native,undergrad,fouryrcollege,4,manyregions,3,white,0,White,jewish,jewish,2,3,2,4,3,2,1,1,republican,5,trump,6,5,1.77,5,0,5,4,0,1,0,0,0,0,3,0
CiEehcOsj,HappyDuck,Control,Before,41.9,18,-66,1,78,36,male,male,gay,gay,no,yes,native,native,undergrad,fouryrcollege,4,manyregions,3,white,0,"White,Caucasian",christian,catholic,1,3,2,3,2,4,0,1,independent,3,biden,7,5,1.85,5,4,5,0,0,3,0,1,0,0,1,0
ChTAWOfwh,AffectionateFinch,Control,Before,39.6,36,-86,1,76,75,male,male,straight,straight,no,no,native,native,postgrad,masters,5,someabroad,4,white,0,White,christian,protestant,2,4.33,5,4,5,4,3,3,republican,4,novote,4,4,0.69,4,0,1,0,0,0,0,0,0,0,2,0
CEVqRRaWG,BrightKiwi,Control,Before,45.1,30,-84,1,75,83,male,NA,straight,straight,no,no,native,native,somecollege,twoyrcollege,3,sametown,0,white,0,White,jewish,jewish,1,3,4,3,4,2,2,1,independent,3,biden,5,4,1,4,0,1,2,0,0,0,0,0,0,3,0
CVdIOMEZc,HopefulLemur,Control,Before,31.9,39,-84,1,75,60,female,female,straight,straight,no,no,native,native,undergrad,fouryrcollege,4,samestate,1,white,0,"White,Caucasian",other,other,0,2.67,4,2,4,2,1,1,republican,4,trump,4,5,1.38,5,3,5,0,0,0,0,0,0,0,0,0
CaBeSFoSC,CharitableGibbon,Control,Before,37.8,35,-81,1,75,36,male,male,straight,straight,no,no,native,native,somecollege,twoyrcollege,3,manyregions,3,white,0,White,NA,NA,2,4.33,4,4,5,4,3,2,republican,4,trump,9,5,2.31,5,2,5,4,3,1,0,0,0,2,4,0
CdiKeDWYT,GenerousHummingbird,Control,Before,25.2,43,-83,1,75,65,female,female,straight,straight,no,no,native,native,undergrad,fouryrcollege,4,manyregions,3,white,0,White,christian,catholic,0,5,5,6,5,4,1,1,republican,4,trump,8,5,2.23,5,3,3,4,3,3,0,0,0,0,3,0
CCzVvcVol,SereneFerret,Control,Before,48.4,36,-87,1,71,70,female,female,NA,NA,no,no,native,native,NA,NA,NA,manyregions,3,white,0,"White,Caucasian",other,other,1,3.67,4,4,5,2,1,1,democrat,0,biden,5,4,1.08,3,0,2,3,0,2,0,0,0,0,0,0
CZNeTxFyp,InnovativeOtter,Control,Before,19.6,35,-81,1,75,41,male,male,straight,straight,no,no,native,native,highschool,nodiploma,0,samestate,1,NA,0,"White,Black",christian,catholic,2,4.33,3,4,5,4,1,1,independent,3,novote,8,5,2.46,5,5,5,3,3,2,0,0,0,0,4,0
CYcLJhpez,FabulousTortoise,Control,Before,28.1,43,-75,1,75,62,male,male,straight,straight,no,no,native,native,undergrad,fouryrcollege,4,someabroad,4,white,0,White,muslim,muslim,2,5,5,5,5,5,3,3,republican,5,trump,7,5,2.08,5,2,5,5,0,4,0,0,0,0,1,NA
CkhcxVZuW,ZenPig,Control,Before,26,42,-72,1,75,66,male,male,gay,gay,no,yes,native,native,somecollege,twoyrcollege,3,sameregion,2,white,0,White,christian,catholic,2,0,0,0,0,0,0,0,republican,6,trump,2,4,0.62,0,0,0,0,0,0,0,0,0,4,0,0
CEfiUjgGc,BrilliantMeerkat,Control,Before,12.2,36,-80,1,75,33,male,male,straight,straight,no,no,native,native,highschool,highschool,1,sametown,0,white,0,White,none,atheist,0,3,3,3,3,3,0,1,democrat,1,novote,6,5,2.08,4,4,5,0,4,5,0,0,0,0,0,0
CGdWzySdX,EncouragingTrout,Control,Before,47.5,38,-85,1,75,80,female,female,straight,straight,no,no,native,native,highschool,highschool,1,mostlyabroad,6,white,0,White,christian,catholic,3,2,4,2,2,2,2,2,republican,6,trump,8,5,2.23,5,5,5,3,1,4,0,0,0,0,1,0
CrcOsfYWL,TalentedRhinoceros,Control,Before,19,33,-94,1,75,61,male,male,straight,straight,no,no,native,native,NA,NA,NA,sameregion,2,white,0,White,christian,protestant,3,6,6,6,6,6,2,3,republican,5,trump,8,5,2.38,5,4,4,4,1,5,0,0,0,0,3,0
CZgSzaGaN,RemarkableTurtle,Control,Before,14.7,43,-75,1,77,72,female,female,straight,straight,no,no,native,native,undergrad,fouryrcollege,4,sametown,0,white,0,White,christian,catholic,2,5,5,5,5,5,2,1,independent,3,biden,3,5,0.92,0,5,4,0,0,0,0,0,0,0,0,0
CYaeqNmUE,WarmKingfisher,Control,Before,49.3,33,-97,1,75,34,male,male,gay,gay,no,yes,native,native,postgrad,phd,7,sametown,0,hispanic,0,Hispanic,christian,protestant,3,5.67,5,6,5,6,2,3,democrat,0,biden,8,5,2.54,3,4,5,4,4,5,0,0,0,0,3,0
CvzdExdMp,MagnificentAardvark,Control,Before,18.6,41,-74,1,75,70,male,male,straight,straight,no,no,native,native,postgrad,masters,5,sameregion,2,NA,1,"White,Caucasian,Middle Eastern",jewish,jewish,2,2.67,3,2,5,1,3,4,democrat,2,biden,4,4,0.69,3,0,1,0,0,0,0,0,0,0,4,0
CXzUsjSgx,LoyalDragon,Control,Before,48.1,40,-80,1,75,39,male,male,straight,straight,no,no,native,native,postgrad,prof,6,samestate,1,white,0,White,christian,catholic,1,5,5,5,5,5,2,2,republican,4,trump,7,5,2.15,4,5,0,5,2,5,0,3,0,0,0,0
CiuzUiRqV,BlissfulDog,Control,Before,33.2,36,-87,1,76,46,female,female,straight,straight,no,no,native,native,somecollege,twoyrcollege,3,samestate,1,white,0,White,none,agnostic,1,3,4,2,4,3,2,1,independent,3,novote,8,5,1.92,5,3,3,4,0,3,0,2,0,0,3,0
CGOjitxoR,IdealPuma,Control,Before,38.5,40,-89,1,76,35,female,female,straight,straight,no,no,native,native,somecollege,twoyrcollege,3,sametown,0,white,0,White,christian,protestant,3,3.67,4,4,3,4,2,1,independent,3,other,7,5,1.46,5,2,3,1,2,0,0,0,0,0,3,NA
CxmtiiTHO,DynamicPython,Control,Before,23.5,28,-82,1,76,32,male,male,gay,gay,no,yes,native,native,NA,NA,NA,samestate,1,hispanic,0,Hispanic,christian,catholic,2,5,6,6,6,3,3,3,democrat,0,biden,7,5,2.69,5,5,5,5,5,5,0,0,0,0,0,NA
CiDptFxLj,DependableParrot,Control,Before,25.3,31,-98,1,75,55,female,female,straight,straight,no,no,native,native,somecollege,twoyrcollege,3,mostlyabroad,6,white,0,White,none,agnostic,0,4.67,5,5,4,5,3,3,republican,5,novote,8,4,1.77,4,4,1,4,4,3,0,1,0,0,0,0
CSnjVgdlS,JoyousPanther,Control,Before,23.8,28,-81,1,75,42,male,male,gay,gay,no,yes,native,native,NA,NA,NA,sametown,0,hispanic,0,Latin American,none,agnostic,0,1.67,4,3,1,1,2,2,independent,3,biden,7,5,1.77,4,4,3,2,2,3,0,0,0,0,0,0
CWOTlnNVs,ImaginativeFlamingo,Control,Before,19.3,39,-121,1,75,49,female,female,straight,straight,no,no,native,native,NA,NA,NA,manyregions,3,white,0,Caucasian,none,atheist,0,1.67,2,2,1,2,1,0,democrat,1,biden,7,4,1.31,2,2,4,1,0,1,0,0,0,0,0,3
CzBsKZYrD,CarefreeJackal,Control,Before,34.5,34,-84,1,76,20,male,male,straight,straight,no,no,native,native,highschool,highschool,1,samestate,1,white,0,White,none,agnostic,0,4.67,5,6,4,4,3,3,independent,3,novote,6,4,1.08,0,3,3,1,1,2,0,0,0,0,0,0
CPmhEGypw,BenevolentWhale,Control,Before,18.6,41,-74,1,75,60,female,female,straight,straight,no,no,native,native,NA,NA,NA,manyregions,3,white,0,White,christian,protestant,2,5,5,5,5,5,2,2,democrat,0,biden,7,4,1.77,4,0,4,3,0,4,0,1,0,4,0,0
COlrVfbPH,FearlessRooster,Control,Before,50.7,42,-88,1,75,58,female,female,straight,straight,no,no,native,native,somecollege,twoyrcollege,3,sameregion,2,NA,0,"Black,Native American",other,other,0,2.33,3,3,2,2,2,2,democrat,0,biden,7,5,1.85,5,1,5,3,0,5,0,0,0,0,1,NA
CyshdKeCl,LavishHare,Control,Before,36.4,33,-117,1,76,59,female,female,gay,lesbian,no,yes,native,native,somecollege,twoyrcollege,3,samestate,1,white,0,Caucasian,other,other,3,6,6,6,6,6,2,2,democrat,2,biden,2,2,0.31,NA,NA,NA,NA,NA,NA,NA,NA,NA,NA,2,NA
CJbspHbTC,PlayfulDeer,Control,Before,71.8,34,-118,1,75,58,female,female,straight,straight,no,no,native,native,NA,NA,NA,samestate,1,black,0,Black,NA,NA,NA,4.33,3,3,5,5,2,0,independent,3,biden,6,5,1.15,3,1,1,4,0,0,0,0,0,0,1,0
COHoTLERz,MajesticGecko,Control,Before,22.6,38,-77,1,75,58,male,male,straight,straight,no,no,native,native,NA,NA,NA,manyregions,3,white,0,White,none,agnostic,0,1.33,1,2,1,1,0,0,republican,4,trump,7,4,1.77,3,NA,3,NA,NA,4,NA,4,NA,3,2,NA
CSrghQtrz,NurturingLlama,Control,Before,29.4,43,-78,1,75,59,male,male,straight,straight,no,no,native,native,undergrad,fouryrcollege,4,sametown,0,white,0,"White,Caucasian",christian,protestant,1,4,5,4,5,3,2,2,republican,4,biden,6,3,1.31,3,0,3,3,0,3,0,0,0,0,2,0
CSgrBAjow,GenuineBaboon,Control,Before,23.8,40,-74,1,75,34,male,male,straight,straight,no,no,native,native,undergrad,fouryrcollege,4,manyregions,3,white,0,White,none,agnostic,2,4.67,5,4,5,5,1,3,democrat,1,trump,5,5,1.15,0,1,5,1,0,3,0,0,0,0,0,0
CTZqYBnQt,InspiringReindeer,Control,Before,19.1,40,-86,1,74,44,male,male,queer,queer,no,yes,native,native,undergrad,fouryrcollege,4,samestate,1,white,0,"White,Caucasian",none,agnostic,0,1,5,1,2,0,4,0,independent,3,biden,8,5,2.08,4,5,5,3,0,0,2,2,0,0,3,0
CMMPrmUoq,CourageousWolverine,Control,Before,34.6,46,-118,1,75,46,female,female,straight,straight,no,no,native,native,NA,NA,NA,someabroad,4,white,0,White,none,atheist,0,2.67,2,2,2,4,1,0,democrat,2,biden,4,4,0.69,1,0,4,0,0,1,0,0,0,0,0,0
CyLkkfQTJ,ObservantRaccoon,Control,Before,45.8,31,-98,1,75,66,female,female,straight,straight,no,no,native,native,highschool,highschool,1,someabroad,4,white,0,White,christian,protestant,1,4,5,5,4,3,2,2,republican,5,trump,4,5,1.54,5,0,0,0,0,5,0,0,0,5,0,0
CmlOgUnYN,CompassionateGazelle,Control,Before,24,34,-84,1,75,20,female,female,NA,NA,no,no,native,native,highschool,highschool,1,sameregion,2,white,0,White,none,atheist,0,4,5,4,4,4,2,0,independent,3,novote,6,5,1.23,1,4,4,0,0,1,0,0,0,0,1,0
CoSpLNfnS,EnergeticStingray,Control,Before,24.6,47,-121,1,75,49,female,female,straight,straight,no,no,native,native,somecollege,twoyrcollege,3,sametown,0,white,0,"White,Caucasian",NA,NA,1,3,4,3,3,3,2,2,republican,4,trump,7,4,1.23,4,3,3,1,1,1,0,0,0,0,0,0
CxhAPFkoh,UnderstandingManatee,Control,Before,46,48,-122,1,75,79,male,male,straight,straight,no,no,native,native,undergrad,fouryrcollege,4,someabroad,4,white,0,Caucasian,christian,protestant,3,3.67,4,4,4,3,2,1,independent,3,other,7,5,1.46,4,1,0,0,1,5,0,0,0,0,3,1
CXsHzmNUB,BalancedQuoll,Control,Before,34.3,45,-93,1,76,37,female,female,straight,straight,no,no,native,native,undergrad,fouryrcollege,4,samestate,1,white,0,White,none,agnostic,0,2.33,3,3,1,3,2,2,democrat,1,biden,9,5,2.46,5,5,5,4,1,4,0,1,0,0,3,0
CLKPqGgGu,ComposedPheasant,Control,Before,22.4,30,-98,1,75,38,female,female,queer,other,no,yes,native,native,undergrad,fouryrcollege,4,sameregion,2,white,0,"White,Caucasian",none,atheist,0,3,2,4,3,2,1,0,independent,3,biden,6,4,1.54,3,0,4,0,0,4,0,0,0,0,1,4
CDHkFAmTR,PositiveGrasshopper,Control,Before,39,32,-103,1,75,49,male,male,straight,straight,no,no,good,fluent,NA,NA,NA,sameregion,2,white,0,White,other,other,2,3,3,3,3,3,2,1,republican,5,trump,3,4,0.77,4,0,0,0,0,0,0,0,0,0,2,0
CIessskUt,QuickMonkey,Control,Before,23.6,30,-98,1,76,45,female,female,straight,straight,no,no,native,native,somecollege,twoyrcollege,3,manyregions,3,white,0,"White,Caucasian",christian,protestant,3,5,5,5,5,5,2,2,republican,6,trump,8,5,1.92,3,4,4,3,0,4,0,0,0,0,1,1
COYfMMsGr,EagerPelican,Control,Before,29.5,41,-74,1,76,57,male,male,straight,straight,no,no,native,native,undergrad,fouryrcollege,4,sametown,0,white,0,White,christian,catholic,1,2.67,5,3,3,2,3,2,democrat,2,biden,9,5,2.31,5,3,4,5,1,4,0,2,0,0,1,0
CXvLsKPJN,FantasticSeahorse,Control,Before,35.3,43,-84,1,75,66,male,male,straight,straight,no,no,native,native,undergrad,fouryrcollege,4,sameregion,2,white,0,Caucasian,christian,catholic,2,5.33,5,5,5,6,3,2,republican,4,trump,5,5,1.38,4,0,2,2,0,0,0,0,0,0,5,NA
CxoNIzlwE,HelpfulEagle,Control,Before,34.5,43,-79,1,75,55,female,female,straight,straight,no,no,native,native,somecollege,twoyrcollege,3,manyregions,3,white,0,White,christian,catholic,0,4.67,5,5,4,5,1,1,independent,3,biden,13,5,4.62,4,5,4,4,5,5,5,5,5,5,5,5
CXTgRJwql,BubblyNightingale,Control,Before,20.6,39,-77,1,77,56,female,female,straight,straight,no,no,native,native,postgrad,phd,7,samestate,1,NA,0,"White,Native American",christian,protestant,2,3.33,3,3,5,2,2,2,independent,3,biden,6,5,1.46,5,0,5,1,1,0,0,0,0,0,3,0
CiycKYYxJ,HonestPossum,Control,Before,59.4,34,-117,1,77,29,male,male,straight,straight,no,no,native,native,highschool,highschool,1,sametown,0,hispanic,0,Hispanic,NA,NA,3,3,6,4,3,2,2,2,independent,3,trump,9,5,3.23,5,5,5,5,4,5,0,3,0,0,0,5
CCDmYlJbD,MerryPorcupine,Control,Before,36.8,34,-99,1,76,53,male,male,straight,straight,no,no,native,native,NA,NA,NA,sametown,0,white,0,White,none,atheist,0,3.67,5,4,4,3,0,0,democrat,2,novote,3,4,0.62,0,1,4,0,0,0,0,0,0,0,0,0
CbzmjGtVr,SpiritedSalamander,Control,Before,36.3,30,-82,1,76,38,male,male,straight,straight,no,no,native,native,undergrad,fouryrcollege,4,sametown,0,white,0,White,none,atheist,0,2.33,3,1,4,2,0,1,democrat,1,biden,6,5,2,5,4,5,0,0,4,0,0,0,0,3,0
CpHJPiRfy,PeacefulMongoose,Control,Before,53.5,41,-74,1,76,24,female,female,straight,straight,no,no,native,native,undergrad,fouryrcollege,4,sametown,0,asian,0,Asian,none,agnostic,2,3.67,4,4,3,4,3,3,independent,3,biden,7,5,2.23,4,5,3,5,5,0,0,0,0,0,4,0
CpZQxTzcs,KindheartedDonkey,Control,Before,33.8,31,-91,1,75,64,female,female,straight,straight,no,no,native,native,undergrad,fouryrcollege,4,sametown,0,black,0,Black,christian,catholic,3,6,6,6,6,6,3,4,democrat,0,biden,4,4,0.77,4,1,0,0,0,1,0,0,0,0,0,0
CJQeDbZVQ,AmiableCat,Control,Before,20.9,39,-95,1,75,26,female,male,gay,gay,yes,yes,native,native,undergrad,fouryrcollege,4,sametown,0,NA,0,"White,African,Black",none,agnostic,1,0.33,1,0,0,1,0,0,independent,3,biden,5,5,1.38,0,3,4,0,0,5,0,0,1,0,0,0
CUVPNicNs,AwesomeCricket,Control,Before,42.8,34,-112,1,75,27,female,female,queer,bipan,no,yes,native,native,undergrad,fouryrcollege,4,sametown,0,white,0,"White,Caucasian",none,atheist,0,0.67,3,0,0,2,2,2,independent,3,biden,9,5,2.69,4,5,5,3,5,3,0,0,0,0,1,4
CPvuASpuV,GloriousBison,Control,Before,50.6,40,-76,1,76,45,male,male,straight,straight,no,no,native,native,somecollege,twoyrcollege,3,manyregions,3,white,0,"White,Caucasian",none,agnostic,0,4,4,4,4,4,2,2,democrat,2,biden,6,4,1.23,2,3,3,1,0,0,0,0,0,0,3,0
CyqikiqQy,EnchantingTiger,Control,Before,28.5,35,-77,1,75,48,female,female,gay,lesbian,no,yes,native,native,NA,NA,NA,sametown,0,white,0,"White,Caucasian",christian,protestant,2,1.33,1,2,1,1,0,0,democrat,0,biden,7,5,1.46,0,3,5,1,0,4,0,1,0,0,1,0
CwaOxyeWf,ReliableMacaw,Control,Before,19.7,32,-111,1,77,49,male,male,queer,bipan,no,yes,native,native,NA,NA,NA,sametown,0,white,0,"White,Caucasian",none,atheist,0,0.67,2,0,1,1,3,1,democrat,2,biden,5,4,1.38,4,4,4,0,0,0,0,0,0,0,4,0
ClyiajPdW,MotivatedOcelot,Control,Before,19.6,42,-79,1,75,28,male,male,straight,straight,no,no,native,native,somecollege,twoyrcollege,3,sameregion,2,white,0,White,christian,protestant,1,1.33,3,0,1,3,2,1,republican,4,trump,5,5,1.31,0,3,3,0,0,4,0,0,2,0,0,0
CMfWNlxjs,LovingButterfly,Control,Before,20.9,40,-77,1,76,33,male,male,straight,straight,no,no,native,native,highschool,highschool,1,sametown,0,white,0,White,christian,protestant,2,4,4,4,4,4,2,2,republican,6,trump,11,5,3.38,5,5,4,5,4,4,0,3,0,3,2,4
CbOcgEjCe,VibrantJellyfish,Control,Before,27.9,34,-118,1,75,57,male,male,straight,straight,no,no,native,native,NA,NA,NA,manyregions,3,white,0,"White,Caucasian",christian,protestant,3,1.67,2,2,2,1,0,0,republican,4,novote,3,5,0.85,0,0,5,0,0,1,0,0,0,0,0,NA
CcedvKrFu,CheerfulElephant,Control,Before,23.9,41,-71,1,75,60,female,female,straight,straight,no,no,native,native,undergrad,fouryrcollege,4,someabroad,4,white,0,White,christian,protestant,1,5,5,5,5,5,2,3,democrat,0,biden,5,4,0.92,4,3,2,0,0,0,0,0,0,0,1,0
CvxpmXaQM,DiligentGiraffe,Control,Before,25.4,36,-79,1,77,37,male,male,straight,straight,no,no,native,native,undergrad,fouryrcollege,4,samestate,1,white,0,White,none,agnostic,0,3.33,4,3,3,4,2,2,republican,5,trump,6,4,1.46,3,3,3,0,0,4,0,0,0,0,2,0
CmYczBLOf,TenaciousIbis,Control,Before,17,32,-111,1,76,23,female,female,queer,bipan,no,yes,native,native,NA,NA,NA,someabroad,4,white,0,White,none,agnostic,0,3.33,2,4,1,5,3,2,democrat,1,novote,6,5,1.38,1,5,5,0,1,1,0,0,0,0,0,0
CDIUpgPya,LuminousHornet,Control,Before,41.5,35,-107,1,75,71,female,female,straight,straight,no,no,native,native,NA,NA,NA,manyregions,3,white,0,"White,Caucasian",other,other,3,3.67,4,4,5,2,2,1,republican,6,novote,5,5,1.31,3,0,5,0,0,3,0,0,0,0,0,3
CzspfbiMw,SupportiveCrocodile,Control,Before,19,30,-97,1,76,40,female,female,straight,straight,no,no,native,native,undergrad,fouryrcollege,4,samestate,1,NA,0,"Caucasian,Hispanic",christian,catholic,3,2.67,4,3,3,2,0,0,republican,6,trump,5,5,1.46,0,5,4,0,0,3,0,0,0,0,2,0
CYVVfeSYW,MindfulEel,Control,Before,376.5,40,-75,1,75,74,male,male,straight,straight,no,no,native,native,highschool,highschool,1,samestate,1,white,0,White,christian,catholic,1,3.33,3,4,4,2,1,2,republican,6,trump,8,5,2,5,2,3,5,0,4,0,0,0,1,1,0
CBRFwfztG,PersistentWombat,Control,Before,18.5,43,-77,1,75,39,male,male,straight,straight,no,no,native,native,somecollege,twoyrcollege,3,sametown,0,white,0,Caucasian,christian,catholic,0,3.33,2,3,4,3,1,0,democrat,1,biden,7,5,1.92,5,3,5,3,0,3,0,1,0,0,0,0
CEpCkphur,ZestfulMagpie,Control,Before,24.8,26,-80,1,75,62,male,male,straight,straight,no,no,native,native,NA,NA,NA,someabroad,4,NA,0,"White,Latin American",christian,protestant,2,3.33,2,2,4,4,0,0,democrat,1,biden,6,5,2.08,0,4,5,3,0,5,0,0,0,0,5,0
CkRSCcHxY,ForgivingSquid,Control,Before,50.6,41,-74,1,76,37,male,male,straight,straight,no,no,native,native,undergrad,fouryrcollege,4,sametown,0,white,0,White,none,agnostic,1,2.33,2,2,4,1,1,0,independent,3,other,8,5,1.92,3,5,3,1,0,4,0,0,0,0,2,2
CWpquNybD,VictoriousPenguin,Control,Before,18.6,40,-75,1,75,41,female,female,straight,straight,no,no,native,native,postgrad,masters,5,sameregion,2,white,0,"White,Caucasian",none,agnostic,0,3.67,3,4,2,5,2,1,democrat,0,biden,7,5,1.92,4,3,5,0,0,3,0,4,0,0,3,0
CNbMIYkNg,FlexiblePuffin,Control,Before,37.2,40,-74,1,75,43,male,male,straight,straight,no,no,native,native,NA,NA,NA,sametown,0,white,0,White,none,atheist,0,4.67,4,6,5,3,1,0,democrat,0,biden,8,4,1.46,4,1,4,1,0,3,1,0,0,0,1,0
CkHieHoZJ,ConsiderateYabby,Control,Before,30.2,41,-84,1,75,52,male,male,straight,straight,no,no,native,native,somecollege,twoyrcollege,3,samestate,1,white,0,White,christian,protestant,3,3.33,3,1,4,5,0,1,republican,6,trump,4,4,0.77,2,0,1,0,0,0,0,0,0,0,0,3
CEjwSdPde,ExcitingHippopotamus,Control,Before,25,42,-71,1,75,51,male,male,straight,straight,no,no,native,native,undergrad,fouryrcollege,4,sameregion,2,white,0,White,none,atheist,2,2,2,1,1,4,1,0,democrat,0,biden,8,5,1.69,1,2,1,3,0,5,0,0,1,0,4,0
CjMGujLlC,BeneficialCrayfish,Control,Before,25.7,37,-83,1,76,60,female,female,straight,straight,no,no,native,native,somecollege,twoyrcollege,3,manyregions,3,white,0,White,christian,protestant,3,2.67,3,3,3,2,1,1,republican,4,novote,7,4,1.08,4,1,1,1,0,1,0,0,0,0,3,0
CnQjsVymx,YoungJaguar,Control,Before,14,42,-92,1,75,53,female,female,straight,straight,no,no,native,native,NA,NA,NA,sameregion,2,white,0,White,christian,protestant,3,4.33,5,4,5,4,3,3,republican,6,trump,5,5,1,3,0,1,5,2,0,0,0,0,0,0,0
CjevfJZUU,PassionateOwl,Control,Before,16,34,-118,1,75,37,female,female,straight,straight,no,no,native,native,undergrad,fouryrcollege,4,samestate,1,white,0,White,christian,catholic,2,4.33,5,4,4,5,2,2,republican,5,novote,7,5,2.15,4,5,4,3,0,5,0,0,0,0,3,0
CpoLaLseb,MarvelousPorpoise,Control,Before,17.8,39,-77,1,75,23,female,female,queer,bipan,no,yes,good,fluent,undergrad,fouryrcollege,4,samestate,1,asian,0,Asian,other,other,0,3.33,4,4,2,4,3,3,democrat,1,biden,9,5,2.69,4,5,4,5,1,5,0,0,0,0,1,5
CunJfxMpJ,NeatViper,Control,Before,27.3,28,-80,1,75,38,female,female,straight,straight,no,no,native,native,highschool,highschool,1,sametown,0,white,0,"White,Caucasian",other,other,1,1.33,3,2,1,1,0,0,democrat,1,biden,3,5,1.08,0,0,5,4,0,0,0,0,0,0,0,0
CSMPtqYgI,GraciousDragonfly,Control,Before,15.9,38,-122,1,73,44,male,male,straight,straight,no,no,native,native,highschool,highschool,1,samestate,1,white,0,White,none,agnostic,0,1.67,1,3,1,1,0,0,democrat,1,biden,4,5,0.92,2,1,5,0,0,0,0,0,0,0,0,0
CXQjGnxXc,JubilantLeopard,Control,Before,35.4,36,-96,1,75,57,female,female,straight,straight,no,no,native,native,highschool,highschool,1,sametown,0,white,0,"White,Caucasian",christian,protestant,1,3.33,4,3,4,3,0,0,democrat,1,biden,3,5,0.69,5,0,3,1,0,0,0,0,0,0,0,0
CAzRnuebd,DaringBandicoot,Control,Before,28.6,48,-122,1,76,73,female,female,straight,straight,no,no,native,native,undergrad,fouryrcollege,4,sameregion,2,white,0,White,christian,protestant,3,3.33,3,1,5,4,1,1,independent,3,NA,4,5,1.23,5,3,0,0,3,0,0,0,0,0,0,0
CtBGgKvWr,SunnySparrow,Control,Before,34,36,-81,1,76,52,female,female,straight,straight,no,no,native,native,postgrad,masters,5,manyregions,3,white,0,White,christian,catholic,3,3.67,5,6,4,1,2,1,republican,5,biden,6,5,1.31,5,3,2,0,0,1,0,0,0,3,0,0
CKgZQgnKB,LivelyGorilla,Control,Before,21.2,29,-81,1,77,32,male,male,gay,gay,no,yes,native,native,NA,NA,NA,sametown,0,white,0,"White,Caucasian",none,atheist,0,3,1,4,1,4,0,0,democrat,0,biden,6,5,1.77,0,0,5,0,4,1,0,0,0,0,3,5
CkyYVKEzY,CapableWildebeest,Control,Before,31.7,29,-81,1,75,46,female,female,straight,straight,no,no,native,native,NA,NA,NA,sameregion,2,white,0,White,other,other,2,0.67,0,0,2,0,0,0,independent,3,novote,4,5,1.08,5,1,5,0,0,0,0,0,0,0,0,0
CoGcKEuPC,CleverHawk,Control,Before,23.3,40,-88,1,75,57,female,female,straight,straight,no,no,native,native,postgrad,phd,7,manyregions,3,white,0,White,none,atheist,NA,4,4,4,5,3,3,3,democrat,0,biden,10,4,1.62,4,1,4,1,1,1,1,1,0,0,3,0
CQdVqjGlh,SplendidCheetah,Control,Before,21.6,41,-96,1,74,69,female,female,straight,straight,no,no,native,native,undergrad,fouryrcollege,4,sameregion,2,white,0,"White,Caucasian",christian,protestant,2,4.67,5,5,5,4,2,3,democrat,1,biden,8,5,2.08,5,4,4,1,4,4,0,0,0,0,1,0
CUCorkASz,ExceptionalBumblebee,Control,Before,26.6,37,-122,1,75,37,female,female,queer,bipan,no,yes,native,native,NA,NA,NA,sametown,0,white,0,White,none,agnostic,0,3.33,4,4,3,3,1,1,democrat,0,biden,9,5,2.31,4,5,2,3,0,5,1,2,0,0,0,4
CiNdYjRSn,MagnanimousCow,Control,Before,27.8,35,-121,1,75,21,male,male,straight,straight,no,no,native,native,NA,NA,NA,sametown,0,white,0,White,none,agnostic,1,3.33,4,3,4,3,2,2,democrat,1,novote,6,5,1.23,0,5,1,2,3,1,0,0,0,0,0,0
CQRnMifAY,FlourishingCondor,Control,Before,21,35,-82,1,74,30,female,female,straight,straight,no,no,native,native,undergrad,fouryrcollege,4,manyregions,3,black,0,Black,other,other,2,3.67,5,3,4,4,2,2,independent,3,novote,5,5,1.46,5,3,5,1,0,0,0,0,0,0,0,0
CkMpoUnfH,GracefulShrimp,Control,Before,50.2,42,-83,1,76,51,male,nbqueer,straight,straight,no,no,native,native,NA,NA,NA,manyregions,3,white,0,White,none,atheist,0,4.33,5,2,5,6,3,3,democrat,2,biden,6,5,1.54,4,4,5,0,1,0,0,0,0,0,3,0
CEsPxROTe,GratefulOstrich,Control,Before,38.4,39,-90,1,75,56,male,male,straight,straight,no,no,native,native,somecollege,twoyrcollege,3,sametown,0,black,0,Black,other,other,2,5,5,5,5,5,2,2,democrat,1,biden,9,5,1.85,3,2,2,2,1,3,0,0,0,0,3,3
CJuzYpRuZ,TenderEchidna,Control,Before,65.6,39,-90,1,76,47,male,male,straight,straight,no,no,native,native,NA,NA,NA,manyregions,3,NA,0,"Black,Native American,Indigenous",other,other,3,4.67,4,4,5,5,2,2,republican,4,novote,7,5,1.46,3,1,5,2,0,3,0,0,0,0,2,0
CYobYmqin,EnthusiasticPeacock,Control,Before,18,26,-80,1,76,25,male,male,straight,straight,no,no,native,native,highschool,highschool,1,sametown,0,white,0,White,none,agnostic,0,5.33,6,5,6,5,2,3,independent,3,biden,10,4,1.62,1,0,4,3,1,4,1,0,1,0,1,1
CWOTlnNVs,ImaginativeFlamingo,Control,After,1931,39,-121,1,NA,NA,NA,NA,NA,NA,NA,NA,NA,NA,NA,NA,NA,NA,NA,NA,NA,NA,NA,NA,NA,NA,NA,NA,NA,NA,NA,NA,NA,NA,NA,NA,NA,NA,NA,NA,NA,NA,NA,NA,NA,NA,NA,NA,NA,NA
CbOcgEjCe,VibrantJellyfish,Control,After,1657,34,-118,1,NA,NA,NA,NA,NA,NA,NA,NA,NA,NA,NA,NA,NA,NA,NA,NA,NA,NA,NA,NA,NA,NA,NA,NA,NA,NA,NA,NA,NA,NA,NA,NA,NA,NA,NA,NA,NA,NA,NA,NA,NA,NA,NA,NA,NA,NA
CkhcxVZuW,ZenPig,Control,After,1790,42,-72,1,NA,NA,NA,NA,NA,NA,NA,NA,NA,NA,NA,NA,NA,NA,NA,NA,NA,NA,NA,NA,NA,NA,NA,NA,NA,NA,NA,NA,NA,NA,NA,NA,NA,NA,NA,NA,NA,NA,NA,NA,NA,NA,NA,NA,NA,NA
CJbspHbTC,PlayfulDeer,Control,After,2844,34,-118,1,NA,NA,NA,NA,NA,NA,NA,NA,NA,NA,NA,NA,NA,NA,NA,NA,NA,NA,NA,NA,NA,NA,NA,NA,NA,NA,NA,NA,NA,NA,NA,NA,NA,NA,NA,NA,NA,NA,NA,NA,NA,NA,NA,NA,NA,NA
CZNeTxFyp,InnovativeOtter,Control,After,942,35,-81,1,NA,NA,NA,NA,NA,NA,NA,NA,NA,NA,NA,NA,NA,NA,NA,NA,NA,NA,NA,NA,NA,NA,NA,NA,NA,NA,NA,NA,NA,NA,NA,NA,NA,NA,NA,NA,NA,NA,NA,NA,NA,NA,NA,NA,NA,NA
CCDmYlJbD,MerryPorcupine,Control,After,2332,34,-99,1,NA,NA,NA,NA,NA,NA,NA,NA,NA,NA,NA,NA,NA,NA,NA,NA,NA,NA,NA,NA,NA,NA,NA,NA,NA,NA,NA,NA,NA,NA,NA,NA,NA,NA,NA,NA,NA,NA,NA,NA,NA,NA,NA,NA,NA,NA
CmlOgUnYN,CompassionateGazelle,Control,After,1872,34,-84,1,NA,NA,NA,NA,NA,NA,NA,NA,NA,NA,NA,NA,NA,NA,NA,NA,NA,NA,NA,NA,NA,NA,NA,NA,NA,NA,NA,NA,NA,NA,NA,NA,NA,NA,NA,NA,NA,NA,NA,NA,NA,NA,NA,NA,NA,NA
CDHkFAmTR,PositiveGrasshopper,Control,After,2103,32,-103,1,NA,NA,NA,NA,NA,NA,NA,NA,NA,NA,NA,NA,NA,NA,NA,NA,NA,NA,NA,NA,NA,NA,NA,NA,NA,NA,NA,NA,NA,NA,NA,NA,NA,NA,NA,NA,NA,NA,NA,NA,NA,NA,NA,NA,NA,NA
CBRFwfztG,PersistentWombat,Control,After,1098,43,-77,1,NA,NA,NA,NA,NA,NA,NA,NA,NA,NA,NA,NA,NA,NA,NA,NA,NA,NA,NA,NA,NA,NA,NA,NA,NA,NA,NA,NA,NA,NA,NA,NA,NA,NA,NA,NA,NA,NA,NA,NA,NA,NA,NA,NA,NA,NA
CWpquNybD,VictoriousPenguin,Control,After,1293,40,-75,1,NA,NA,NA,NA,NA,NA,NA,NA,NA,NA,NA,NA,NA,NA,NA,NA,NA,NA,NA,NA,NA,NA,NA,NA,NA,NA,NA,NA,NA,NA,NA,NA,NA,NA,NA,NA,NA,NA,NA,NA,NA,NA,NA,NA,NA,NA
CoGcKEuPC,CleverHawk,Control,After,1022,40,-88,1,NA,NA,NA,NA,NA,NA,NA,NA,NA,NA,NA,NA,NA,NA,NA,NA,NA,NA,NA,NA,NA,NA,NA,NA,NA,NA,NA,NA,NA,NA,NA,NA,NA,NA,NA,NA,NA,NA,NA,NA,NA,NA,NA,NA,NA,NA
CQRnMifAY,FlourishingCondor,Control,After,3886,35,-82,1,NA,NA,NA,NA,NA,NA,NA,NA,NA,NA,NA,NA,NA,NA,NA,NA,NA,NA,NA,NA,NA,NA,NA,NA,NA,NA,NA,NA,NA,NA,NA,NA,NA,NA,NA,NA,NA,NA,NA,NA,NA,NA,NA,NA,NA,NA
CPmhEGypw,BenevolentWhale,Control,After,1732,41,-74,1,NA,NA,NA,NA,NA,NA,NA,NA,NA,NA,NA,NA,NA,NA,NA,NA,NA,NA,NA,NA,NA,NA,NA,NA,NA,NA,NA,NA,NA,NA,NA,NA,NA,NA,NA,NA,NA,NA,NA,NA,NA,NA,NA,NA,NA,NA
CxhAPFkoh,UnderstandingManatee,Control,After,2312,48,-122,1,NA,NA,NA,NA,NA,NA,NA,NA,NA,NA,NA,NA,NA,NA,NA,NA,NA,NA,NA,NA,NA,NA,NA,NA,NA,NA,NA,NA,NA,NA,NA,NA,NA,NA,NA,NA,NA,NA,NA,NA,NA,NA,NA,NA,NA,NA
COHoTLERz,MajesticGecko,Control,After,1168,38,-77,1,NA,NA,NA,NA,NA,NA,NA,NA,NA,NA,NA,NA,NA,NA,NA,NA,NA,NA,NA,NA,NA,NA,NA,NA,NA,NA,NA,NA,NA,NA,NA,NA,NA,NA,NA,NA,NA,NA,NA,NA,NA,NA,NA,NA,NA,NA
CtBGgKvWr,SunnySparrow,Control,After,2360,36,-81,1,NA,NA,NA,NA,NA,NA,NA,NA,NA,NA,NA,NA,NA,NA,NA,NA,NA,NA,NA,NA,NA,NA,NA,NA,NA,NA,NA,NA,NA,NA,NA,NA,NA,NA,NA,NA,NA,NA,NA,NA,NA,NA,NA,NA,NA,NA
ChTAWOfwh,AffectionateFinch,Control,After,1788,36,-86,1,NA,NA,NA,NA,NA,NA,NA,NA,NA,NA,NA,NA,NA,NA,NA,NA,NA,NA,NA,NA,NA,NA,NA,NA,NA,NA,NA,NA,NA,NA,NA,NA,NA,NA,NA,NA,NA,NA,NA,NA,NA,NA,NA,NA,NA,NA
COlrVfbPH,FearlessRooster,Control,After,2382,42,-88,1,NA,NA,NA,NA,NA,NA,NA,NA,NA,NA,NA,NA,NA,NA,NA,NA,NA,NA,NA,NA,NA,NA,NA,NA,NA,NA,NA,NA,NA,NA,NA,NA,NA,NA,NA,NA,NA,NA,NA,NA,NA,NA,NA,NA,NA,NA
CWLwXbFeH,KnowledgeableRabbit,Control,After,1749,34,-118,1,NA,NA,NA,NA,NA,NA,NA,NA,NA,NA,NA,NA,NA,NA,NA,NA,NA,NA,NA,NA,NA,NA,NA,NA,NA,NA,NA,NA,NA,NA,NA,NA,NA,NA,NA,NA,NA,NA,NA,NA,NA,NA,NA,NA,NA,NA
CEpCkphur,ZestfulMagpie,Control,After,1456,26,-80,1,NA,NA,NA,NA,NA,NA,NA,NA,NA,NA,NA,NA,NA,NA,NA,NA,NA,NA,NA,NA,NA,NA,NA,NA,NA,NA,NA,NA,NA,NA,NA,NA,NA,NA,NA,NA,NA,NA,NA,NA,NA,NA,NA,NA,NA,NA
CkyYVKEzY,CapableWildebeest,Control,After,2140,29,-81,1,NA,NA,NA,NA,NA,NA,NA,NA,NA,NA,NA,NA,NA,NA,NA,NA,NA,NA,NA,NA,NA,NA,NA,NA,NA,NA,NA,NA,NA,NA,NA,NA,NA,NA,NA,NA,NA,NA,NA,NA,NA,NA,NA,NA,NA,NA
CjMGujLlC,BeneficialCrayfish,Control,After,1298,37,-83,1,NA,NA,NA,NA,NA,NA,NA,NA,NA,NA,NA,NA,NA,NA,NA,NA,NA,NA,NA,NA,NA,NA,NA,NA,NA,NA,NA,NA,NA,NA,NA,NA,NA,NA,NA,NA,NA,NA,NA,NA,NA,NA,NA,NA,NA,NA
CwaOxyeWf,ReliableMacaw,Control,After,1073,32,-111,1,NA,NA,NA,NA,NA,NA,NA,NA,NA,NA,NA,NA,NA,NA,NA,NA,NA,NA,NA,NA,NA,NA,NA,NA,NA,NA,NA,NA,NA,NA,NA,NA,NA,NA,NA,NA,NA,NA,NA,NA,NA,NA,NA,NA,NA,NA
CNbMIYkNg,FlexiblePuffin,Control,After,1782,40,-74,1,NA,NA,NA,NA,NA,NA,NA,NA,NA,NA,NA,NA,NA,NA,NA,NA,NA,NA,NA,NA,NA,NA,NA,NA,NA,NA,NA,NA,NA,NA,NA,NA,NA,NA,NA,NA,NA,NA,NA,NA,NA,NA,NA,NA,NA,NA
COYfMMsGr,EagerPelican,Control,After,2351,41,-74,1,NA,NA,NA,NA,NA,NA,NA,NA,NA,NA,NA,NA,NA,NA,NA,NA,NA,NA,NA,NA,NA,NA,NA,NA,NA,NA,NA,NA,NA,NA,NA,NA,NA,NA,NA,NA,NA,NA,NA,NA,NA,NA,NA,NA,NA,NA
CPvuASpuV,GloriousBison,Control,After,3254,40,-76,1,NA,NA,NA,NA,NA,NA,NA,NA,NA,NA,NA,NA,NA,NA,NA,NA,NA,NA,NA,NA,NA,NA,NA,NA,NA,NA,NA,NA,NA,NA,NA,NA,NA,NA,NA,NA,NA,NA,NA,NA,NA,NA,NA,NA,NA,NA
CiEehcOsj,HappyDuck,Control,After,2253,18,-66,1,NA,NA,NA,NA,NA,NA,NA,NA,NA,NA,NA,NA,NA,NA,NA,NA,NA,NA,NA,NA,NA,NA,NA,NA,NA,NA,NA,NA,NA,NA,NA,NA,NA,NA,NA,NA,NA,NA,NA,NA,NA,NA,NA,NA,NA,NA
CXzUsjSgx,LoyalDragon,Control,After,2606,34,-118,1,NA,NA,NA,NA,NA,NA,NA,NA,NA,NA,NA,NA,NA,NA,NA,NA,NA,NA,NA,NA,NA,NA,NA,NA,NA,NA,NA,NA,NA,NA,NA,NA,NA,NA,NA,NA,NA,NA,NA,NA,NA,NA,NA,NA,NA,NA
CjevfJZUU,PassionateOwl,Control,After,1234,34,-118,1,NA,NA,NA,NA,NA,NA,NA,NA,NA,NA,NA,NA,NA,NA,NA,NA,NA,NA,NA,NA,NA,NA,NA,NA,NA,NA,NA,NA,NA,NA,NA,NA,NA,NA,NA,NA,NA,NA,NA,NA,NA,NA,NA,NA,NA,NA
CJQeDbZVQ,AmiableCat,Control,After,1739,39,-95,1,NA,NA,NA,NA,NA,NA,NA,NA,NA,NA,NA,NA,NA,NA,NA,NA,NA,NA,NA,NA,NA,NA,NA,NA,NA,NA,NA,NA,NA,NA,NA,NA,NA,NA,NA,NA,NA,NA,NA,NA,NA,NA,NA,NA,NA,NA
CAzRnuebd,DaringBandicoot,Control,After,1857,48,-122,1,NA,NA,NA,NA,NA,NA,NA,NA,NA,NA,NA,NA,NA,NA,NA,NA,NA,NA,NA,NA,NA,NA,NA,NA,NA,NA,NA,NA,NA,NA,NA,NA,NA,NA,NA,NA,NA,NA,NA,NA,NA,NA,NA,NA,NA,NA
CvzdExdMp,MagnificentAardvark,Control,After,1364,41,-74,1,NA,NA,NA,NA,NA,NA,NA,NA,NA,NA,NA,NA,NA,NA,NA,NA,NA,NA,NA,NA,NA,NA,NA,NA,NA,NA,NA,NA,NA,NA,NA,NA,NA,NA,NA,NA,NA,NA,NA,NA,NA,NA,NA,NA,NA,NA
CYobYmqin,EnthusiasticPeacock,Control,After,1022,26,-80,1,NA,NA,NA,NA,NA,NA,NA,NA,NA,NA,NA,NA,NA,NA,NA,NA,NA,NA,NA,NA,NA,NA,NA,NA,NA,NA,NA,NA,NA,NA,NA,NA,NA,NA,NA,NA,NA,NA,NA,NA,NA,NA,NA,NA,NA,NA
CpZQxTzcs,KindheartedDonkey,Control,After,2246,31,-91,1,NA,NA,NA,NA,NA,NA,NA,NA,NA,NA,NA,NA,NA,NA,NA,NA,NA,NA,NA,NA,NA,NA,NA,NA,NA,NA,NA,NA,NA,NA,NA,NA,NA,NA,NA,NA,NA,NA,NA,NA,NA,NA,NA,NA,NA,NA
CVdIOMEZc,HopefulLemur,Control,After,2365,39,-84,1,NA,NA,NA,NA,NA,NA,NA,NA,NA,NA,NA,NA,NA,NA,NA,NA,NA,NA,NA,NA,NA,NA,NA,NA,NA,NA,NA,NA,NA,NA,NA,NA,NA,NA,NA,NA,NA,NA,NA,NA,NA,NA,NA,NA,NA,NA
CJuzYpRuZ,TenderEchidna,Control,After,4536,39,-90,1,NA,NA,NA,NA,NA,NA,NA,NA,NA,NA,NA,NA,NA,NA,NA,NA,NA,NA,NA,NA,NA,NA,NA,NA,NA,NA,NA,NA,NA,NA,NA,NA,NA,NA,NA,NA,NA,NA,NA,NA,NA,NA,NA,NA,NA,NA
CpoLaLseb,MarvelousPorpoise,Control,After,1263,39,-77,1,NA,NA,NA,NA,NA,NA,NA,NA,NA,NA,NA,NA,NA,NA,NA,NA,NA,NA,NA,NA,NA,NA,NA,NA,NA,NA,NA,NA,NA,NA,NA,NA,NA,NA,NA,NA,NA,NA,NA,NA,NA,NA,NA,NA,NA,NA
CrcOsfYWL,TalentedRhinoceros,Control,After,1217,33,-94,1,NA,NA,NA,NA,NA,NA,NA,NA,NA,NA,NA,NA,NA,NA,NA,NA,NA,NA,NA,NA,NA,NA,NA,NA,NA,NA,NA,NA,NA,NA,NA,NA,NA,NA,NA,NA,NA,NA,NA,NA,NA,NA,NA,NA,NA,NA
CSnjVgdlS,JoyousPanther,Control,After,1312,28,-81,1,NA,NA,NA,NA,NA,NA,NA,NA,NA,NA,NA,NA,NA,NA,NA,NA,NA,NA,NA,NA,NA,NA,NA,NA,NA,NA,NA,NA,NA,NA,NA,NA,NA,NA,NA,NA,NA,NA,NA,NA,NA,NA,NA,NA,NA,NA
CGdWzySdX,EncouragingTrout,Control,After,2148,38,-85,1,NA,NA,NA,NA,NA,NA,NA,NA,NA,NA,NA,NA,NA,NA,NA,NA,NA,NA,NA,NA,NA,NA,NA,NA,NA,NA,NA,NA,NA,NA,NA,NA,NA,NA,NA,NA,NA,NA,NA,NA,NA,NA,NA,NA,NA,NA
CyLkkfQTJ,ObservantRaccoon,Control,After,1981,31,-98,1,NA,NA,NA,NA,NA,NA,NA,NA,NA,NA,NA,NA,NA,NA,NA,NA,NA,NA,NA,NA,NA,NA,NA,NA,NA,NA,NA,NA,NA,NA,NA,NA,NA,NA,NA,NA,NA,NA,NA,NA,NA,NA,NA,NA,NA,NA
CaBeSFoSC,CharitableGibbon,Control,After,3538,35,-81,1,NA,NA,NA,NA,NA,NA,NA,NA,NA,NA,NA,NA,NA,NA,NA,NA,NA,NA,NA,NA,NA,NA,NA,NA,NA,NA,NA,NA,NA,NA,NA,NA,NA,NA,NA,NA,NA,NA,NA,NA,NA,NA,NA,NA,NA,NA
CEfiUjgGc,BrilliantMeerkat,Control,After,785,36,-80,1,NA,NA,NA,NA,NA,NA,NA,NA,NA,NA,NA,NA,NA,NA,NA,NA,NA,NA,NA,NA,NA,NA,NA,NA,NA,NA,NA,NA,NA,NA,NA,NA,NA,NA,NA,NA,NA,NA,NA,NA,NA,NA,NA,NA,NA,NA
CEVqRRaWG,BrightKiwi,Control,After,2875,30,-84,1,NA,NA,NA,NA,NA,NA,NA,NA,NA,NA,NA,NA,NA,NA,NA,NA,NA,NA,NA,NA,NA,NA,NA,NA,NA,NA,NA,NA,NA,NA,NA,NA,NA,NA,NA,NA,NA,NA,NA,NA,NA,NA,NA,NA,NA,NA
CMIzaBoPU,IndependentIguana,Control,After,2641,45,-93,1,NA,NA,NA,NA,NA,NA,NA,NA,NA,NA,NA,NA,NA,NA,NA,NA,NA,NA,NA,NA,NA,NA,NA,NA,NA,NA,NA,NA,NA,NA,NA,NA,NA,NA,NA,NA,NA,NA,NA,NA,NA,NA,NA,NA,NA,NA
CLKPqGgGu,ComposedPheasant,Control,After,1278,30,-98,1,NA,NA,NA,NA,NA,NA,NA,NA,NA,NA,NA,NA,NA,NA,NA,NA,NA,NA,NA,NA,NA,NA,NA,NA,NA,NA,NA,NA,NA,NA,NA,NA,NA,NA,NA,NA,NA,NA,NA,NA,NA,NA,NA,NA,NA,NA
CGOjitxoR,IdealPuma,Control,After,2904,40,-89,1,NA,NA,NA,NA,NA,NA,NA,NA,NA,NA,NA,NA,NA,NA,NA,NA,NA,NA,NA,NA,NA,NA,NA,NA,NA,NA,NA,NA,NA,NA,NA,NA,NA,NA,NA,NA,NA,NA,NA,NA,NA,NA,NA,NA,NA,NA
CMfWNlxjs,LovingButterfly,Control,After,1827,40,-77,1,NA,NA,NA,NA,NA,NA,NA,NA,NA,NA,NA,NA,NA,NA,NA,NA,NA,NA,NA,NA,NA,NA,NA,NA,NA,NA,NA,NA,NA,NA,NA,NA,NA,NA,NA,NA,NA,NA,NA,NA,NA,NA,NA,NA,NA,NA
CIessskUt,QuickMonkey,Control,After,2924,30,-98,1,NA,NA,NA,NA,NA,NA,NA,NA,NA,NA,NA,NA,NA,NA,NA,NA,NA,NA,NA,NA,NA,NA,NA,NA,NA,NA,NA,NA,NA,NA,NA,NA,NA,NA,NA,NA,NA,NA,NA,NA,NA,NA,NA,NA,NA,NA
CSMPtqYgI,GraciousDragonfly,Control,After,1604,38,-122,1,NA,NA,NA,NA,NA,NA,NA,NA,NA,NA,NA,NA,NA,NA,NA,NA,NA,NA,NA,NA,NA,NA,NA,NA,NA,NA,NA,NA,NA,NA,NA,NA,NA,NA,NA,NA,NA,NA,NA,NA,NA,NA,NA,NA,NA,NA
CYaeqNmUE,WarmKingfisher,Control,After,2420,30,-96,1,NA,NA,NA,NA,NA,NA,NA,NA,NA,NA,NA,NA,NA,NA,NA,NA,NA,NA,NA,NA,NA,NA,NA,NA,NA,NA,NA,NA,NA,NA,NA,NA,NA,NA,NA,NA,NA,NA,NA,NA,NA,NA,NA,NA,NA,NA
CMMPrmUoq,CourageousWolverine,Control,After,2910,46,-118,1,NA,NA,NA,NA,NA,NA,NA,NA,NA,NA,NA,NA,NA,NA,NA,NA,NA,NA,NA,NA,NA,NA,NA,NA,NA,NA,NA,NA,NA,NA,NA,NA,NA,NA,NA,NA,NA,NA,NA,NA,NA,NA,NA,NA,NA,NA
CYcLJhpez,FabulousTortoise,Control,After,1427,43,-75,1,NA,NA,NA,NA,NA,NA,NA,NA,NA,NA,NA,NA,NA,NA,NA,NA,NA,NA,NA,NA,NA,NA,NA,NA,NA,NA,NA,NA,NA,NA,NA,NA,NA,NA,NA,NA,NA,NA,NA,NA,NA,NA,NA,NA,NA,NA
CiDptFxLj,DependableParrot,Control,After,887,31,-98,1,NA,NA,NA,NA,NA,NA,NA,NA,NA,NA,NA,NA,NA,NA,NA,NA,NA,NA,NA,NA,NA,NA,NA,NA,NA,NA,NA,NA,NA,NA,NA,NA,NA,NA,NA,NA,NA,NA,NA,NA,NA,NA,NA,NA,NA,NA
CZgSzaGaN,RemarkableTurtle,Control,After,1118,43,-75,1,NA,NA,NA,NA,NA,NA,NA,NA,NA,NA,NA,NA,NA,NA,NA,NA,NA,NA,NA,NA,NA,NA,NA,NA,NA,NA,NA,NA,NA,NA,NA,NA,NA,NA,NA,NA,NA,NA,NA,NA,NA,NA,NA,NA,NA,NA
CEsPxROTe,GratefulOstrich,Control,After,2425,39,-90,1,NA,NA,NA,NA,NA,NA,NA,NA,NA,NA,NA,NA,NA,NA,NA,NA,NA,NA,NA,NA,NA,NA,NA,NA,NA,NA,NA,NA,NA,NA,NA,NA,NA,NA,NA,NA,NA,NA,NA,NA,NA,NA,NA,NA,NA,NA
CkHieHoZJ,ConsiderateYabby,Control,After,1885,41,-84,1,NA,NA,NA,NA,NA,NA,NA,NA,NA,NA,NA,NA,NA,NA,NA,NA,NA,NA,NA,NA,NA,NA,NA,NA,NA,NA,NA,NA,NA,NA,NA,NA,NA,NA,NA,NA,NA,NA,NA,NA,NA,NA,NA,NA,NA,NA
CDIUpgPya,LuminousHornet,Control,After,2851,35,-107,1,NA,NA,NA,NA,NA,NA,NA,NA,NA,NA,NA,NA,NA,NA,NA,NA,NA,NA,NA,NA,NA,NA,NA,NA,NA,NA,NA,NA,NA,NA,NA,NA,NA,NA,NA,NA,NA,NA,NA,NA,NA,NA,NA,NA,NA,NA
CdiKeDWYT,GenerousHummingbird,Control,After,1271,43,-83,1,NA,NA,NA,NA,NA,NA,NA,NA,NA,NA,NA,NA,NA,NA,NA,NA,NA,NA,NA,NA,NA,NA,NA,NA,NA,NA,NA,NA,NA,NA,NA,NA,NA,NA,NA,NA,NA,NA,NA,NA,NA,NA,NA,NA,NA,NA
CEjwSdPde,ExcitingHippopotamus,Control,After,1582,42,-71,1,NA,NA,NA,NA,NA,NA,NA,NA,NA,NA,NA,NA,NA,NA,NA,NA,NA,NA,NA,NA,NA,NA,NA,NA,NA,NA,NA,NA,NA,NA,NA,NA,NA,NA,NA,NA,NA,NA,NA,NA,NA,NA,NA,NA,NA,NA
CbzmjGtVr,SpiritedSalamander,Control,After,1526,30,-82,1,NA,NA,NA,NA,NA,NA,NA,NA,NA,NA,NA,NA,NA,NA,NA,NA,NA,NA,NA,NA,NA,NA,NA,NA,NA,NA,NA,NA,NA,NA,NA,NA,NA,NA,NA,NA,NA,NA,NA,NA,NA,NA,NA,NA,NA,NA
CiycKYYxJ,HonestPossum,Control,After,3210,34,-117,1,NA,NA,NA,NA,NA,NA,NA,NA,NA,NA,NA,NA,NA,NA,NA,NA,NA,NA,NA,NA,NA,NA,NA,NA,NA,NA,NA,NA,NA,NA,NA,NA,NA,NA,NA,NA,NA,NA,NA,NA,NA,NA,NA,NA,NA,NA
CiuzUiRqV,BlissfulDog,Control,After,1086,36,-87,1,NA,NA,NA,NA,NA,NA,NA,NA,NA,NA,NA,NA,NA,NA,NA,NA,NA,NA,NA,NA,NA,NA,NA,NA,NA,NA,NA,NA,NA,NA,NA,NA,NA,NA,NA,NA,NA,NA,NA,NA,NA,NA,NA,NA,NA,NA
CunJfxMpJ,NeatViper,Control,After,1521,28,-80,1,NA,NA,NA,NA,NA,NA,NA,NA,NA,NA,NA,NA,NA,NA,NA,NA,NA,NA,NA,NA,NA,NA,NA,NA,NA,NA,NA,NA,NA,NA,NA,NA,NA,NA,NA,NA,NA,NA,NA,NA,NA,NA,NA,NA,NA,NA
ClyiajPdW,MotivatedOcelot,Control,After,2432,42,-79,1,NA,NA,NA,NA,NA,NA,NA,NA,NA,NA,NA,NA,NA,NA,NA,NA,NA,NA,NA,NA,NA,NA,NA,NA,NA,NA,NA,NA,NA,NA,NA,NA,NA,NA,NA,NA,NA,NA,NA,NA,NA,NA,NA,NA,NA,NA
CcedvKrFu,CheerfulElephant,Control,After,1913,41,-71,1,NA,NA,NA,NA,NA,NA,NA,NA,NA,NA,NA,NA,NA,NA,NA,NA,NA,NA,NA,NA,NA,NA,NA,NA,NA,NA,NA,NA,NA,NA,NA,NA,NA,NA,NA,NA,NA,NA,NA,NA,NA,NA,NA,NA,NA,NA
CxmtiiTHO,DynamicPython,Control,After,1261,28,-82,1,NA,NA,NA,NA,NA,NA,NA,NA,NA,NA,NA,NA,NA,NA,NA,NA,NA,NA,NA,NA,NA,NA,NA,NA,NA,NA,NA,NA,NA,NA,NA,NA,NA,NA,NA,NA,NA,NA,NA,NA,NA,NA,NA,NA,NA,NA
CyshdKeCl,LavishHare,Control,After,2905,33,-117,1,NA,NA,NA,NA,NA,NA,NA,NA,NA,NA,NA,NA,NA,NA,NA,NA,NA,NA,NA,NA,NA,NA,NA,NA,NA,NA,NA,NA,NA,NA,NA,NA,NA,NA,NA,NA,NA,NA,NA,NA,NA,NA,NA,NA,NA,NA
CiNdYjRSn,MagnanimousCow,Control,After,2398,35,-121,1,NA,NA,NA,NA,NA,NA,NA,NA,NA,NA,NA,NA,NA,NA,NA,NA,NA,NA,NA,NA,NA,NA,NA,NA,NA,NA,NA,NA,NA,NA,NA,NA,NA,NA,NA,NA,NA,NA,NA,NA,NA,NA,NA,NA,NA,NA
CkRSCcHxY,ForgivingSquid,Control,After,898,41,-74,1,NA,NA,NA,NA,NA,NA,NA,NA,NA,NA,NA,NA,NA,NA,NA,NA,NA,NA,NA,NA,NA,NA,NA,NA,NA,NA,NA,NA,NA,NA,NA,NA,NA,NA,NA,NA,NA,NA,NA,NA,NA,NA,NA,NA,NA,NA
CYVVfeSYW,MindfulEel,Control,After,2438,40,-75,1,NA,NA,NA,NA,NA,NA,NA,NA,NA,NA,NA,NA,NA,NA,NA,NA,NA,NA,NA,NA,NA,NA,NA,NA,NA,NA,NA,NA,NA,NA,NA,NA,NA,NA,NA,NA,NA,NA,NA,NA,NA,NA,NA,NA,NA,NA
CkMpoUnfH,GracefulShrimp,Control,After,3579,42,-83,1,NA,NA,NA,NA,NA,NA,NA,NA,NA,NA,NA,NA,NA,NA,NA,NA,NA,NA,NA,NA,NA,NA,NA,NA,NA,NA,NA,NA,NA,NA,NA,NA,NA,NA,NA,NA,NA,NA,NA,NA,NA,NA,NA,NA,NA,NA
CpHJPiRfy,PeacefulMongoose,Control,After,3287,41,-74,1,NA,NA,NA,NA,NA,NA,NA,NA,NA,NA,NA,NA,NA,NA,NA,NA,NA,NA,NA,NA,NA,NA,NA,NA,NA,NA,NA,NA,NA,NA,NA,NA,NA,NA,NA,NA,NA,NA,NA,NA,NA,NA,NA,NA,NA,NA
CXTgRJwql,BubblyNightingale,Control,After,1433,39,-77,1,NA,NA,NA,NA,NA,NA,NA,NA,NA,NA,NA,NA,NA,NA,NA,NA,NA,NA,NA,NA,NA,NA,NA,NA,NA,NA,NA,NA,NA,NA,NA,NA,NA,NA,NA,NA,NA,NA,NA,NA,NA,NA,NA,NA,NA,NA
CQdVqjGlh,SplendidCheetah,Control,After,2075,41,-96,1,NA,NA,NA,NA,NA,NA,NA,NA,NA,NA,NA,NA,NA,NA,NA,NA,NA,NA,NA,NA,NA,NA,NA,NA,NA,NA,NA,NA,NA,NA,NA,NA,NA,NA,NA,NA,NA,NA,NA,NA,NA,NA,NA,NA,NA,NA
CUCorkASz,ExceptionalBumblebee,Control,After,2054,37,-122,1,NA,NA,NA,NA,NA,NA,NA,NA,NA,NA,NA,NA,NA,NA,NA,NA,NA,NA,NA,NA,NA,NA,NA,NA,NA,NA,NA,NA,NA,NA,NA,NA,NA,NA,NA,NA,NA,NA,NA,NA,NA,NA,NA,NA,NA,NA
CCzVvcVol,SereneFerret,Control,After,2307,36,-87,1,NA,NA,NA,NA,NA,NA,NA,NA,NA,NA,NA,NA,NA,NA,NA,NA,NA,NA,NA,NA,NA,NA,NA,NA,NA,NA,NA,NA,NA,NA,NA,NA,NA,NA,NA,NA,NA,NA,NA,NA,NA,NA,NA,NA,NA,NA
CyqikiqQy,EnchantingTiger,Control,After,2122,35,-77,1,NA,NA,NA,NA,NA,NA,NA,NA,NA,NA,NA,NA,NA,NA,NA,NA,NA,NA,NA,NA,NA,NA,NA,NA,NA,NA,NA,NA,NA,NA,NA,NA,NA,NA,NA,NA,NA,NA,NA,NA,NA,NA,NA,NA,NA,NA
CXQjGnxXc,JubilantLeopard,Control,After,2345,36,-96,1,NA,NA,NA,NA,NA,NA,NA,NA,NA,NA,NA,NA,NA,NA,NA,NA,NA,NA,NA,NA,NA,NA,NA,NA,NA,NA,NA,NA,NA,NA,NA,NA,NA,NA,NA,NA,NA,NA,NA,NA,NA,NA,NA,NA,NA,NA
CUVPNicNs,AwesomeCricket,Control,After,2166,34,-112,1,NA,NA,NA,NA,NA,NA,NA,NA,NA,NA,NA,NA,NA,NA,NA,NA,NA,NA,NA,NA,NA,NA,NA,NA,NA,NA,NA,NA,NA,NA,NA,NA,NA,NA,NA,NA,NA,NA,NA,NA,NA,NA,NA,NA,NA,NA
CXsHzmNUB,BalancedQuoll,Control,After,1222,45,-93,1,NA,NA,NA,NA,NA,NA,NA,NA,NA,NA,NA,NA,NA,NA,NA,NA,NA,NA,NA,NA,NA,NA,NA,NA,NA,NA,NA,NA,NA,NA,NA,NA,NA,NA,NA,NA,NA,NA,NA,NA,NA,NA,NA,NA,NA,NA
CoSpLNfnS,EnergeticStingray,Control,After,1130,47,-121,1,NA,NA,NA,NA,NA,NA,NA,NA,NA,NA,NA,NA,NA,NA,NA,NA,NA,NA,NA,NA,NA,NA,NA,NA,NA,NA,NA,NA,NA,NA,NA,NA,NA,NA,NA,NA,NA,NA,NA,NA,NA,NA,NA,NA,NA,NA
CnQjsVymx,YoungJaguar,Control,After,699,42,-92,1,NA,NA,NA,NA,NA,NA,NA,NA,NA,NA,NA,NA,NA,NA,NA,NA,NA,NA,NA,NA,NA,NA,NA,NA,NA,NA,NA,NA,NA,NA,NA,NA,NA,NA,NA,NA,NA,NA,NA,NA,NA,NA,NA,NA,NA,NA
CzBsKZYrD,CarefreeJackal,Control,After,1021,34,-83,1,NA,NA,NA,NA,NA,NA,NA,NA,NA,NA,NA,NA,NA,NA,NA,NA,NA,NA,NA,NA,NA,NA,NA,NA,NA,NA,NA,NA,NA,NA,NA,NA,NA,NA,NA,NA,NA,NA,NA,NA,NA,NA,NA,NA,NA,NA
CSrghQtrz,NurturingLlama,Control,After,1218,43,-78,1,NA,NA,NA,NA,NA,NA,NA,NA,NA,NA,NA,NA,NA,NA,NA,NA,NA,NA,NA,NA,NA,NA,NA,NA,NA,NA,NA,NA,NA,NA,NA,NA,NA,NA,NA,NA,NA,NA,NA,NA,NA,NA,NA,NA,NA,NA
CxoNIzlwE,HelpfulEagle,Control,After,2176,43,-79,1,NA,NA,NA,NA,NA,NA,NA,NA,NA,NA,NA,NA,NA,NA,NA,NA,NA,NA,NA,NA,NA,NA,NA,NA,NA,NA,NA,NA,NA,NA,NA,NA,NA,NA,NA,NA,NA,NA,NA,NA,NA,NA,NA,NA,NA,NA
CvxpmXaQM,DiligentGiraffe,Control,After,1400,36,-79,1,NA,NA,NA,NA,NA,NA,NA,NA,NA,NA,NA,NA,NA,NA,NA,NA,NA,NA,NA,NA,NA,NA,NA,NA,NA,NA,NA,NA,NA,NA,NA,NA,NA,NA,NA,NA,NA,NA,NA,NA,NA,NA,NA,NA,NA,NA
CzspfbiMw,SupportiveCrocodile,Control,After,1899,30,-97,1,NA,NA,NA,NA,NA,NA,NA,NA,NA,NA,NA,NA,NA,NA,NA,NA,NA,NA,NA,NA,NA,NA,NA,NA,NA,NA,NA,NA,NA,NA,NA,NA,NA,NA,NA,NA,NA,NA,NA,NA,NA,NA,NA,NA,NA,NA
CXvLsKPJN,FantasticSeahorse,Control,After,1310,43,-84,1,NA,NA,NA,NA,NA,NA,NA,NA,NA,NA,NA,NA,NA,NA,NA,NA,NA,NA,NA,NA,NA,NA,NA,NA,NA,NA,NA,NA,NA,NA,NA,NA,NA,NA,NA,NA,NA,NA,NA,NA,NA,NA,NA,NA,NA,NA
CSgrBAjow,GenuineBaboon,Control,After,1948,40,-74,1,NA,NA,NA,NA,NA,NA,NA,NA,NA,NA,NA,NA,NA,NA,NA,NA,NA,NA,NA,NA,NA,NA,NA,NA,NA,NA,NA,NA,NA,NA,NA,NA,NA,NA,NA,NA,NA,NA,NA,NA,NA,NA,NA,NA,NA,NA
CTZqYBnQt,InspiringReindeer,Control,After,1226,40,-86,1,NA,NA,NA,NA,NA,NA,NA,NA,NA,NA,NA,NA,NA,NA,NA,NA,NA,NA,NA,NA,NA,NA,NA,NA,NA,NA,NA,NA,NA,NA,NA,NA,NA,NA,NA,NA,NA,NA,NA,NA,NA,NA,NA,NA,NA,NA
CmYczBLOf,TenaciousIbis,Control,After,1252,32,-111,1,NA,NA,NA,NA,NA,NA,NA,NA,NA,NA,NA,NA,NA,NA,NA,NA,NA,NA,NA,NA,NA,NA,NA,NA,NA,NA,NA,NA,NA,NA,NA,NA,NA,NA,NA,NA,NA,NA,NA,NA,NA,NA,NA,NA,NA,NA
CKgZQgnKB,LivelyGorilla,Control,After,1649,29,-81,1,NA,NA,NA,NA,NA,NA,NA,NA,NA,NA,NA,NA,NA,NA,NA,NA,NA,NA,NA,NA,NA,NA,NA,NA,NA,NA,NA,NA,NA,NA,NA,NA,NA,NA,NA,NA,NA,NA,NA,NA,NA,NA,NA,NA,NA,NA
RszRPNhcN,GratefulChicken,Right,Before,24.1,37,-121,1,75,60,male,male,straight,straight,no,no,native,native,highschool,highschool,1,samestate,1,NA,0,"White,Native American,Hispanic",christian,catholic,0,4.33,4,4,5,4,2,2,democrat,1,biden,9,5,2.23,2,4,3,2,0,4,2,2,0,0,0,5
RmnEkTYSw,DevotedDolphin,Right,Before,10.8,33,-117,1,75,42,male,male,straight,straight,no,no,native,native,highschool,highschool,1,sametown,0,white,0,White,none,atheist,0,5,4,3,6,6,1,1,democrat,0,biden,5,5,1.62,3,5,4,0,0,4,0,0,0,0,0,NA
RhDpVfpOH,DeterminedYabby,Right,Before,17.6,38,-84,1,76,32,male,nbqueer,queer,other,no,yes,native,native,undergrad,fouryrcollege,4,manyregions,3,white,0,White,other,other,1,0.67,0,0,0,2,1,0,NA,NA,other,3,5,0.92,0,4,0,0,0,0,3,0,0,0,0,0
RijzkQbRn,LavishPorpoise,Right,Before,34.8,40,-75,1,75,65,male,male,straight,straight,no,no,native,native,undergrad,fouryrcollege,4,sameregion,2,black,0,Black,other,other,3,3.67,4,4,5,2,2,2,democrat,0,biden,4,3,0.69,2,0,2,0,0,0,0,0,0,0,2,0
RUXQgQNoa,HeartfeltBandicoot,Right,Before,30.6,42,-86,1,75,60,male,male,straight,straight,no,no,native,native,undergrad,fouryrcollege,4,sametown,0,white,0,White,other,other,2,4,4,5,4,3,2,0,democrat,0,biden,4,4,0.92,4,0,2,0,0,0,0,0,0,0,3,0
RwgEMOCZn,DependableDingo,Right,Before,11.2,33,-97,1,77,62,male,male,straight,straight,no,no,native,native,undergrad,fouryrcollege,4,samestate,1,white,0,White,NA,NA,0,5,5,5,5,5,2,3,republican,4,trump,8,5,2.08,4,2,2,4,2,4,0,0,0,0,4,NA
RcERxRqtZ,SupportiveRhinoceros,Right,Before,21.4,48,-117,1,75,20,female,female,straight,straight,no,no,native,native,NA,NA,NA,samestate,1,white,0,"White,Caucasian",NA,NA,1,1.33,2,1,1,2,2,1,independent,3,novote,4,5,1.38,0,5,0,3,0,5,0,0,0,0,0,0
RdElrFIRs,FortunateWolverine,Right,Before,34.1,39,-95,1,75,57,male,male,straight,straight,no,no,native,native,NA,NA,NA,someabroad,4,white,0,"White,Caucasian",eastern,buddhist,0,3.33,4,5,3,2,3,3,democrat,1,biden,8,5,2.23,3,1,5,3,5,4,0,0,0,0,3,0
RBMqVVYOK,GenerousEchidna,Right,Before,13.6,34,-118,1,75,23,male,male,straight,straight,no,no,native,native,NA,NA,NA,sametown,0,asian,0,Asian,eastern,buddhist,0,2.67,3,3,1,4,1,1,democrat,1,biden,7,5,1.31,1,1,4,1,4,1,0,0,0,0,0,0
RhNQvAGjY,AwesomeDhole,Right,Before,27,39,-97,1,75,62,male,male,straight,straight,no,no,native,native,somecollege,twoyrcollege,3,manyregions,3,white,0,White,other,other,0,4.67,4,3,6,5,1,1,republican,4,novote,2,5,0.62,0,0,0,0,0,3,0,0,0,0,0,0
RYauDtJpw,VibrantGrizzly,Right,Before,18.5,39,-85,1,76,29,female,female,straight,straight,no,no,native,native,undergrad,fouryrcollege,4,samestate,1,white,0,White,christian,catholic,2,2,2,2,2,2,2,1,independent,3,trump,6,5,1.62,5,4,5,0,0,1,0,0,0,0,1,0
RRYzbeXQR,CheerfulQuokka,Right,Before,42.5,30,-98,1,75,68,male,male,straight,straight,no,no,native,native,NA,NA,NA,sametown,0,white,0,"White,Caucasian",christian,catholic,3,6,6,6,6,6,2,2,independent,3,biden,13,5,4.15,5,4,4,4,4,4,4,4,3,4,4,5
RhaHGiGCU,NurturingBat,Right,Before,34.1,33,-97,1,75,75,male,male,straight,straight,no,no,native,native,undergrad,fouryrcollege,4,manyregions,3,white,0,White,christian,catholic,3,5.67,5,5,6,6,2,3,democrat,0,biden,3,4,0.77,0,4,4,0,0,0,0,0,0,0,0,0
RxEpnOVLD,BalancedRidgeback,Right,Before,17,36,-87,1,75,30,female,female,straight,straight,no,no,native,native,NA,other,NA,sameregion,2,white,0,White,none,agnostic,0,5,5,5,5,5,2,2,democrat,1,biden,8,5,1.85,4,5,4,1,0,1,0,3,0,0,3,0
RzRGcdPrJ,BrightNewt,Right,Before,16.4,40,-76,1,77,68,female,female,straight,straight,no,no,native,native,postgrad,masters,5,sameregion,2,white,0,"White,Caucasian",christian,protestant,3,4.33,5,5,5,3,4,4,independent,3,trump,5,4,1.08,4,4,1,0,0,0,0,0,0,0,1,0
RmrMdbGoQ,JollyOctopus,Right,Before,31.6,31,-98,1,75,69,female,female,straight,straight,no,no,native,native,NA,NA,NA,manyregions,3,white,0,White,christian,protestant,3,5,5,5,6,4,1,1,republican,5,trump,6,5,1.54,5,3,3,0,0,1,0,0,0,3,0,0
ROZVUGSXm,EagerLamb,Right,Before,31.7,30,-87,1,71,37,male,male,straight,straight,no,no,native,native,highschool,highschool,1,sametown,0,black,0,Black,christian,protestant,3,4.33,5,3,4,6,2,2,independent,3,biden,8,5,2.46,5,4,5,4,3,5,0,0,0,0,1,0
RcJDTjcFp,HappyPigeon,Right,Before,14.3,40,-80,1,75,35,female,female,straight,straight,no,no,native,native,postgrad,masters,5,sameregion,2,white,0,White,NA,NA,2,3,3,4,1,4,1,1,democrat,2,biden,5,4,0.85,0,0,3,1,0,1,0,0,0,0,0,2
RMyjUYWjj,TenderMoose,Right,Before,34,34,-104,1,76,67,female,female,straight,straight,no,no,native,native,somecollege,twoyrcollege,3,manyregions,3,white,0,"White,Caucasian",christian,catholic,2,4.33,4,4,5,4,3,3,republican,5,trump,13,5,4.77,4,5,5,5,5,5,5,5,5,5,5,4
RhQxoitAv,GloriousSeal,Right,Before,13.8,26,-80,1,75,30,male,male,straight,straight,no,no,native,native,highschool,highschool,1,samestate,1,hispanic,0,Hispanic,other,other,0,4.67,4,4,5,5,2,2,republican,5,novote,5,5,1.23,3,5,3,1,0,0,0,0,0,0,0,0
RECLmKNVQ,HonestLion,Right,Before,23,48,-117,1,75,74,male,male,straight,straight,no,no,native,native,NA,NA,NA,someabroad,4,white,0,Caucasian,other,other,2,3.67,4,3,4,4,1,2,democrat,2,biden,10,5,2.46,3,4,5,3,0,3,1,5,1,0,2,NA
RIVeIsISS,MindfulFerret,Right,Before,65.6,42,-71,1,75,57,male,male,straight,straight,no,no,good,proficient,NA,NA,NA,mostlyabroad,6,asian,0,Asian,christian,catholic,2,2.33,3,2,4,1,1,0,democrat,0,biden,6,5,1.08,5,1,1,0,0,1,0,0,0,0,1,0
RYwdtOcyG,JoyfulAardvark,Right,Before,21.4,35,-107,1,75,58,female,female,straight,straight,no,no,native,native,somecollege,twoyrcollege,3,manyregions,3,NA,0,"White,Hispanic",christian,catholic,3,5,5,5,5,5,2,3,republican,5,trump,7,5,2.23,4,4,4,4,5,4,0,0,0,0,4,0
RlbtttHMJ,InnovativeGrasshopper,Right,Before,25.4,39,-121,1,76,43,male,male,straight,straight,no,no,native,native,NA,NA,NA,manyregions,3,black,0,Black,other,other,3,6,6,6,6,6,4,4,republican,6,trump,10,5,3.46,5,5,5,5,5,5,0,3,0,5,2,0
RlcCbAvbV,ConfidentWildebeest,Right,Before,29.4,36,-79,1,75,56,female,female,straight,straight,no,no,native,native,undergrad,fouryrcollege,4,someabroad,4,white,0,"White,Caucasian",none,agnostic,0,3,4,3,4,2,2,1,democrat,2,biden,8,5,2.08,5,4,4,3,0,4,0,2,0,0,1,0
RqrwvlDMJ,SincereLadybug,Right,Before,15.3,35,-94,1,75,47,female,female,straight,straight,no,no,native,native,undergrad,fouryrcollege,4,samestate,1,white,0,White,christian,protestant,1,4,4,4,4,4,2,1,republican,5,novote,8,5,2.15,5,5,1,5,4,3,0,2,0,0,0,0
RYXdupqZk,ThrivingImpala,Right,Before,41.6,33,-87,1,75,49,female,female,straight,straight,no,no,native,native,NA,NA,NA,sameregion,2,black,0,Black,NA,NA,3,2.33,2,3,3,1,0,0,independent,3,novote,8,5,1.77,4,3,2,2,1,3,0,0,0,0,3,0
RXNJhoAKj,ImpressiveBison,Right,Before,24.4,35,-82,1,76,57,male,male,straight,straight,no,no,native,native,undergrad,fouryrcollege,4,manyregions,3,white,0,White,none,agnostic,0,4,5,3,5,4,2,2,democrat,1,biden,3,4,0.62,0,0,4,0,0,0,0,0,0,0,3,0
RXPrRGuhW,EnrichingLorikeet,Right,Before,24.4,27,-80,1,75,70,female,female,straight,straight,no,no,native,native,undergrad,fouryrcollege,4,manyregions,3,white,0,White,jewish,jewish,2,5.33,4,5,5,6,2,1,democrat,1,biden,5,4,1,4,3,0,4,0,0,0,0,0,0,0,1
RorutAXNj,OutstandingSeahorse,Right,Before,19.7,42,-71,1,75,65,female,female,straight,straight,no,no,native,native,undergrad,fouryrcollege,4,manyregions,3,white,0,"White,Caucasian",christian,catholic,2,5.67,6,6,6,5,4,4,republican,4,trump,6,5,1.92,5,3,3,0,0,4,0,0,0,0,5,0
RptDdfymm,KnowledgeableJellyfish,Right,Before,19.2,32,-94,1,75,70,female,female,straight,straight,no,no,native,native,NA,NA,NA,samestate,1,white,0,White,christian,catholic,2,3.33,3,2,4,4,1,0,republican,6,trump,9,5,2.85,5,5,5,4,4,5,0,0,0,4,1,0
RzuoCLCRf,FaithfulChimpanzee,Right,Before,22.2,34,-84,1,75,31,male,male,straight,straight,no,no,native,native,undergrad,fouryrcollege,4,someabroad,4,black,0,Black,none,agnostic,0,4.67,5,4,4,6,3,3,independent,3,biden,3,5,1,0,0,5,0,0,0,0,0,0,0,3,0
RRtkqHPcu,BubblyDog,Right,Before,24.7,42,-76,1,75,57,female,female,straight,straight,no,no,native,native,NA,NA,NA,sametown,0,white,0,"White,Caucasian",mormon,mormon,2,2,1,3,1,2,1,0,republican,5,trump,7,5,1.62,5,1,5,4,0,1,0,0,0,0,1,0
RWQWZkLib,SympatheticWoodpecker,Right,Before,17.6,40,-83,1,76,66,male,male,straight,straight,no,no,native,native,postgrad,phd,7,manyregions,3,white,0,"White,Caucasian",christian,protestant,3,5.33,5,6,4,6,3,3,republican,5,trump,1,3,0.23,0,0,0,0,0,0,0,0,0,0,3,0
RcqiGBIWB,CalmLynx,Right,Before,35.4,41,-74,1,75,63,female,female,straight,straight,no,no,native,native,undergrad,fouryrcollege,4,manyregions,3,white,0,"White,Caucasian",other,other,1,4,4,5,3,4,2,1,democrat,1,biden,8,4,1.23,1,3,4,1,1,2,0,0,0,0,2,0
RhjAkqWfx,DazzlingManatee,Right,Before,13.1,27,-82,1,75,67,female,female,straight,straight,no,no,native,native,highschool,highschool,1,sameregion,2,white,0,"White,Caucasian",none,agnostic,0,5,5,5,5,5,0,0,republican,5,trump,7,5,1.69,5,3,4,0,1,5,0,0,0,0,0,1
RtjbpdEFW,PositiveTurkey,Right,Before,15,35,-81,1,75,64,female,female,gay,lesbian,no,yes,native,native,postgrad,masters,5,sametown,0,white,0,Caucasian,none,agnostic,0,4.67,5,4,5,5,4,4,democrat,0,biden,12,5,4,4,4,5,5,4,4,5,5,3,4,5,0
RxBheWwbe,NeatLemur,Right,Before,20.3,28,-83,1,75,66,male,male,straight,straight,no,no,native,native,undergrad,fouryrcollege,4,manyregions,3,white,0,White,christian,protestant,1,3.67,4,2,5,4,0,1,independent,3,trump,8,5,1.77,4,1,3,5,0,4,0,0,0,1,1,NA
RbBlmBela,QualifiedSalamander,Right,Before,22,39,-95,1,75,68,male,male,straight,straight,no,no,native,native,postgrad,prof,6,manyregions,3,white,0,White,other,other,0,4.67,4,4,5,5,2,3,independent,3,biden,4,4,1.15,0,0,4,0,0,4,0,0,0,0,0,4
RqjoQdzFP,HarmoniousViper,Right,Before,24.3,34,-87,1,75,58,female,female,straight,straight,no,no,native,native,highschool,nodiploma,0,sametown,0,white,0,White,christian,protestant,2,2.67,3,3,3,2,1,0,independent,3,biden,4,4,0.85,0,4,1,0,0,4,0,0,0,0,0,0
RgqMcQKTA,BoldCricket,Right,Before,33,42,-83,1,76,62,female,female,straight,straight,no,no,native,native,somecollege,twoyrcollege,3,manyregions,3,white,0,White,christian,protestant,1,4,4,4,4,4,3,2,democrat,1,biden,5,4,0.69,4,1,0,1,0,0,0,0,0,0,2,0
RnKJLErjF,JubilantCat,Right,Before,29,25,-80,1,75,32,male,male,straight,straight,no,no,native,native,undergrad,fouryrcollege,4,sametown,0,white,0,White,christian,catholic,0,5,6,5,6,4,2,2,republican,6,trump,6,5,2.08,5,5,5,0,0,5,0,0,0,0,3,0
RKNdzyQRf,DiligentEgret,Right,Before,25,30,-87,1,74,61,male,male,straight,straight,no,no,native,native,NA,NA,NA,sameregion,2,NA,0,"White,Caucasian,Other",christian,protestant,2,3.33,4,4,4,2,1,1,republican,6,trump,7,5,2.46,5,5,4,0,0,5,0,0,0,0,4,4
RSHbabwCm,NotableHummingbird,Right,Before,15.3,32,-94,1,75,44,female,female,queer,bipan,no,yes,native,native,NA,NA,NA,samestate,1,NA,0,"White,Korean",none,agnostic,0,2.33,3,2,2,3,1,2,independent,3,biden,3,5,0.92,0,2,5,0,0,0,0,0,0,0,0,0
RacaMugsp,WelcomingFrog,Right,Before,30.4,39,-77,1,76,44,female,female,straight,straight,no,no,native,native,undergrad,fouryrcollege,4,sameregion,2,black,0,Black,christian,protestant,1,4,5,5,4,3,3,3,independent,3,biden,7,5,1.77,4,5,4,1,0,0,0,4,0,0,1,NA
RLedeoQsA,InspiringCrab,Right,Before,16.8,35,-98,1,75,59,female,female,straight,straight,no,no,native,native,somecollege,twoyrcollege,3,sameregion,2,white,0,White,christian,protestant,3,4.33,4,6,5,2,2,0,republican,5,trump,3,5,0.85,5,0,3,0,0,0,0,0,0,0,0,0
RIFokvZUT,VividMacaw,Right,Before,16.3,30,-98,1,76,49,male,male,straight,straight,no,no,native,native,undergrad,fouryrcollege,4,samestate,1,hispanic,0,Hispanic,christian,catholic,1,4.67,4,5,5,4,3,2,republican,5,biden,5,5,1.38,0,0,4,1,0,5,0,0,0,0,4,0
RXPHKEMvL,ObservantBadger,Right,Before,36.7,30,-98,1,75,53,female,female,straight,straight,no,no,native,native,undergrad,fouryrcollege,4,manyregions,3,white,0,White,other,other,0,3.67,4,4,4,3,1,0,democrat,0,biden,5,5,1.54,5,4,4,0,0,0,0,0,0,0,4,0
RbcqHuPvg,GentleTrout,Right,Before,18,30,-98,1,76,65,female,female,queer,bipan,no,yes,native,native,postgrad,masters,5,samestate,1,white,0,White,other,other,1,4,4,4,4,4,2,1,independent,3,other,8,5,2.23,5,3,3,3,0,5,0,0,0,0,2,3
RQQAHmxmF,HopefulKiwi,Right,Before,29.4,41,-76,1,73,55,male,male,straight,straight,no,no,native,native,highschool,highschool,1,sametown,0,white,0,"White,Caucasian",christian,protestant,1,1,0,0,2,1,0,0,independent,3,novote,8,5,1.31,1,1,3,0,0,2,0,0,0,1,1,3
RdiFroHkb,LaudableStingray,Right,Before,69.4,33,-80,1,75,50,male,male,straight,straight,no,no,native,native,undergrad,fouryrcollege,4,someabroad,4,black,0,"African,Black",christian,protestant,3,4,4,3,5,4,2,3,democrat,2,biden,6,5,1.92,5,0,4,0,0,0,0,4,0,0,3,4
RRqikxYak,FlexiblePig,Right,Before,18.4,41,-74,1,74,46,male,male,straight,straight,no,no,native,native,highschool,highschool,1,sametown,0,white,0,"White,Caucasian",christian,catholic,2,5.67,6,6,6,5,2,2,republican,6,trump,4,5,0.77,5,0,1,0,0,1,0,0,0,0,0,0
RUeSeKbFU,JudiciousFox,Right,Before,19.5,36,-98,1,73,63,female,female,straight,straight,no,no,native,native,somecollege,twoyrcollege,3,sametown,0,white,0,White,christian,protestant,3,4.33,4,4,5,4,2,2,republican,6,trump,6,5,1.62,5,2,0,2,0,5,0,0,0,2,0,0
RKxAQCOtl,WarmShark,Right,Before,18.7,30,-95,1,75,31,female,female,straight,straight,no,no,native,native,undergrad,fouryrcollege,4,manyregions,3,NA,0,"White,Hispanic",none,atheist,0,2,2,2,2,2,1,1,democrat,1,biden,5,4,1.23,2,4,4,0,0,0,0,0,0,0,0,3
RGLElMmpv,FlourishingMagpie,Right,Before,36.6,39,-105,1,77,30,female,female,straight,straight,no,no,native,native,postgrad,masters,5,someabroad,4,NA,0,"White,Japanese",none,atheist,0,5.67,6,6,6,5,3,2,democrat,0,biden,5,5,1,5,3,2,0,0,0,0,0,0,0,1,0
RfIjcyvrH,MajesticYak,Right,Before,25.6,34,-118,1,76,47,male,male,straight,straight,no,no,native,native,highschool,highschool,1,sametown,0,hispanic,0,Latin American,christian,catholic,3,5,4,5,5,5,2,2,independent,3,biden,4,5,1.15,3,4,0,3,0,0,0,0,0,0,0,0
RBWsIabZj,GracefulPheasant,Right,Before,23.6,28,-83,1,75,43,female,female,straight,straight,no,no,native,native,NA,NA,NA,manyregions,3,white,0,White,none,agnostic,0,5,6,5,4,6,3,3,independent,3,NA,5,5,1.54,3,3,5,0,NA,5,NA,NA,NA,NA,NA,NA
RjDsIitac,EmpatheticWalrus,Right,Before,33,34,-84,1,75,76,male,male,straight,straight,no,no,native,native,somecollege,twoyrcollege,3,manyregions,3,white,0,Caucasian,none,atheist,0,4.33,5,5,4,4,1,1,NA,NA,trump,5,5,1.23,5,1,3,0,0,0,0,0,0,0,3,0
RtZUkgnPc,WholesomeSparrow,Right,Before,10.7,36,-79,1,75,21,male,male,queer,bipan,no,yes,native,native,NA,NA,NA,sametown,0,white,0,"White,Caucasian",none,atheist,0,3.33,3,4,3,3,3,2,independent,3,novote,7,5,2,0,4,5,1,5,4,0,0,0,0,2,0
RytALFYgN,IdealDonkey,Right,Before,27.4,36,-80,1,75,61,female,female,straight,straight,no,no,native,native,undergrad,fouryrcollege,4,samestate,1,white,0,White,christian,protestant,3,5,5,4,5,6,2,4,republican,5,trump,2,4,0.54,3,0,0,0,0,0,0,0,0,0,0,0
RsIDyJmLx,ValorousBeaver,Right,Before,24.5,38,-88,1,76,62,female,female,straight,straight,no,no,native,native,NA,NA,NA,samestate,1,white,0,White,christian,protestant,3,2,2,1,3,2,2,1,republican,6,trump,6,5,1.62,5,3,0,3,0,3,0,5,0,0,0,0
RFIGyIePA,BlissfulGorilla,Right,Before,27.8,41,-85,1,77,59,female,female,straight,straight,no,no,native,native,undergrad,fouryrcollege,4,sametown,0,white,0,White,other,pagan,1,2,3,2,2,2,0,1,democrat,0,biden,2,5,0.77,5,0,0,0,0,0,0,0,0,0,0,0
RrjNNVvnK,CharismaticCamel,Right,Before,16.4,41,-112,1,76,58,male,male,straight,straight,no,no,native,native,undergrad,fouryrcollege,4,samestate,1,white,0,White,none,atheist,0,3,4,3,4,2,2,1,democrat,1,biden,7,5,2,4,0,5,0,0,5,4,0,1,0,3,0
RXYnVQNLa,CarefreeDragon,Right,Before,25.7,34,-84,1,75,28,male,male,straight,straight,no,no,native,native,NA,NA,NA,samestate,1,NA,1,"Caucasian,African,Black,Native American,Indigenous,Middle Eastern,Hispanic,Other",none,agnostic,0,2,2,2,2,2,1,0,independent,3,trump,8,5,2,1,5,5,5,1,3,0,0,0,0,1,0
RQYeHLEBJ,JustJaguar,Right,Before,16.9,46,-123,1,74,44,male,male,straight,straight,no,no,native,native,postgrad,masters,5,sametown,0,white,0,White,none,agnostic,0,4.33,5,5,6,2,3,4,democrat,1,biden,5,4,1.46,0,4,4,0,0,4,0,3,0,0,0,0
RWnAFpHeG,OptimisticTortoise,Right,Before,27.3,35,-85,1,75,51,male,male,straight,straight,no,no,native,native,NA,NA,NA,manyregions,3,white,0,"White,Caucasian",christian,protestant,1,4.67,5,4,5,5,2,3,republican,5,novote,8,5,1.85,3,2,5,1,4,2,0,0,0,0,2,0
RKrMdDpzS,DaringKookaburra,Right,Before,20.2,21,-158,1,77,30,male,male,straight,straight,no,no,native,native,undergrad,fouryrcollege,4,samestate,1,white,0,White,none,atheist,0,4.67,5,4,5,5,3,3,democrat,2,biden,8,5,2.38,3,4,5,4,3,5,0,0,0,0,2,0
RCvPoPOaV,EsteemedNumbat,Right,Before,29,42,-82,1,76,68,female,female,straight,straight,no,no,native,native,postgrad,masters,5,sameregion,2,white,0,White,christian,catholic,3,5,5,5,5,5,2,2,democrat,0,biden,2,4,0.62,4,4,0,0,0,0,0,0,0,0,0,0
RYrsiPrvo,SplendidCockatoo,Right,Before,18.2,34,-118,1,75,52,female,nbqueer,queer,queer,no,yes,native,native,postgrad,masters,5,someabroad,4,white,0,White,none,atheist,0,1,1,0,2,1,0,0,independent,3,biden,9,4,1.62,2,1,2,4,1,4,0,0,3,0,1,NA
RhuAXrYff,PassionateAlligator,Right,Before,79.4,41,-74,1,77,24,female,female,queer,queer,no,yes,good,fluent,somecollege,twoyrcollege,3,sametown,0,NA,0,"Black,Hispanic",other,other,0,3,4,3,3,3,2,2,republican,4,biden,5,5,1.92,0,5,5,5,0,5,0,0,0,0,0,0
RkGRhGoah,AmbitiousKoala,Right,Before,41.1,38,-122,1,75,27,male,male,straight,straight,no,no,native,native,NA,NA,NA,samestate,1,NA,0,"White,Hispanic",christian,protestant,3,3,4,3,3,3,2,1,republican,4,novote,4,5,0.77,0,1,1,0,0,3,0,0,0,0,0,0
RMWwBaUce,AmiableLeopard,Right,Before,14.4,41,-74,1,75,NA,female,female,gay,lesbian,no,yes,native,native,undergrad,fouryrcollege,4,sametown,0,NA,0,"White,Asian",none,atheist,0,3,3,3,3,3,2,2,independent,3,biden,5,5,1.38,0,1,5,0,0,5,2,0,0,0,0,0
RTobuAScs,QuaintPanther,Right,Before,45.5,58,-135,1,76,58,male,male,straight,straight,no,no,native,native,somecollege,twoyrcollege,3,someabroad,4,white,0,"White,Caucasian",christian,protestant,0,4.67,5,5,5,4,1,2,democrat,0,biden,2,5,0.69,4,0,0,0,0,0,0,0,0,0,0,0
RcdZopeiP,GraciousHyena,Right,Before,23.9,34,-118,1,75,23,male,male,straight,straight,no,no,native,native,undergrad,fouryrcollege,4,samestate,1,NA,0,"White,Asian",none,agnostic,0,1.67,1,3,1,1,0,0,independent,3,biden,6,5,1.77,1,5,4,0,0,5,0,0,0,0,3,0
RvizZFbau,LovingFireworm,Right,Before,29.8,30,-94,1,75,22,female,female,straight,straight,no,no,native,native,highschool,highschool,1,sameregion,2,NA,0,"White,Hispanic",none,agnostic,1,3,4,4,2,3,1,0,republican,4,novote,8,5,2.31,5,4,4,5,4,3,0,0,0,0,1,NA
RUziBQvba,EnchantingHawk,Right,Before,30,34,-82,1,77,36,female,female,straight,straight,no,no,native,native,NA,NA,NA,manyregions,3,white,0,White,other,other,3,5,5,5,5,5,1,1,republican,4,trump,7,5,1.92,5,5,3,1,NA,0,0,0,0,3,4,NA
RWdWvUJLY,CooperativeTurtle,Right,Before,34.9,36,-80,1,75,47,male,male,straight,straight,no,no,native,native,NA,NA,NA,manyregions,3,asian,0,Asian,none,agnostic,3,3,3,3,3,3,0,1,independent,3,novote,2,4,0.38,0,0,1,0,0,0,0,0,0,0,0,0
ReFoGQAkB,KeenCrow,Right,Before,30.8,35,-107,1,77,62,female,nbqueer,queer,queer,no,yes,native,native,postgrad,masters,5,manyregions,3,white,0,"White,Caucasian",other,other,0,2,2,2,2,2,1,0,democrat,0,biden,7,4,2,4,4,3,4,0,0,0,4,0,0,3,0
RQxSylmxc,CourteousWombat,Right,Before,25.9,35,-97,1,76,51,female,female,straight,straight,no,no,native,native,somecollege,twoyrcollege,3,samestate,1,NA,0,"White,Native American",christian,protestant,3,2,2,2,3,1,1,0,independent,3,trump,6,5,1.31,5,3,4,1,1,3,0,0,0,0,0,0
RqPltPoiZ,YoungReindeer,Right,Before,30.7,39,-121,1,75,59,female,female,straight,straight,no,no,native,native,undergrad,fouryrcollege,4,someabroad,4,white,0,"White,Caucasian",other,other,3,4.67,6,4,5,5,2,3,independent,3,biden,3,4,0.62,3,0,0,0,0,0,0,0,0,0,1,0
RqPYFLfMk,LovableDuck,Right,Before,39.4,35,-92,1,73,35,male,male,straight,straight,no,no,native,native,undergrad,fouryrcollege,4,manyregions,3,white,0,White,christian,protestant,3,3.67,4,4,4,3,3,2,independent,3,novote,7,5,2.08,4,5,5,3,0,5,0,0,0,0,1,0
RSKiXKQpG,AmazingHorse,Right,Before,18.4,41,-74,1,77,30,female,male,straight,straight,yes,yes,native,native,postgrad,masters,5,sametown,0,black,0,Black,other,other,0,2,3,2,1,3,2,1,independent,3,biden,7,5,2.38,5,3,5,3,0,5,0,0,0,0,5,NA
RcvPHgvLm,ExcellentMantis,Right,Before,19.8,28,-82,1,75,26,female,female,straight,straight,no,no,native,native,undergrad,fouryrcollege,4,manyregions,3,white,0,White,none,agnostic,0,3.33,4,4,2,4,3,3,democrat,1,novote,8,4,1.46,2,4,2,1,0,4,0,0,0,0,1,1
RGraIoRwL,MarvelousHare,Right,Before,63.4,44,-88,1,75,34,female,female,straight,straight,no,no,native,native,undergrad,fouryrcollege,4,sametown,0,white,0,White,christian,catholic,1,1.67,3,2,1,2,2,1,independent,3,biden,4,4,1,3,0,3,0,0,0,0,0,0,0,3,0
RwGuOQOaW,RadiantFalcon,Right,Before,34.4,34,-118,1,75,21,female,female,queer,bipan,no,yes,native,native,NA,NA,NA,sametown,0,asian,0,Chinese,none,agnostic,0,1.67,1,2,1,2,1,1,democrat,2,novote,5,5,1.46,1,4,5,0,0,0,0,0,0,0,4,0
RdwUQdfzN,ReliableCheetah,Right,Before,20.6,37,-76,1,75,61,male,male,straight,straight,no,no,native,native,undergrad,fouryrcollege,4,someabroad,4,white,0,"White,Caucasian",christian,protestant,0,5.33,5,6,6,4,1,1,independent,3,trump,9,5,2.38,3,5,3,1,4,5,0,0,0,1,0,5
RclHxGhGG,CompassionateHippopotamus,Right,Before,20.4,36,-80,1,77,39,NA,NA,NA,NA,no,no,native,native,undergrad,fouryrcollege,4,manyregions,3,white,0,White,eastern,buddhist,0,1,2,0,1,2,1,1,independent,3,biden,2,5,0.69,0,0,5,0,0,0,0,0,0,0,0,0
RxRFCfsFk,LightheartedEmu,Right,Before,40.5,41,-74,1,75,71,female,female,queer,bipan,no,yes,native,native,postgrad,masters,5,samestate,1,white,0,"White,Caucasian",christian,catholic,2,5.67,6,6,5,6,3,3,democrat,1,biden,8,5,2,4,4,4,4,0,3,0,1,0,0,1,NA
RQasGydXg,YearningRooster,Right,Before,18.8,33,-112,1,76,56,male,male,straight,straight,no,no,native,native,undergrad,fouryrcollege,4,manyregions,3,white,0,"White,Caucasian",christian,protestant,0,5.33,6,5,6,5,3,3,independent,3,other,4,4,0.69,3,0,4,0,0,0,0,0,0,0,1,0
RtFRSLvqm,SmilingMouse,Right,Before,29,37,-95,1,75,56,female,female,straight,straight,no,no,native,native,NA,NA,NA,samestate,1,white,0,"White,Caucasian",christian,protestant,0,5,5,5,5,5,3,4,republican,6,trump,4,4,0.54,4,1,0,1,0,1,0,0,0,0,0,0
RzpZBSJIL,EloquentBumblebee,Right,Before,48.6,30,-90,1,70,46,male,male,straight,straight,no,no,native,native,highschool,nodiploma,0,sametown,0,black,0,African,christian,protestant,2,3.33,4,4,3,3,1,0,democrat,2,biden,5,5,1.15,0,0,2,1,0,5,0,0,0,0,2,0
RSTFUfdrr,UpbeatCougar,Right,Before,22,36,-79,1,75,37,male,male,straight,straight,no,no,native,native,undergrad,fouryrcollege,4,samestate,1,white,0,White,none,atheist,0,3,3,3,2,4,1,1,independent,3,biden,4,4,1.08,4,3,4,0,0,0,0,0,0,0,0,0
RqquYZMzi,GleefulOstrich,Right,Before,18,34,-118,1,77,63,female,female,straight,straight,no,no,native,native,somecollege,twoyrcollege,3,samestate,1,white,0,White,none,atheist,0,1.33,1,2,1,1,1,0,republican,4,trump,6,5,1.62,4,2,3,0,NA,5,NA,NA,NA,NA,3,NA
RsECgyDOI,CreativePossum,Right,Before,28.3,30,-96,1,75,29,female,female,straight,straight,no,no,native,native,NA,NA,NA,sametown,0,black,0,Black,none,atheist,0,1.33,1,0,1,3,0,0,democrat,0,novote,5,4,1.15,1,4,2,0,0,4,0,0,0,0,0,0
RdnDNBads,PlayfulGecko,Right,Before,15.7,38,-122,1,75,50,male,male,straight,straight,no,no,native,native,postgrad,masters,5,samestate,1,NA,0,"White,Indian",NA,NA,1,4.67,5,4,5,5,3,3,democrat,2,biden,8,4,1.92,2,3,3,4,4,3,0,0,0,0,2,0
RcaqYviRX,NobleLobster,Right,Before,25.7,42,-72,1,75,54,female,female,straight,straight,no,no,native,native,undergrad,fouryrcollege,4,samestate,1,NA,1,"White,Caucasian,Middle Eastern,Arab,Palestinian",christian,catholic,1,3,3,2,4,3,2,1,independent,3,trump,8,4,1.92,0,4,4,2,0,4,0,0,0,3,2,2
RLLLrLOyR,KindheartedPuma,Right,Before,29.8,33,-117,1,75,48,male,male,straight,straight,no,no,native,native,somecollege,twoyrcollege,3,sametown,0,hispanic,0,Hispanic,christian,catholic,2,3.33,5,3,4,3,2,1,independent,3,norecall,4,2,0.38,1,1,0,0,0,0,0,0,0,0,1,0
RkuIGRUgM,ResourcefulAntelope,Right,Before,24.9,47,-105,1,75,24,male,male,straight,straight,no,no,native,native,NA,NA,NA,sametown,0,white,0,"White,Caucasian",none,agnostic,0,1.67,4,2,1,2,2,1,independent,3,norecall,9,5,1.54,1,3,4,1,1,3,0,1,0,0,1,0
RQDfnCVUm,ResilientOtter,Right,Before,23,34,-85,1,75,59,female,female,gay,lesbian,no,yes,native,native,NA,NA,NA,manyregions,3,black,0,Black,other,other,3,4,4,4,6,2,0,0,democrat,0,biden,7,5,2.31,5,5,2,5,0,5,0,0,0,0,3,0
RJmsfQtXn,JoyousWallaby,Right,Before,51.1,43,-83,1,75,27,male,male,queer,bipan,no,yes,native,native,highschool,highschool,1,samestate,1,white,0,"White,Caucasian",none,atheist,0,2,1,2,1,3,1,2,independent,3,trump,3,5,1,0,0,3,0,0,5,0,0,0,0,0,0
RFyqCKFpz,UnderstandingKingfisher,Right,Before,37.5,39,-82,1,76,64,female,female,straight,straight,no,no,native,native,postgrad,masters,5,samestate,1,white,0,Caucasian,other,other,3,4,5,4,4,4,2,2,independent,3,novote,5,3,0.69,1,1,3,0,0,0,0,0,0,0,1,0
RYMLxIXkw,ForgivingPenguin,Right,Before,18.2,33,-97,1,76,38,female,female,straight,straight,no,no,native,native,somecollege,twoyrcollege,3,manyregions,3,white,0,"White,Caucasian",other,other,3,4.67,6,5,5,4,3,2,republican,6,trump,7,5,1.31,5,1,0,3,3,0,0,0,0,1,1,0
RyHVMtoXW,TrustworthySquid,Right,Before,32.3,42,-71,1,75,24,female,female,straight,straight,no,no,native,native,undergrad,fouryrcollege,4,sametown,0,asian,0,Asian,muslim,muslim,2,3.67,5,6,3,2,3,3,democrat,2,biden,4,5,1.15,0,0,3,5,4,0,0,0,0,0,0,0
RXiUkuAap,CleverPelican,Right,Before,18.6,40,-77,1,77,58,male,male,straight,straight,no,no,native,native,somecollege,twoyrcollege,3,manyregions,3,white,0,White,christian,protestant,2,5.33,5,4,6,6,2,2,independent,3,novote,5,5,1.08,3,0,5,1,0,2,0,0,0,0,0,0
RkHFBYRxD,CourageousBilby,Right,Before,26.1,32,-81,1,76,60,female,female,straight,straight,no,no,native,native,postgrad,masters,5,sametown,0,white,0,White,christian,protestant,3,5,5,5,5,5,3,3,republican,6,trump,6,5,1.31,5,2,3,0,0,1,0,0,0,0,3,0
RfWXqTvtr,BrilliantOwl,Right,Before,27,27,-82,1,75,51,female,female,straight,straight,no,no,native,native,undergrad,fouryrcollege,4,sameregion,2,white,0,"White,Caucasian",christian,protestant,0,2.33,5,2,2,3,3,4,democrat,2,biden,5,4,1.08,3,1,4,0,0,0,0,0,0,0,3,0
RMNejIzMb,AffectionateWhale,Right,Before,27.2,39,-105,1,75,38,female,female,queer,queer,no,yes,native,native,postgrad,masters,5,manyregions,3,NA,0,"White,Caucasian,Other",christian,catholic,1,4,3,5,3,4,1,1,democrat,0,biden,7,4,1.46,0,3,4,3,1,4,0,0,0,0,1,0
RJjmdnnDz,MagnificentBuffalo,Right,Before,40.1,41,-80,1,75,37,female,female,straight,straight,no,no,native,native,postgrad,masters,5,samestate,1,white,0,"White,Caucasian",christian,protestant,3,1.33,1,2,1,1,2,1,independent,3,biden,7,5,1.92,5,5,5,4,1,0,0,0,0,0,1,0
RgeUvPxRe,TranquilFlamingo,Right,Before,67.3,39,-77,1,76,64,female,female,NA,NA,no,no,native,native,NA,NA,NA,sametown,0,white,0,White,none,agnostic,0,4,2,4,2,6,1,0,independent,3,biden,4,5,1.23,0,0,5,0,0,3,0,0,0,0,0,4
RMHojlfES,VirtuousArmadillo,Right,Before,19.6,41,-74,1,76,19,male,male,queer,bipan,no,yes,native,native,NA,NA,NA,samestate,1,indian,0,Indian,christian,protestant,1,1.33,4,1,2,1,1,1,democrat,1,novote,9,5,1.85,1,1,3,1,1,5,0,0,0,0,2,5
RfnDFKxze,AdaptablePorcupine,Right,Before,21.9,44,-123,1,77,45,male,male,straight,straight,no,no,native,native,undergrad,fouryrcollege,4,someabroad,4,white,0,"White,Caucasian",none,atheist,0,3.67,4,4,3,4,3,1,democrat,0,biden,8,4,1.31,1,4,3,0,0,1,0,1,2,0,2,0
RRoSLurOF,CharitableGoat,Right,Before,33.3,40,-84,1,75,54,female,female,queer,bipan,no,yes,native,native,somecollege,twoyrcollege,3,manyregions,3,white,0,"White,Caucasian",none,agnostic,0,1.67,2,2,2,1,0,0,democrat,0,biden,5,5,0.92,5,1,2,0,0,0,0,0,0,0,1,0
RMXFJNNWZ,ImaginativeHedgehog,Right,Before,22.8,41,-84,1,75,23,female,female,straight,straight,no,no,native,native,undergrad,fouryrcollege,4,samestate,1,black,0,Black,christian,protestant,2,2.67,3,2,2,4,2,0,democrat,1,biden,7,5,2,5,5,0,5,4,5,0,0,0,0,1,NA
RnzRgWqmR,BraveGazelle,Right,Before,39.3,33,-87,1,76,41,female,female,queer,bipan,no,yes,native,native,NA,NA,NA,manyregions,3,white,0,White,none,atheist,0,2,3,2,2,2,2,2,independent,3,novote,7,4,1.31,3,1,4,3,1,0,0,0,0,0,1,0
RSYlYWErj,SunnyFinch,Right,Before,19.9,36,-80,1,76,56,female,female,straight,straight,no,no,native,native,undergrad,fouryrcollege,4,sameregion,2,white,0,White,christian,catholic,2,4.33,3,6,3,4,2,2,independent,3,novote,6,4,1.23,3,1,4,3,0,0,0,0,0,0,1,0
RGgvrsqCT,HelpfulBee,Right,Before,21.1,29,-81,1,75,43,male,male,straight,straight,no,no,native,native,undergrad,fouryrcollege,4,manyregions,3,white,0,White,none,atheist,0,0.67,2,1,1,0,0,0,republican,4,novote,5,4,1.08,3,0,1,0,0,4,0,0,0,0,2,0
RMWwBaUce,AmiableLeopard,Right,After,839,41,-74,1,NA,NA,NA,NA,NA,NA,NA,NA,NA,NA,NA,NA,NA,NA,NA,NA,NA,NA,NA,NA,NA,NA,NA,NA,NA,NA,NA,NA,NA,NA,NA,NA,NA,NA,NA,NA,NA,NA,NA,NA,NA,NA,NA,NA,NA,NA
RmrMdbGoQ,JollyOctopus,Right,After,1564,31,-98,1,NA,NA,NA,NA,NA,NA,NA,NA,NA,NA,NA,NA,NA,NA,NA,NA,NA,NA,NA,NA,NA,NA,NA,NA,NA,NA,NA,NA,NA,NA,NA,NA,NA,NA,NA,NA,NA,NA,NA,NA,NA,NA,NA,NA,NA,NA
RECLmKNVQ,HonestLion,Right,After,1339,48,-117,1,NA,NA,NA,NA,NA,NA,NA,NA,NA,NA,NA,NA,NA,NA,NA,NA,NA,NA,NA,NA,NA,NA,NA,NA,NA,NA,NA,NA,NA,NA,NA,NA,NA,NA,NA,NA,NA,NA,NA,NA,NA,NA,NA,NA,NA,NA
RQQAHmxmF,HopefulKiwi,Right,After,1503,41,-76,1,NA,NA,NA,NA,NA,NA,NA,NA,NA,NA,NA,NA,NA,NA,NA,NA,NA,NA,NA,NA,NA,NA,NA,NA,NA,NA,NA,NA,NA,NA,NA,NA,NA,NA,NA,NA,NA,NA,NA,NA,NA,NA,NA,NA,NA,NA
RptDdfymm,KnowledgeableJellyfish,Right,After,1381,32,-94,1,NA,NA,NA,NA,NA,NA,NA,NA,NA,NA,NA,NA,NA,NA,NA,NA,NA,NA,NA,NA,NA,NA,NA,NA,NA,NA,NA,NA,NA,NA,NA,NA,NA,NA,NA,NA,NA,NA,NA,NA,NA,NA,NA,NA,NA,NA
RWnAFpHeG,OptimisticTortoise,Right,After,1140,35,-85,1,NA,NA,NA,NA,NA,NA,NA,NA,NA,NA,NA,NA,NA,NA,NA,NA,NA,NA,NA,NA,NA,NA,NA,NA,NA,NA,NA,NA,NA,NA,NA,NA,NA,NA,NA,NA,NA,NA,NA,NA,NA,NA,NA,NA,NA,NA
ROZVUGSXm,EagerLamb,Right,After,1467,30,-87,1,NA,NA,NA,NA,NA,NA,NA,NA,NA,NA,NA,NA,NA,NA,NA,NA,NA,NA,NA,NA,NA,NA,NA,NA,NA,NA,NA,NA,NA,NA,NA,NA,NA,NA,NA,NA,NA,NA,NA,NA,NA,NA,NA,NA,NA,NA
RxBheWwbe,NeatLemur,Right,After,1362,28,-83,1,NA,NA,NA,NA,NA,NA,NA,NA,NA,NA,NA,NA,NA,NA,NA,NA,NA,NA,NA,NA,NA,NA,NA,NA,NA,NA,NA,NA,NA,NA,NA,NA,NA,NA,NA,NA,NA,NA,NA,NA,NA,NA,NA,NA,NA,NA
RQYeHLEBJ,JustJaguar,Right,After,1589,35,-81,1,NA,NA,NA,NA,NA,NA,NA,NA,NA,NA,NA,NA,NA,NA,NA,NA,NA,NA,NA,NA,NA,NA,NA,NA,NA,NA,NA,NA,NA,NA,NA,NA,NA,NA,NA,NA,NA,NA,NA,NA,NA,NA,NA,NA,NA,NA
RYwdtOcyG,JoyfulAardvark,Right,After,829,35,-107,1,NA,NA,NA,NA,NA,NA,NA,NA,NA,NA,NA,NA,NA,NA,NA,NA,NA,NA,NA,NA,NA,NA,NA,NA,NA,NA,NA,NA,NA,NA,NA,NA,NA,NA,NA,NA,NA,NA,NA,NA,NA,NA,NA,NA,NA,NA
RsECgyDOI,CreativePossum,Right,After,1839,30,-96,1,NA,NA,NA,NA,NA,NA,NA,NA,NA,NA,NA,NA,NA,NA,NA,NA,NA,NA,NA,NA,NA,NA,NA,NA,NA,NA,NA,NA,NA,NA,NA,NA,NA,NA,NA,NA,NA,NA,NA,NA,NA,NA,NA,NA,NA,NA
RcqiGBIWB,CalmLynx,Right,After,2007,41,-74,1,NA,NA,NA,NA,NA,NA,NA,NA,NA,NA,NA,NA,NA,NA,NA,NA,NA,NA,NA,NA,NA,NA,NA,NA,NA,NA,NA,NA,NA,NA,NA,NA,NA,NA,NA,NA,NA,NA,NA,NA,NA,NA,NA,NA,NA,NA
RacaMugsp,WelcomingFrog,Right,After,2954,39,-77,1,NA,NA,NA,NA,NA,NA,NA,NA,NA,NA,NA,NA,NA,NA,NA,NA,NA,NA,NA,NA,NA,NA,NA,NA,NA,NA,NA,NA,NA,NA,NA,NA,NA,NA,NA,NA,NA,NA,NA,NA,NA,NA,NA,NA,NA,NA
RUXQgQNoa,HeartfeltBandicoot,Right,After,2162,42,-86,1,NA,NA,NA,NA,NA,NA,NA,NA,NA,NA,NA,NA,NA,NA,NA,NA,NA,NA,NA,NA,NA,NA,NA,NA,NA,NA,NA,NA,NA,NA,NA,NA,NA,NA,NA,NA,NA,NA,NA,NA,NA,NA,NA,NA,NA,NA
RGraIoRwL,MarvelousHare,Right,After,3514,44,-88,1,NA,NA,NA,NA,NA,NA,NA,NA,NA,NA,NA,NA,NA,NA,NA,NA,NA,NA,NA,NA,NA,NA,NA,NA,NA,NA,NA,NA,NA,NA,NA,NA,NA,NA,NA,NA,NA,NA,NA,NA,NA,NA,NA,NA,NA,NA
RqjoQdzFP,HarmoniousViper,Right,After,1318,34,-87,1,NA,NA,NA,NA,NA,NA,NA,NA,NA,NA,NA,NA,NA,NA,NA,NA,NA,NA,NA,NA,NA,NA,NA,NA,NA,NA,NA,NA,NA,NA,NA,NA,NA,NA,NA,NA,NA,NA,NA,NA,NA,NA,NA,NA,NA,NA
RrjNNVvnK,CharismaticCamel,Right,After,1034,41,-112,1,NA,NA,NA,NA,NA,NA,NA,NA,NA,NA,NA,NA,NA,NA,NA,NA,NA,NA,NA,NA,NA,NA,NA,NA,NA,NA,NA,NA,NA,NA,NA,NA,NA,NA,NA,NA,NA,NA,NA,NA,NA,NA,NA,NA,NA,NA
RgqMcQKTA,BoldCricket,Right,After,936,42,-83,1,NA,NA,NA,NA,NA,NA,NA,NA,NA,NA,NA,NA,NA,NA,NA,NA,NA,NA,NA,NA,NA,NA,NA,NA,NA,NA,NA,NA,NA,NA,NA,NA,NA,NA,NA,NA,NA,NA,NA,NA,NA,NA,NA,NA,NA,NA
RCvPoPOaV,EsteemedNumbat,Right,After,2092,41,-82,1,NA,NA,NA,NA,NA,NA,NA,NA,NA,NA,NA,NA,NA,NA,NA,NA,NA,NA,NA,NA,NA,NA,NA,NA,NA,NA,NA,NA,NA,NA,NA,NA,NA,NA,NA,NA,NA,NA,NA,NA,NA,NA,NA,NA,NA,NA
RhjAkqWfx,DazzlingManatee,Right,After,707,27,-82,1,NA,NA,NA,NA,NA,NA,NA,NA,NA,NA,NA,NA,NA,NA,NA,NA,NA,NA,NA,NA,NA,NA,NA,NA,NA,NA,NA,NA,NA,NA,NA,NA,NA,NA,NA,NA,NA,NA,NA,NA,NA,NA,NA,NA,NA,NA
RlcCbAvbV,ConfidentWildebeest,Right,After,2787,36,-79,1,NA,NA,NA,NA,NA,NA,NA,NA,NA,NA,NA,NA,NA,NA,NA,NA,NA,NA,NA,NA,NA,NA,NA,NA,NA,NA,NA,NA,NA,NA,NA,NA,NA,NA,NA,NA,NA,NA,NA,NA,NA,NA,NA,NA,NA,NA
RUeSeKbFU,JudiciousFox,Right,After,1866,35,-98,1,NA,NA,NA,NA,NA,NA,NA,NA,NA,NA,NA,NA,NA,NA,NA,NA,NA,NA,NA,NA,NA,NA,NA,NA,NA,NA,NA,NA,NA,NA,NA,NA,NA,NA,NA,NA,NA,NA,NA,NA,NA,NA,NA,NA,NA,NA
RWdWvUJLY,CooperativeTurtle,Right,After,1185,36,-80,1,NA,NA,NA,NA,NA,NA,NA,NA,NA,NA,NA,NA,NA,NA,NA,NA,NA,NA,NA,NA,NA,NA,NA,NA,NA,NA,NA,NA,NA,NA,NA,NA,NA,NA,NA,NA,NA,NA,NA,NA,NA,NA,NA,NA,NA,NA
RKNdzyQRf,DiligentEgret,Right,After,1248,30,-87,1,NA,NA,NA,NA,NA,NA,NA,NA,NA,NA,NA,NA,NA,NA,NA,NA,NA,NA,NA,NA,NA,NA,NA,NA,NA,NA,NA,NA,NA,NA,NA,NA,NA,NA,NA,NA,NA,NA,NA,NA,NA,NA,NA,NA,NA,NA
RzpZBSJIL,EloquentBumblebee,Right,After,2424,31,-90,1,NA,NA,NA,NA,NA,NA,NA,NA,NA,NA,NA,NA,NA,NA,NA,NA,NA,NA,NA,NA,NA,NA,NA,NA,NA,NA,NA,NA,NA,NA,NA,NA,NA,NA,NA,NA,NA,NA,NA,NA,NA,NA,NA,NA,NA,NA
RvizZFbau,LovingFireworm,Right,After,1700,30,-94,1,NA,NA,NA,NA,NA,NA,NA,NA,NA,NA,NA,NA,NA,NA,NA,NA,NA,NA,NA,NA,NA,NA,NA,NA,NA,NA,NA,NA,NA,NA,NA,NA,NA,NA,NA,NA,NA,NA,NA,NA,NA,NA,NA,NA,NA,NA
RMyjUYWjj,TenderMoose,Right,After,1229,34,-104,1,NA,NA,NA,NA,NA,NA,NA,NA,NA,NA,NA,NA,NA,NA,NA,NA,NA,NA,NA,NA,NA,NA,NA,NA,NA,NA,NA,NA,NA,NA,NA,NA,NA,NA,NA,NA,NA,NA,NA,NA,NA,NA,NA,NA,NA,NA
RcdZopeiP,GraciousHyena,Right,After,2139,34,-118,1,NA,NA,NA,NA,NA,NA,NA,NA,NA,NA,NA,NA,NA,NA,NA,NA,NA,NA,NA,NA,NA,NA,NA,NA,NA,NA,NA,NA,NA,NA,NA,NA,NA,NA,NA,NA,NA,NA,NA,NA,NA,NA,NA,NA,NA,NA
RmnEkTYSw,DevotedDolphin,Right,After,787,33,-117,1,NA,NA,NA,NA,NA,NA,NA,NA,NA,NA,NA,NA,NA,NA,NA,NA,NA,NA,NA,NA,NA,NA,NA,NA,NA,NA,NA,NA,NA,NA,NA,NA,NA,NA,NA,NA,NA,NA,NA,NA,NA,NA,NA,NA,NA,NA
RijzkQbRn,LavishPorpoise,Right,After,2191,40,-75,1,NA,NA,NA,NA,NA,NA,NA,NA,NA,NA,NA,NA,NA,NA,NA,NA,NA,NA,NA,NA,NA,NA,NA,NA,NA,NA,NA,NA,NA,NA,NA,NA,NA,NA,NA,NA,NA,NA,NA,NA,NA,NA,NA,NA,NA,NA
RjDsIitac,EmpatheticWalrus,Right,After,1420,34,-84,1,NA,NA,NA,NA,NA,NA,NA,NA,NA,NA,NA,NA,NA,NA,NA,NA,NA,NA,NA,NA,NA,NA,NA,NA,NA,NA,NA,NA,NA,NA,NA,NA,NA,NA,NA,NA,NA,NA,NA,NA,NA,NA,NA,NA,NA,NA
RlbtttHMJ,InnovativeGrasshopper,Right,After,1616,39,-121,1,NA,NA,NA,NA,NA,NA,NA,NA,NA,NA,NA,NA,NA,NA,NA,NA,NA,NA,NA,NA,NA,NA,NA,NA,NA,NA,NA,NA,NA,NA,NA,NA,NA,NA,NA,NA,NA,NA,NA,NA,NA,NA,NA,NA,NA,NA
RdiFroHkb,LaudableStingray,Right,After,3666,33,-80,1,NA,NA,NA,NA,NA,NA,NA,NA,NA,NA,NA,NA,NA,NA,NA,NA,NA,NA,NA,NA,NA,NA,NA,NA,NA,NA,NA,NA,NA,NA,NA,NA,NA,NA,NA,NA,NA,NA,NA,NA,NA,NA,NA,NA,NA,NA
RclHxGhGG,CompassionateHippopotamus,Right,After,778,36,-80,1,NA,NA,NA,NA,NA,NA,NA,NA,NA,NA,NA,NA,NA,NA,NA,NA,NA,NA,NA,NA,NA,NA,NA,NA,NA,NA,NA,NA,NA,NA,NA,NA,NA,NA,NA,NA,NA,NA,NA,NA,NA,NA,NA,NA,NA,NA
RYauDtJpw,VibrantGrizzly,Right,After,1199,39,-85,1,NA,NA,NA,NA,NA,NA,NA,NA,NA,NA,NA,NA,NA,NA,NA,NA,NA,NA,NA,NA,NA,NA,NA,NA,NA,NA,NA,NA,NA,NA,NA,NA,NA,NA,NA,NA,NA,NA,NA,NA,NA,NA,NA,NA,NA,NA
RhaHGiGCU,NurturingBat,Right,After,1790,33,-97,1,NA,NA,NA,NA,NA,NA,NA,NA,NA,NA,NA,NA,NA,NA,NA,NA,NA,NA,NA,NA,NA,NA,NA,NA,NA,NA,NA,NA,NA,NA,NA,NA,NA,NA,NA,NA,NA,NA,NA,NA,NA,NA,NA,NA,NA,NA
RRtkqHPcu,BubblyDog,Right,After,1404,42,-76,1,NA,NA,NA,NA,NA,NA,NA,NA,NA,NA,NA,NA,NA,NA,NA,NA,NA,NA,NA,NA,NA,NA,NA,NA,NA,NA,NA,NA,NA,NA,NA,NA,NA,NA,NA,NA,NA,NA,NA,NA,NA,NA,NA,NA,NA,NA
RcERxRqtZ,SupportiveRhinoceros,Right,After,1208,48,-117,1,NA,NA,NA,NA,NA,NA,NA,NA,NA,NA,NA,NA,NA,NA,NA,NA,NA,NA,NA,NA,NA,NA,NA,NA,NA,NA,NA,NA,NA,NA,NA,NA,NA,NA,NA,NA,NA,NA,NA,NA,NA,NA,NA,NA,NA,NA
RXPHKEMvL,ObservantBadger,Right,After,1091,30,-98,1,NA,NA,NA,NA,NA,NA,NA,NA,NA,NA,NA,NA,NA,NA,NA,NA,NA,NA,NA,NA,NA,NA,NA,NA,NA,NA,NA,NA,NA,NA,NA,NA,NA,NA,NA,NA,NA,NA,NA,NA,NA,NA,NA,NA,NA,NA
RwgEMOCZn,DependableDingo,Right,After,942,33,-97,1,NA,NA,NA,NA,NA,NA,NA,NA,NA,NA,NA,NA,NA,NA,NA,NA,NA,NA,NA,NA,NA,NA,NA,NA,NA,NA,NA,NA,NA,NA,NA,NA,NA,NA,NA,NA,NA,NA,NA,NA,NA,NA,NA,NA,NA,NA
RqrwvlDMJ,SincereLadybug,Right,After,732,35,-94,1,NA,NA,NA,NA,NA,NA,NA,NA,NA,NA,NA,NA,NA,NA,NA,NA,NA,NA,NA,NA,NA,NA,NA,NA,NA,NA,NA,NA,NA,NA,NA,NA,NA,NA,NA,NA,NA,NA,NA,NA,NA,NA,NA,NA,NA,NA
RszRPNhcN,GratefulChicken,Right,After,1314,37,-121,1,NA,NA,NA,NA,NA,NA,NA,NA,NA,NA,NA,NA,NA,NA,NA,NA,NA,NA,NA,NA,NA,NA,NA,NA,NA,NA,NA,NA,NA,NA,NA,NA,NA,NA,NA,NA,NA,NA,NA,NA,NA,NA,NA,NA,NA,NA
RhuAXrYff,PassionateAlligator,Right,After,3423,41,-74,1,NA,NA,NA,NA,NA,NA,NA,NA,NA,NA,NA,NA,NA,NA,NA,NA,NA,NA,NA,NA,NA,NA,NA,NA,NA,NA,NA,NA,NA,NA,NA,NA,NA,NA,NA,NA,NA,NA,NA,NA,NA,NA,NA,NA,NA,NA
RLedeoQsA,InspiringCrab,Right,After,1414,35,-98,1,NA,NA,NA,NA,NA,NA,NA,NA,NA,NA,NA,NA,NA,NA,NA,NA,NA,NA,NA,NA,NA,NA,NA,NA,NA,NA,NA,NA,NA,NA,NA,NA,NA,NA,NA,NA,NA,NA,NA,NA,NA,NA,NA,NA,NA,NA
RGgvrsqCT,HelpfulBee,Right,After,955,29,-81,1,NA,NA,NA,NA,NA,NA,NA,NA,NA,NA,NA,NA,NA,NA,NA,NA,NA,NA,NA,NA,NA,NA,NA,NA,NA,NA,NA,NA,NA,NA,NA,NA,NA,NA,NA,NA,NA,NA,NA,NA,NA,NA,NA,NA,NA,NA
ReFoGQAkB,KeenCrow,Right,After,1323,35,-107,1,NA,NA,NA,NA,NA,NA,NA,NA,NA,NA,NA,NA,NA,NA,NA,NA,NA,NA,NA,NA,NA,NA,NA,NA,NA,NA,NA,NA,NA,NA,NA,NA,NA,NA,NA,NA,NA,NA,NA,NA,NA,NA,NA,NA,NA,NA
RqquYZMzi,GleefulOstrich,Right,After,945,34,-118,1,NA,NA,NA,NA,NA,NA,NA,NA,NA,NA,NA,NA,NA,NA,NA,NA,NA,NA,NA,NA,NA,NA,NA,NA,NA,NA,NA,NA,NA,NA,NA,NA,NA,NA,NA,NA,NA,NA,NA,NA,NA,NA,NA,NA,NA,NA
RtZUkgnPc,WholesomeSparrow,Right,After,1469,36,-79,1,NA,NA,NA,NA,NA,NA,NA,NA,NA,NA,NA,NA,NA,NA,NA,NA,NA,NA,NA,NA,NA,NA,NA,NA,NA,NA,NA,NA,NA,NA,NA,NA,NA,NA,NA,NA,NA,NA,NA,NA,NA,NA,NA,NA,NA,NA
RRqikxYak,FlexiblePig,Right,After,2116,41,-74,1,NA,NA,NA,NA,NA,NA,NA,NA,NA,NA,NA,NA,NA,NA,NA,NA,NA,NA,NA,NA,NA,NA,NA,NA,NA,NA,NA,NA,NA,NA,NA,NA,NA,NA,NA,NA,NA,NA,NA,NA,NA,NA,NA,NA,NA,NA
RfnDFKxze,AdaptablePorcupine,Right,After,2014,46,-123,1,NA,NA,NA,NA,NA,NA,NA,NA,NA,NA,NA,NA,NA,NA,NA,NA,NA,NA,NA,NA,NA,NA,NA,NA,NA,NA,NA,NA,NA,NA,NA,NA,NA,NA,NA,NA,NA,NA,NA,NA,NA,NA,NA,NA,NA,NA
RXNJhoAKj,ImpressiveBison,Right,After,1029,35,-82,1,NA,NA,NA,NA,NA,NA,NA,NA,NA,NA,NA,NA,NA,NA,NA,NA,NA,NA,NA,NA,NA,NA,NA,NA,NA,NA,NA,NA,NA,NA,NA,NA,NA,NA,NA,NA,NA,NA,NA,NA,NA,NA,NA,NA,NA,NA
RYrsiPrvo,SplendidCockatoo,Right,After,2190,34,-118,1,NA,NA,NA,NA,NA,NA,NA,NA,NA,NA,NA,NA,NA,NA,NA,NA,NA,NA,NA,NA,NA,NA,NA,NA,NA,NA,NA,NA,NA,NA,NA,NA,NA,NA,NA,NA,NA,NA,NA,NA,NA,NA,NA,NA,NA,NA
RfIjcyvrH,MajesticYak,Right,After,780,34,-118,1,NA,NA,NA,NA,NA,NA,NA,NA,NA,NA,NA,NA,NA,NA,NA,NA,NA,NA,NA,NA,NA,NA,NA,NA,NA,NA,NA,NA,NA,NA,NA,NA,NA,NA,NA,NA,NA,NA,NA,NA,NA,NA,NA,NA,NA,NA
RdnDNBads,PlayfulGecko,Right,After,2963,38,-122,1,NA,NA,NA,NA,NA,NA,NA,NA,NA,NA,NA,NA,NA,NA,NA,NA,NA,NA,NA,NA,NA,NA,NA,NA,NA,NA,NA,NA,NA,NA,NA,NA,NA,NA,NA,NA,NA,NA,NA,NA,NA,NA,NA,NA,NA,NA
RXPrRGuhW,EnrichingLorikeet,Right,After,1263,27,-80,1,NA,NA,NA,NA,NA,NA,NA,NA,NA,NA,NA,NA,NA,NA,NA,NA,NA,NA,NA,NA,NA,NA,NA,NA,NA,NA,NA,NA,NA,NA,NA,NA,NA,NA,NA,NA,NA,NA,NA,NA,NA,NA,NA,NA,NA,NA
RBMqVVYOK,GenerousEchidna,Right,After,638,34,-118,1,NA,NA,NA,NA,NA,NA,NA,NA,NA,NA,NA,NA,NA,NA,NA,NA,NA,NA,NA,NA,NA,NA,NA,NA,NA,NA,NA,NA,NA,NA,NA,NA,NA,NA,NA,NA,NA,NA,NA,NA,NA,NA,NA,NA,NA,NA
RKrMdDpzS,DaringKookaburra,Right,After,1030,21,-158,1,NA,NA,NA,NA,NA,NA,NA,NA,NA,NA,NA,NA,NA,NA,NA,NA,NA,NA,NA,NA,NA,NA,NA,NA,NA,NA,NA,NA,NA,NA,NA,NA,NA,NA,NA,NA,NA,NA,NA,NA,NA,NA,NA,NA,NA,NA
RhQxoitAv,GloriousSeal,Right,After,1168,26,-80,1,NA,NA,NA,NA,NA,NA,NA,NA,NA,NA,NA,NA,NA,NA,NA,NA,NA,NA,NA,NA,NA,NA,NA,NA,NA,NA,NA,NA,NA,NA,NA,NA,NA,NA,NA,NA,NA,NA,NA,NA,NA,NA,NA,NA,NA,NA
RLLLrLOyR,KindheartedPuma,Right,After,2719,33,-117,1,NA,NA,NA,NA,NA,NA,NA,NA,NA,NA,NA,NA,NA,NA,NA,NA,NA,NA,NA,NA,NA,NA,NA,NA,NA,NA,NA,NA,NA,NA,NA,NA,NA,NA,NA,NA,NA,NA,NA,NA,NA,NA,NA,NA,NA,NA
RbcqHuPvg,GentleTrout,Right,After,1001,30,-98,1,NA,NA,NA,NA,NA,NA,NA,NA,NA,NA,NA,NA,NA,NA,NA,NA,NA,NA,NA,NA,NA,NA,NA,NA,NA,NA,NA,NA,NA,NA,NA,NA,NA,NA,NA,NA,NA,NA,NA,NA,NA,NA,NA,NA,NA,NA
RXYnVQNLa,CarefreeDragon,Right,After,1434,33,-84,1,NA,NA,NA,NA,NA,NA,NA,NA,NA,NA,NA,NA,NA,NA,NA,NA,NA,NA,NA,NA,NA,NA,NA,NA,NA,NA,NA,NA,NA,NA,NA,NA,NA,NA,NA,NA,NA,NA,NA,NA,NA,NA,NA,NA,NA,NA
RcvPHgvLm,ExcellentMantis,Right,After,1127,42,-88,1,NA,NA,NA,NA,NA,NA,NA,NA,NA,NA,NA,NA,NA,NA,NA,NA,NA,NA,NA,NA,NA,NA,NA,NA,NA,NA,NA,NA,NA,NA,NA,NA,NA,NA,NA,NA,NA,NA,NA,NA,NA,NA,NA,NA,NA,NA
RgeUvPxRe,TranquilFlamingo,Right,After,4464,39,-77,1,NA,NA,NA,NA,NA,NA,NA,NA,NA,NA,NA,NA,NA,NA,NA,NA,NA,NA,NA,NA,NA,NA,NA,NA,NA,NA,NA,NA,NA,NA,NA,NA,NA,NA,NA,NA,NA,NA,NA,NA,NA,NA,NA,NA,NA,NA
RtjbpdEFW,PositiveTurkey,Right,After,714,38,-98,1,NA,NA,NA,NA,NA,NA,NA,NA,NA,NA,NA,NA,NA,NA,NA,NA,NA,NA,NA,NA,NA,NA,NA,NA,NA,NA,NA,NA,NA,NA,NA,NA,NA,NA,NA,NA,NA,NA,NA,NA,NA,NA,NA,NA,NA,NA
RtFRSLvqm,SmilingMouse,Right,After,1030,37,-95,1,NA,NA,NA,NA,NA,NA,NA,NA,NA,NA,NA,NA,NA,NA,NA,NA,NA,NA,NA,NA,NA,NA,NA,NA,NA,NA,NA,NA,NA,NA,NA,NA,NA,NA,NA,NA,NA,NA,NA,NA,NA,NA,NA,NA,NA,NA
RQDfnCVUm,ResilientOtter,Right,After,1714,34,-85,1,NA,NA,NA,NA,NA,NA,NA,NA,NA,NA,NA,NA,NA,NA,NA,NA,NA,NA,NA,NA,NA,NA,NA,NA,NA,NA,NA,NA,NA,NA,NA,NA,NA,NA,NA,NA,NA,NA,NA,NA,NA,NA,NA,NA,NA,NA
RnzRgWqmR,BraveGazelle,Right,After,5060,33,-87,1,NA,NA,NA,NA,NA,NA,NA,NA,NA,NA,NA,NA,NA,NA,NA,NA,NA,NA,NA,NA,NA,NA,NA,NA,NA,NA,NA,NA,NA,NA,NA,NA,NA,NA,NA,NA,NA,NA,NA,NA,NA,NA,NA,NA,NA,NA
RqPltPoiZ,YoungReindeer,Right,After,1687,38,-121,1,NA,NA,NA,NA,NA,NA,NA,NA,NA,NA,NA,NA,NA,NA,NA,NA,NA,NA,NA,NA,NA,NA,NA,NA,NA,NA,NA,NA,NA,NA,NA,NA,NA,NA,NA,NA,NA,NA,NA,NA,NA,NA,NA,NA,NA,NA
RSTFUfdrr,UpbeatCougar,Right,After,1378,36,-79,1,NA,NA,NA,NA,NA,NA,NA,NA,NA,NA,NA,NA,NA,NA,NA,NA,NA,NA,NA,NA,NA,NA,NA,NA,NA,NA,NA,NA,NA,NA,NA,NA,NA,NA,NA,NA,NA,NA,NA,NA,NA,NA,NA,NA,NA,NA
RRoSLurOF,CharitableGoat,Right,After,1886,40,-84,1,NA,NA,NA,NA,NA,NA,NA,NA,NA,NA,NA,NA,NA,NA,NA,NA,NA,NA,NA,NA,NA,NA,NA,NA,NA,NA,NA,NA,NA,NA,NA,NA,NA,NA,NA,NA,NA,NA,NA,NA,NA,NA,NA,NA,NA,NA
RdElrFIRs,FortunateWolverine,Right,After,2000,39,-94,1,NA,NA,NA,NA,NA,NA,NA,NA,NA,NA,NA,NA,NA,NA,NA,NA,NA,NA,NA,NA,NA,NA,NA,NA,NA,NA,NA,NA,NA,NA,NA,NA,NA,NA,NA,NA,NA,NA,NA,NA,NA,NA,NA,NA,NA,NA
RyHVMtoXW,TrustworthySquid,Right,After,3562,42,-71,1,NA,NA,NA,NA,NA,NA,NA,NA,NA,NA,NA,NA,NA,NA,NA,NA,NA,NA,NA,NA,NA,NA,NA,NA,NA,NA,NA,NA,NA,NA,NA,NA,NA,NA,NA,NA,NA,NA,NA,NA,NA,NA,NA,NA,NA,NA
RbBlmBela,QualifiedSalamander,Right,After,1179,39,-95,1,NA,NA,NA,NA,NA,NA,NA,NA,NA,NA,NA,NA,NA,NA,NA,NA,NA,NA,NA,NA,NA,NA,NA,NA,NA,NA,NA,NA,NA,NA,NA,NA,NA,NA,NA,NA,NA,NA,NA,NA,NA,NA,NA,NA,NA,NA
RIVeIsISS,MindfulFerret,Right,After,2279,42,-71,1,NA,NA,NA,NA,NA,NA,NA,NA,NA,NA,NA,NA,NA,NA,NA,NA,NA,NA,NA,NA,NA,NA,NA,NA,NA,NA,NA,NA,NA,NA,NA,NA,NA,NA,NA,NA,NA,NA,NA,NA,NA,NA,NA,NA,NA,NA
RnKJLErjF,JubilantCat,Right,After,1354,25,-80,1,NA,NA,NA,NA,NA,NA,NA,NA,NA,NA,NA,NA,NA,NA,NA,NA,NA,NA,NA,NA,NA,NA,NA,NA,NA,NA,NA,NA,NA,NA,NA,NA,NA,NA,NA,NA,NA,NA,NA,NA,NA,NA,NA,NA,NA,NA
RfWXqTvtr,BrilliantOwl,Right,After,1759,27,-82,1,NA,NA,NA,NA,NA,NA,NA,NA,NA,NA,NA,NA,NA,NA,NA,NA,NA,NA,NA,NA,NA,NA,NA,NA,NA,NA,NA,NA,NA,NA,NA,NA,NA,NA,NA,NA,NA,NA,NA,NA,NA,NA,NA,NA,NA,NA
RMNejIzMb,AffectionateWhale,Right,After,3995,39,-105,1,NA,NA,NA,NA,NA,NA,NA,NA,NA,NA,NA,NA,NA,NA,NA,NA,NA,NA,NA,NA,NA,NA,NA,NA,NA,NA,NA,NA,NA,NA,NA,NA,NA,NA,NA,NA,NA,NA,NA,NA,NA,NA,NA,NA,NA,NA
RQasGydXg,YearningRooster,Right,After,777,35,-107,1,NA,NA,NA,NA,NA,NA,NA,NA,NA,NA,NA,NA,NA,NA,NA,NA,NA,NA,NA,NA,NA,NA,NA,NA,NA,NA,NA,NA,NA,NA,NA,NA,NA,NA,NA,NA,NA,NA,NA,NA,NA,NA,NA,NA,NA,NA
RYMLxIXkw,ForgivingPenguin,Right,After,823,35,-98,1,NA,NA,NA,NA,NA,NA,NA,NA,NA,NA,NA,NA,NA,NA,NA,NA,NA,NA,NA,NA,NA,NA,NA,NA,NA,NA,NA,NA,NA,NA,NA,NA,NA,NA,NA,NA,NA,NA,NA,NA,NA,NA,NA,NA,NA,NA
RxRFCfsFk,LightheartedEmu,Right,After,2045,41,-74,1,NA,NA,NA,NA,NA,NA,NA,NA,NA,NA,NA,NA,NA,NA,NA,NA,NA,NA,NA,NA,NA,NA,NA,NA,NA,NA,NA,NA,NA,NA,NA,NA,NA,NA,NA,NA,NA,NA,NA,NA,NA,NA,NA,NA,NA,NA
RWQWZkLib,SympatheticWoodpecker,Right,After,1052,40,-83,1,NA,NA,NA,NA,NA,NA,NA,NA,NA,NA,NA,NA,NA,NA,NA,NA,NA,NA,NA,NA,NA,NA,NA,NA,NA,NA,NA,NA,NA,NA,NA,NA,NA,NA,NA,NA,NA,NA,NA,NA,NA,NA,NA,NA,NA,NA
RqPYFLfMk,LovableDuck,Right,After,655,35,-92,1,NA,NA,NA,NA,NA,NA,NA,NA,NA,NA,NA,NA,NA,NA,NA,NA,NA,NA,NA,NA,NA,NA,NA,NA,NA,NA,NA,NA,NA,NA,NA,NA,NA,NA,NA,NA,NA,NA,NA,NA,NA,NA,NA,NA,NA,NA
RytALFYgN,IdealDonkey,Right,After,2070,36,-80,1,NA,NA,NA,NA,NA,NA,NA,NA,NA,NA,NA,NA,NA,NA,NA,NA,NA,NA,NA,NA,NA,NA,NA,NA,NA,NA,NA,NA,NA,NA,NA,NA,NA,NA,NA,NA,NA,NA,NA,NA,NA,NA,NA,NA,NA,NA
RorutAXNj,OutstandingSeahorse,Right,After,1217,43,-71,1,NA,NA,NA,NA,NA,NA,NA,NA,NA,NA,NA,NA,NA,NA,NA,NA,NA,NA,NA,NA,NA,NA,NA,NA,NA,NA,NA,NA,NA,NA,NA,NA,NA,NA,NA,NA,NA,NA,NA,NA,NA,NA,NA,NA,NA,NA
RYXdupqZk,ThrivingImpala,Right,After,1562,33,-87,1,NA,NA,NA,NA,NA,NA,NA,NA,NA,NA,NA,NA,NA,NA,NA,NA,NA,NA,NA,NA,NA,NA,NA,NA,NA,NA,NA,NA,NA,NA,NA,NA,NA,NA,NA,NA,NA,NA,NA,NA,NA,NA,NA,NA,NA,NA
RkGRhGoah,AmbitiousKoala,Right,After,1141,38,-122,1,NA,NA,NA,NA,NA,NA,NA,NA,NA,NA,NA,NA,NA,NA,NA,NA,NA,NA,NA,NA,NA,NA,NA,NA,NA,NA,NA,NA,NA,NA,NA,NA,NA,NA,NA,NA,NA,NA,NA,NA,NA,NA,NA,NA,NA,NA
RFIGyIePA,BlissfulGorilla,Right,After,2341,41,-85,1,NA,NA,NA,NA,NA,NA,NA,NA,NA,NA,NA,NA,NA,NA,NA,NA,NA,NA,NA,NA,NA,NA,NA,NA,NA,NA,NA,NA,NA,NA,NA,NA,NA,NA,NA,NA,NA,NA,NA,NA,NA,NA,NA,NA,NA,NA
RBWsIabZj,GracefulPheasant,Right,After,2080,28,-83,1,NA,NA,NA,NA,NA,NA,NA,NA,NA,NA,NA,NA,NA,NA,NA,NA,NA,NA,NA,NA,NA,NA,NA,NA,NA,NA,NA,NA,NA,NA,NA,NA,NA,NA,NA,NA,NA,NA,NA,NA,NA,NA,NA,NA,NA,NA
RXiUkuAap,CleverPelican,Right,After,1205,40,-77,1,NA,NA,NA,NA,NA,NA,NA,NA,NA,NA,NA,NA,NA,NA,NA,NA,NA,NA,NA,NA,NA,NA,NA,NA,NA,NA,NA,NA,NA,NA,NA,NA,NA,NA,NA,NA,NA,NA,NA,NA,NA,NA,NA,NA,NA,NA
RUziBQvba,EnchantingHawk,Right,After,754,34,-82,1,NA,NA,NA,NA,NA,NA,NA,NA,NA,NA,NA,NA,NA,NA,NA,NA,NA,NA,NA,NA,NA,NA,NA,NA,NA,NA,NA,NA,NA,NA,NA,NA,NA,NA,NA,NA,NA,NA,NA,NA,NA,NA,NA,NA,NA,NA
RGLElMmpv,FlourishingMagpie,Right,After,842,39,-105,1,NA,NA,NA,NA,NA,NA,NA,NA,NA,NA,NA,NA,NA,NA,NA,NA,NA,NA,NA,NA,NA,NA,NA,NA,NA,NA,NA,NA,NA,NA,NA,NA,NA,NA,NA,NA,NA,NA,NA,NA,NA,NA,NA,NA,NA,NA
RTobuAScs,QuaintPanther,Right,After,1559,58,-135,1,NA,NA,NA,NA,NA,NA,NA,NA,NA,NA,NA,NA,NA,NA,NA,NA,NA,NA,NA,NA,NA,NA,NA,NA,NA,NA,NA,NA,NA,NA,NA,NA,NA,NA,NA,NA,NA,NA,NA,NA,NA,NA,NA,NA,NA,NA
RkuIGRUgM,ResourcefulAntelope,Right,After,1121,47,-105,1,NA,NA,NA,NA,NA,NA,NA,NA,NA,NA,NA,NA,NA,NA,NA,NA,NA,NA,NA,NA,NA,NA,NA,NA,NA,NA,NA,NA,NA,NA,NA,NA,NA,NA,NA,NA,NA,NA,NA,NA,NA,NA,NA,NA,NA,NA
RSKiXKQpG,AmazingHorse,Right,After,2407,41,-74,1,NA,NA,NA,NA,NA,NA,NA,NA,NA,NA,NA,NA,NA,NA,NA,NA,NA,NA,NA,NA,NA,NA,NA,NA,NA,NA,NA,NA,NA,NA,NA,NA,NA,NA,NA,NA,NA,NA,NA,NA,NA,NA,NA,NA,NA,NA
RdwUQdfzN,ReliableCheetah,Right,After,1607,37,-76,1,NA,NA,NA,NA,NA,NA,NA,NA,NA,NA,NA,NA,NA,NA,NA,NA,NA,NA,NA,NA,NA,NA,NA,NA,NA,NA,NA,NA,NA,NA,NA,NA,NA,NA,NA,NA,NA,NA,NA,NA,NA,NA,NA,NA,NA,NA
RJmsfQtXn,JoyousWallaby,Right,After,1610,42,-83,1,NA,NA,NA,NA,NA,NA,NA,NA,NA,NA,NA,NA,NA,NA,NA,NA,NA,NA,NA,NA,NA,NA,NA,NA,NA,NA,NA,NA,NA,NA,NA,NA,NA,NA,NA,NA,NA,NA,NA,NA,NA,NA,NA,NA,NA,NA
RwGuOQOaW,RadiantFalcon,Right,After,1721,34,-118,1,NA,NA,NA,NA,NA,NA,NA,NA,NA,NA,NA,NA,NA,NA,NA,NA,NA,NA,NA,NA,NA,NA,NA,NA,NA,NA,NA,NA,NA,NA,NA,NA,NA,NA,NA,NA,NA,NA,NA,NA,NA,NA,NA,NA,NA,NA
RzRGcdPrJ,BrightNewt,Right,After,1166,40,-76,1,NA,NA,NA,NA,NA,NA,NA,NA,NA,NA,NA,NA,NA,NA,NA,NA,NA,NA,NA,NA,NA,NA,NA,NA,NA,NA,NA,NA,NA,NA,NA,NA,NA,NA,NA,NA,NA,NA,NA,NA,NA,NA,NA,NA,NA,NA
RcJDTjcFp,HappyPigeon,Right,After,1278,40,-80,1,NA,NA,NA,NA,NA,NA,NA,NA,NA,NA,NA,NA,NA,NA,NA,NA,NA,NA,NA,NA,NA,NA,NA,NA,NA,NA,NA,NA,NA,NA,NA,NA,NA,NA,NA,NA,NA,NA,NA,NA,NA,NA,NA,NA,NA,NA
RSHbabwCm,NotableHummingbird,Right,After,1016,32,-94,1,NA,NA,NA,NA,NA,NA,NA,NA,NA,NA,NA,NA,NA,NA,NA,NA,NA,NA,NA,NA,NA,NA,NA,NA,NA,NA,NA,NA,NA,NA,NA,NA,NA,NA,NA,NA,NA,NA,NA,NA,NA,NA,NA,NA,NA,NA
RKxAQCOtl,WarmShark,Right,After,1219,35,-92,1,NA,NA,NA,NA,NA,NA,NA,NA,NA,NA,NA,NA,NA,NA,NA,NA,NA,NA,NA,NA,NA,NA,NA,NA,NA,NA,NA,NA,NA,NA,NA,NA,NA,NA,NA,NA,NA,NA,NA,NA,NA,NA,NA,NA,NA,NA
RzuoCLCRf,FaithfulChimpanzee,Right,After,940,34,-84,1,NA,NA,NA,NA,NA,NA,NA,NA,NA,NA,NA,NA,NA,NA,NA,NA,NA,NA,NA,NA,NA,NA,NA,NA,NA,NA,NA,NA,NA,NA,NA,NA,NA,NA,NA,NA,NA,NA,NA,NA,NA,NA,NA,NA,NA,NA
RQxSylmxc,CourteousWombat,Right,After,4542,42,-88,1,NA,NA,NA,NA,NA,NA,NA,NA,NA,NA,NA,NA,NA,NA,NA,NA,NA,NA,NA,NA,NA,NA,NA,NA,NA,NA,NA,NA,NA,NA,NA,NA,NA,NA,NA,NA,NA,NA,NA,NA,NA,NA,NA,NA,NA,NA
RMHojlfES,VirtuousArmadillo,Right,After,1483,41,-74,1,NA,NA,NA,NA,NA,NA,NA,NA,NA,NA,NA,NA,NA,NA,NA,NA,NA,NA,NA,NA,NA,NA,NA,NA,NA,NA,NA,NA,NA,NA,NA,NA,NA,NA,NA,NA,NA,NA,NA,NA,NA,NA,NA,NA,NA,NA
RxEpnOVLD,BalancedRidgeback,Right,After,3198,33,-97,1,NA,NA,NA,NA,NA,NA,NA,NA,NA,NA,NA,NA,NA,NA,NA,NA,NA,NA,NA,NA,NA,NA,NA,NA,NA,NA,NA,NA,NA,NA,NA,NA,NA,NA,NA,NA,NA,NA,NA,NA,NA,NA,NA,NA,NA,NA
RhDpVfpOH,DeterminedYabby,Right,After,660,38,-84,1,NA,NA,NA,NA,NA,NA,NA,NA,NA,NA,NA,NA,NA,NA,NA,NA,NA,NA,NA,NA,NA,NA,NA,NA,NA,NA,NA,NA,NA,NA,NA,NA,NA,NA,NA,NA,NA,NA,NA,NA,NA,NA,NA,NA,NA,NA
RcaqYviRX,NobleLobster,Right,After,2031,42,-72,1,NA,NA,NA,NA,NA,NA,NA,NA,NA,NA,NA,NA,NA,NA,NA,NA,NA,NA,NA,NA,NA,NA,NA,NA,NA,NA,NA,NA,NA,NA,NA,NA,NA,NA,NA,NA,NA,NA,NA,NA,NA,NA,NA,NA,NA,NA
RSYlYWErj,SunnyFinch,Right,After,1849,36,-80,1,NA,NA,NA,NA,NA,NA,NA,NA,NA,NA,NA,NA,NA,NA,NA,NA,NA,NA,NA,NA,NA,NA,NA,NA,NA,NA,NA,NA,NA,NA,NA,NA,NA,NA,NA,NA,NA,NA,NA,NA,NA,NA,NA,NA,NA,NA
RFyqCKFpz,UnderstandingKingfisher,Right,After,2230,39,-83,1,NA,NA,NA,NA,NA,NA,NA,NA,NA,NA,NA,NA,NA,NA,NA,NA,NA,NA,NA,NA,NA,NA,NA,NA,NA,NA,NA,NA,NA,NA,NA,NA,NA,NA,NA,NA,NA,NA,NA,NA,NA,NA,NA,NA,NA,NA
RMXFJNNWZ,ImaginativeHedgehog,Right,After,1976,41,-84,1,NA,NA,NA,NA,NA,NA,NA,NA,NA,NA,NA,NA,NA,NA,NA,NA,NA,NA,NA,NA,NA,NA,NA,NA,NA,NA,NA,NA,NA,NA,NA,NA,NA,NA,NA,NA,NA,NA,NA,NA,NA,NA,NA,NA,NA,NA
RsIDyJmLx,ValorousBeaver,Right,After,1119,38,-88,1,NA,NA,NA,NA,NA,NA,NA,NA,NA,NA,NA,NA,NA,NA,NA,NA,NA,NA,NA,NA,NA,NA,NA,NA,NA,NA,NA,NA,NA,NA,NA,NA,NA,NA,NA,NA,NA,NA,NA,NA,NA,NA,NA,NA,NA,NA
RJjmdnnDz,MagnificentBuffalo,Right,After,1615,41,-80,1,NA,NA,NA,NA,NA,NA,NA,NA,NA,NA,NA,NA,NA,NA,NA,NA,NA,NA,NA,NA,NA,NA,NA,NA,NA,NA,NA,NA,NA,NA,NA,NA,NA,NA,NA,NA,NA,NA,NA,NA,NA,NA,NA,NA,NA,NA
RkHFBYRxD,CourageousBilby,Right,After,1075,32,-81,1,NA,NA,NA,NA,NA,NA,NA,NA,NA,NA,NA,NA,NA,NA,NA,NA,NA,NA,NA,NA,NA,NA,NA,NA,NA,NA,NA,NA,NA,NA,NA,NA,NA,NA,NA,NA,NA,NA,NA,NA,NA,NA,NA,NA,NA,NA
RhNQvAGjY,AwesomeDhole,Right,After,1442,39,-97,1,NA,NA,NA,NA,NA,NA,NA,NA,NA,NA,NA,NA,NA,NA,NA,NA,NA,NA,NA,NA,NA,NA,NA,NA,NA,NA,NA,NA,NA,NA,NA,NA,NA,NA,NA,NA,NA,NA,NA,NA,NA,NA,NA,NA,NA,NA
RRYzbeXQR,CheerfulQuokka,Right,After,2094,30,-98,1,NA,NA,NA,NA,NA,NA,NA,NA,NA,NA,NA,NA,NA,NA,NA,NA,NA,NA,NA,NA,NA,NA,NA,NA,NA,NA,NA,NA,NA,NA,NA,NA,NA,NA,NA,NA,NA,NA,NA,NA,NA,NA,NA,NA,NA,NA
RIFokvZUT,VividMacaw,Right,After,637,30,-98,1,NA,NA,NA,NA,NA,NA,NA,NA,NA,NA,NA,NA,NA,NA,NA,NA,NA,NA,NA,NA,NA,NA,NA,NA,NA,NA,NA,NA,NA,NA,NA,NA,NA,NA,NA,NA,NA,NA,NA,NA,NA,NA,NA,NA,NA,NA
LtFGnZgXL,SmartGibbon,Left,Before,17.4,39,-77,1,74,32,male,male,straight,straight,no,no,good,fluent,undergrad,fouryrcollege,4,mostlyabroad,6,NA,1,"Caucasian,Middle Eastern,Arab",muslim,muslim,1,1,3,1,1,1,0,0,independent,3,other,10,5,2.62,4,4,4,5,3,4,0,1,0,0,2,3
LbRvugFnz,DazzlingLamb,Left,Before,21.4,38,-85,1,75,60,male,male,straight,straight,no,no,native,native,postgrad,prof,6,samestate,1,white,0,"White,Caucasian",jewish,jewish,1,1.33,1,1,2,1,1,1,democrat,0,biden,4,4,0.92,3,0,4,0,0,1,0,0,0,0,0,0
LXGcEtQLw,QuaintPelican,Left,Before,22.6,43,-76,1,75,55,female,female,straight,straight,no,no,native,native,NA,NA,NA,samestate,1,white,0,White,none,atheist,0,4.33,5,4,5,4,1,0,democrat,0,biden,5,5,1.31,0,0,4,0,0,4,0,0,0,0,1,5
LZlCpSpOf,DeterminedSeahorse,Left,Before,24.2,35,-112,1,75,52,female,female,straight,straight,no,no,native,native,undergrad,fouryrcollege,4,sameregion,2,NA,0,"White,Hispanic",christian,protestant,3,4.67,5,5,5,4,2,2,democrat,2,other,8,4,1.92,4,3,4,3,3,1,0,0,0,0,3,0
LsDqRoBQf,VibrantMantis,Left,Before,18.4,36,-89,1,75,46,male,male,straight,straight,no,no,native,native,postgrad,masters,5,sametown,0,white,0,White,none,agnostic,0,4.67,4,3,5,6,2,2,independent,3,trump,8,4,1.23,1,1,3,1,0,4,0,0,0,2,1,0
LHaOTSSOP,UniqueSnail,Left,Before,34.2,37,-77,1,75,61,male,male,gay,gay,no,yes,native,native,undergrad,fouryrcollege,4,sametown,0,white,0,"White,Caucasian",christian,protestant,2,2,3,2,2,2,1,1,independent,3,trump,8,5,1.62,4,5,3,1,0,1,0,0,0,0,1,1
LZTWcQlWf,YoungHawk,Left,Before,20.5,36,-87,1,77,35,male,male,straight,straight,no,no,native,native,highschool,highschool,1,samestate,1,white,0,White,christian,protestant,3,2.67,5,3,3,2,2,2,republican,6,trump,8,5,2.62,4,3,5,4,5,5,0,0,0,0,3,0
LKJPvqFox,DiligentKiwi,Left,Before,22.7,33,-97,1,77,56,male,male,straight,straight,no,no,native,native,undergrad,fouryrcollege,4,someabroad,4,white,0,White,christian,protestant,1,1.67,2,3,1,1,2,1,republican,4,trump,6,5,2,5,4,4,4,0,0,0,0,0,0,4,0
LAnqgqolk,WonderfulGorilla,Left,Before,67.5,43,-89,1,73,35,male,male,straight,straight,no,no,native,native,highschool,highschool,1,samestate,1,white,0,"White,Caucasian",none,agnostic,0,1.67,1,1,2,2,0,0,independent,3,biden,7,5,1.08,0,1,5,1,1,1,0,0,0,0,0,1
LBWlVueLB,RespectfulOwl,Left,Before,20.8,36,-79,1,76,47,male,male,straight,straight,no,no,native,native,undergrad,fouryrcollege,4,sametown,0,white,0,White,none,agnostic,0,5,5,5,5,5,2,3,independent,3,other,2,4,0.62,4,0,0,0,0,4,0,0,0,0,0,0
LdhBfVGlb,CourteousAntelope,Left,Before,16.8,30,-82,1,75,53,female,female,straight,straight,no,no,native,native,undergrad,fouryrcollege,4,manyregions,3,white,0,White,jewish,jewish,2,4.67,3,5,4,5,2,1,republican,6,trump,6,5,1.69,5,3,3,0,0,4,0,0,0,0,3,0
LZECCxqyz,QuickOstrich,Left,Before,42.7,30,-91,1,75,64,female,female,straight,straight,no,no,native,native,highschool,highschool,1,sameregion,2,white,0,White,christian,protestant,2,3.67,4,4,4,3,2,1,republican,5,trump,3,5,0.54,5,1,0,0,0,0,0,0,0,0,0,0
LNelNyGco,JoyousFirefly,Left,Before,36.6,43,-85,1,75,57,female,female,straight,straight,no,no,native,native,highschool,highschool,1,sametown,0,white,0,White,christian,protestant,2,4.33,5,4,5,4,2,3,republican,6,trump,7,5,1.62,5,1,4,3,0,0,0,0,0,3,2,0
LolnzNwuy,HumbleLorikeet,Left,Before,30.4,36,-84,1,75,50,male,male,straight,straight,no,no,native,native,NA,NA,NA,samestate,1,white,0,White,christian,protestant,3,3.67,4,4,4,3,2,4,independent,3,other,6,4,1.46,4,3,3,0,0,4,0,0,0,0,1,0
LyUGjBPRe,DelightfulEgret,Left,Before,33,31,-82,1,75,36,female,female,straight,straight,no,no,native,native,NA,NA,NA,samestate,1,white,0,"White,Caucasian",christian,protestant,3,5,5,5,5,5,1,1,independent,3,biden,7,5,2.23,5,4,5,3,3,4,0,0,0,0,0,NA
LvLODQtqx,AmbitiousManatee,Left,Before,25.7,45,-93,1,75,58,female,female,straight,straight,no,no,native,native,undergrad,fouryrcollege,4,samestate,1,white,0,White,christian,catholic,1,4,4,5,5,2,0,2,independent,3,biden,3,5,0.92,3,0,4,0,0,0,0,0,0,0,0,0
LlzFSBekV,SympatheticQuokka,Left,Before,27.6,40,-75,1,74,47,male,male,straight,straight,no,no,native,native,NA,NA,NA,sameregion,2,black,0,Black,none,atheist,0,4.33,5,2,6,5,1,0,independent,3,biden,11,5,2,1,4,4,4,1,3,0,1,1,0,1,1
LsibxGrzT,TenderWallaby,Left,Before,19.2,41,-76,1,75,69,female,female,straight,straight,no,no,native,native,postgrad,masters,5,sametown,0,white,0,White,christian,catholic,1,4.67,5,5,5,4,3,3,democrat,2,biden,5,5,0.77,5,1,1,1,0,0,0,0,0,0,0,0
LBbUKBTkJ,CourageousPorpoise,Left,Before,19.3,27,-82,1,75,58,male,male,gay,gay,no,yes,native,native,postgrad,masters,5,manyregions,3,white,0,"White,Caucasian",christian,catholic,1,6,6,6,6,6,3,4,democrat,1,biden,9,5,2.62,5,5,4,3,2,5,0,4,0,0,3,0
LvRkWKiQf,KindDeer,Left,Before,23.7,41,-74,1,75,70,female,female,straight,straight,no,no,native,native,undergrad,fouryrcollege,4,sametown,0,white,0,White,jewish,jewish,1,4.33,4,4,5,4,2,1,republican,6,trump,5,5,1.46,5,4,3,0,0,4,0,0,0,0,0,0
LINrRVIZl,ImpressivePanda,Left,Before,21.6,41,-74,1,74,28,male,male,straight,straight,no,no,native,native,highschool,highschool,1,sametown,0,white,0,White,none,atheist,0,4.33,4,4,5,4,2,3,republican,6,trump,5,5,1.92,5,5,0,0,5,5,0,0,0,0,0,0
LodLELsqH,BrightCamel,Left,Before,24.3,34,-84,1,74,29,female,female,queer,queer,no,yes,native,native,undergrad,fouryrcollege,4,manyregions,3,NA,0,"White,Caucasian,Hispanic",jewish,jewish,1,2.67,4,5,1,2,1,2,democrat,0,novote,4,5,0.92,1,0,5,0,0,2,0,0,0,0,0,0
LTCYwtjBg,SweetGazelle,Left,Before,23.7,41,-82,1,75,31,female,female,queer,bipan,no,yes,native,native,postgrad,masters,5,sametown,0,hispanic,0,Hispanic,none,atheist,0,2.67,4,4,2,2,2,1,independent,3,biden,6,5,1.08,1,1,5,1,0,1,0,0,0,0,0,0
LCChIJtdZ,VictoriousKoala,Left,Before,18,26,-80,1,75,60,male,male,straight,straight,no,no,native,native,highschool,highschool,1,samestate,1,white,0,White,none,atheist,0,3,3,4,3,2,1,0,independent,3,other,7,5,1.85,5,3,2,3,0,3,0,0,0,0,4,0
LiJGEmKbF,KindheartedStingray,Left,Before,30.1,43,-83,1,77,75,male,male,straight,straight,no,no,native,native,undergrad,fouryrcollege,4,samestate,1,white,0,White,christian,catholic,2,4.33,4,3,5,5,2,1,republican,4,trump,6,4,1.15,4,1,4,0,0,0,0,0,0,1,1,0
LZpJmXfOI,EnthusiasticBee,Left,Before,20.6,29,-82,1,75,64,female,female,straight,straight,no,no,native,native,highschool,highschool,1,samestate,1,white,0,White,none,agnostic,0,4,4,4,4,4,2,3,republican,5,trump,6,5,1.85,5,3,5,4,0,4,0,0,0,0,0,0
LjsiDEImn,OptimisticQuoll,Left,Before,28,40,-78,1,75,37,female,female,straight,straight,no,no,native,native,somecollege,twoyrcollege,3,sameregion,2,white,0,"White,Caucasian",none,agnostic,1,3.33,4,3,3,4,2,0,democrat,1,biden,6,4,1.38,4,1,4,4,0,1,0,0,0,0,0,0
LBvKkhRlJ,CaringGecko,Left,Before,25.5,36,-115,1,75,55,male,male,straight,straight,no,no,native,native,NA,NA,NA,sameregion,2,white,0,White,christian,catholic,1,3.67,3,4,4,3,1,1,democrat,2,novote,5,5,1.38,1,3,4,0,0,5,0,0,0,0,0,0
LLQEYFuKR,InsightfulHornet,Left,Before,21.2,34,-118,1,77,59,female,female,straight,straight,no,no,native,native,somecollege,twoyrcollege,3,manyregions,3,white,0,White,christian,protestant,1,3.33,3,4,3,3,0,0,democrat,2,biden,6,5,1.54,1,2,5,5,0,2,0,0,0,0,0,0
LXXmkydGq,CleverJellyfish,Left,Before,24.9,26,-80,1,75,61,male,male,straight,straight,no,no,native,native,undergrad,fouryrcollege,4,manyregions,3,white,0,White,christian,catholic,0,2.33,1,1,2,4,2,2,democrat,0,biden,6,5,1.62,3,0,4,3,0,3,0,0,0,0,3,0
LlTonJcYQ,FaithfulRhinoceros,Left,Before,21.2,37,-80,1,75,67,female,female,gay,lesbian,no,yes,native,native,somecollege,twoyrcollege,3,manyregions,3,white,0,"White,Caucasian",christian,catholic,1,3,5,1,4,4,1,1,democrat,1,biden,4,4,1.15,4,0,4,0,0,4,0,0,0,0,0,0
LyElcXYNr,FearlessHippopotamus,Left,Before,38.1,30,-92,1,75,48,female,female,straight,straight,no,no,native,native,somecollege,twoyrcollege,3,sametown,0,white,0,White,christian,catholic,3,4,5,4,4,4,2,2,democrat,1,biden,6,5,1.62,5,4,1,4,4,0,0,0,0,0,0,0
LjVpvdmKg,ThrivingHorse,Left,Before,19.3,33,-97,1,75,38,male,male,straight,straight,no,no,native,native,undergrad,fouryrcollege,4,sameregion,2,white,0,White,christian,catholic,0,0.33,1,1,0,0,1,0,independent,3,other,6,5,1.62,1,5,5,0,0,4,0,0,0,0,1,0
LBepgBhJR,VirtuousMeerkat,Left,Before,16.6,41,-112,1,75,55,male,male,straight,straight,no,no,native,native,somecollege,twoyrcollege,3,equalabroad,5,white,0,"White,Caucasian",christian,protestant,3,3.67,4,4,4,3,2,2,independent,3,trump,3,4,0.92,0,0,4,0,0,4,0,0,0,0,0,0
LNwkqmGPm,VividGiraffe,Left,Before,14.2,42,-81,1,78,46,female,female,gay,lesbian,no,yes,native,native,postgrad,masters,5,sameregion,2,white,0,"White,Caucasian",none,agnostic,0,4,5,4,4,4,3,3,democrat,0,biden,2,5,0.62,3,0,5,0,0,0,0,0,0,0,0,0
LeiGjKDus,AdmirableFlamingo,Left,Before,16.6,39,-87,1,75,21,female,female,straight,straight,no,no,native,native,NA,NA,NA,sametown,0,white,0,"White,Caucasian",christian,protestant,1,5.33,6,6,5,5,3,4,democrat,1,novote,6,5,1.77,4,4,0,5,5,2,0,0,0,0,0,0
LpyOTvftT,BrilliantKookaburra,Left,Before,18.1,34,-78,1,75,39,female,female,straight,straight,no,no,native,native,somecollege,twoyrcollege,3,sametown,0,white,0,White,christian,protestant,2,5,5,5,5,5,4,3,independent,3,trump,8,5,2,5,3,3,3,NA,3,NA,2,NA,NA,3,NA
LxaptgYhF,WholesomeHummingbird,Left,Before,29.5,44,-116,1,76,42,female,female,straight,straight,no,no,native,native,undergrad,fouryrcollege,4,manyregions,3,white,0,White,none,atheist,0,3.67,4,3,4,4,2,0,independent,3,other,7,5,1.23,1,5,1,1,0,3,0,0,0,0,1,NA
LfOtXlrSt,MajesticPlatypus,Left,Before,21.4,34,-118,1,75,22,male,male,straight,straight,no,no,native,native,highschool,highschool,1,sametown,0,asian,0,Asian,none,atheist,0,1,0,0,0,3,0,0,independent,3,novote,5,5,1.23,1,3,4,0,0,3,0,0,0,0,0,0
LAfyFIhAT,UpbeatParrot,Left,Before,31.4,39,-77,1,75,33,female,female,queer,bipan,no,yes,native,native,highschool,highschool,1,sametown,0,white,0,White,none,agnostic,0,1.67,4,2,1,2,1,1,independent,3,biden,7,5,1.69,5,2,3,5,2,1,0,0,0,0,0,0
LyGrZyFkO,GenerousArmadillo,Left,Before,44.1,34,-118,1,75,66,female,female,straight,straight,no,no,good,fluent,postgrad,prof,6,equalabroad,5,white,0,White,christian,orthodox,2,3.33,4,3,5,2,2,2,independent,3,biden,3,3,0.54,3,0,0,0,0,0,0,0,0,0,0,3
LvFmOFktq,CompassionateGopher,Left,Before,13.2,37,-120,1,75,42,male,male,straight,straight,no,no,native,native,undergrad,fouryrcollege,4,samestate,1,white,0,White,none,atheist,0,5,5,5,5,5,1,1,democrat,1,biden,2,5,0.77,0,0,5,0,0,0,0,0,0,0,0,0
LdGpbosat,MerryToucan,Left,Before,26,34,-86,1,76,32,female,female,straight,straight,no,no,native,native,NA,NA,NA,samestate,1,white,0,White,christian,protestant,3,3,4,3,2,4,2,0,independent,3,other,8,5,1.85,5,4,3,4,1,4,0,0,0,0,1,0
LJyjNrTlD,GentleCrow,Left,Before,13.5,33,-97,1,76,28,female,nbqueer,queer,other,no,yes,native,native,undergrad,fouryrcollege,4,samestate,1,white,0,White,none,agnostic,1,1.67,3,2,2,1,1,0,independent,3,biden,6,5,1.38,1,3,4,0,0,4,0,0,0,0,1,0
LLRMRaJcN,LightheartedWoodpecker,Left,Before,43.5,42,-71,1,75,72,female,female,straight,straight,no,no,native,native,somecollege,twoyrcollege,3,sametown,0,white,0,White,christian,catholic,1,3.67,4,3,4,4,2,2,independent,3,trump,9,5,2.46,3,4,5,5,1,5,0,0,0,3,1,0
LapUFrekf,MagnificentPig,Left,Before,32,38,-122,1,75,65,male,male,gay,gay,no,yes,native,native,NA,NA,NA,manyregions,3,white,0,White,none,atheist,0,5,4,5,6,4,1,2,democrat,0,biden,4,4,1.23,4,0,4,0,0,0,0,0,0,0,0,4
LxGkigkNf,DependableWalrus,Left,Before,34.3,38,-121,1,76,23,male,male,straight,straight,no,no,native,native,undergrad,fouryrcollege,4,samestate,1,black,0,Black,christian,protestant,3,4,4,4,4,4,2,2,democrat,2,biden,6,5,1.62,0,3,5,1,0,4,0,0,0,0,3,0
LHATOEOwt,YouthfulPeacock,Left,Before,18.1,39,-121,1,75,38,male,male,straight,straight,no,no,native,native,undergrad,fouryrcollege,4,sametown,0,white,0,"White,Caucasian",none,agnostic,0,3,3,3,3,3,0,1,independent,3,biden,2,5,0.69,0,0,4,0,0,0,0,0,0,0,0,0
LzgvGPwPW,StrongDog,Left,Before,27.4,36,-80,1,75,59,female,female,straight,straight,no,no,native,native,undergrad,fouryrcollege,4,sametown,0,black,0,Black,other,other,0,2.33,3,2,2,3,2,1,independent,3,novote,8,5,2.23,4,4,1,3,4,4,0,0,0,0,4,NA
LmLWdCmsi,CalmUnicorn,Left,Before,23.6,33,-98,1,75,47,female,female,straight,straight,no,no,native,native,undergrad,fouryrcollege,4,someabroad,4,white,0,White,christian,catholic,1,5.33,5,5,6,5,2,2,republican,6,trump,7,5,1.92,3,3,3,3,0,5,0,0,0,3,0,0
LxbSAxgVY,GracefulPorcupine,Left,Before,36.4,40,-74,1,75,63,female,female,straight,straight,no,no,native,native,NA,NA,NA,sametown,0,white,0,"White,Caucasian",christian,catholic,3,2,3,1,2,3,1,0,republican,5,trump,8,5,1.15,5,1,1,1,1,1,0,0,0,0,2,0
LQorWymOo,LoyalMonkey,Left,Before,24.2,41,-75,1,75,50,female,female,straight,straight,no,no,native,native,undergrad,fouryrcollege,4,sametown,0,white,0,"White,Caucasian",christian,protestant,3,4,4,4,4,4,1,0,republican,4,other,6,5,1.23,5,1,1,5,1,0,0,0,0,0,0,0
LmohptYjX,ImaginativeWolverine,Left,Before,51.2,45,-93,1,77,65,female,female,straight,straight,no,no,native,native,NA,NA,NA,samestate,1,white,0,White,christian,protestant,2,3,4,4,3,2,1,1,democrat,1,biden,4,5,1.31,4,0,5,0,0,0,0,0,0,0,3,0
LLRbHXApA,DynamicSparrow,Left,Before,22,35,-107,1,75,32,male,male,straight,straight,no,no,native,native,NA,NA,NA,someabroad,4,NA,0,"White,Asian",other,other,0,4.67,4,5,4,5,2,2,independent,3,novote,9,5,1.85,4,3,5,5,1,1,0,0,0,0,1,1
LZropcRFA,HopefulBoa,Left,Before,22,35,-92,1,75,54,female,female,straight,straight,no,no,native,native,NA,NA,NA,samestate,1,white,0,White,christian,protestant,3,3,2,3,4,2,0,0,independent,3,novote,7,5,1.77,5,3,3,3,0,3,0,0,0,0,1,0
LDiJWJnMH,AmazingIbis,Left,Before,35.1,29,-81,1,77,NA,male,male,straight,straight,no,no,native,native,postgrad,prof,6,NA,NA,NA,0,Prefer not to say,NA,NA,NA,3,5,3,3,3,2,2,democrat,2,biden,5,5,1.77,5,5,3,5,NA,5,NA,NA,NA,NA,NA,NA
LabjVdrvp,SmilingWhale,Left,Before,26.8,42,-112,1,76,56,male,male,straight,straight,no,no,native,native,NA,NA,NA,samestate,1,white,0,White,none,agnostic,0,4.67,5,3,5,6,0,1,republican,5,trump,3,4,0.54,0,0,2,1,0,0,0,0,0,0,0,0
LKEkJstrJ,YearningHare,Left,Before,28.9,48,-122,1,75,30,male,male,gay,gay,no,yes,native,native,postgrad,masters,5,manyregions,3,white,0,"White,Caucasian",none,atheist,0,3.67,5,2,4,5,3,2,independent,3,novote,7,5,1.38,3,2,5,1,0,1,0,0,0,0,2,0
LwUIOMvNp,CheerfulJackal,Left,Before,23.1,49,-123,1,75,61,female,female,straight,straight,no,no,native,native,postgrad,masters,5,samestate,1,white,0,Caucasian,christian,protestant,2,4.67,5,5,4,5,2,3,independent,3,trump,3,5,0.69,5,2,0,0,0,2,0,0,0,0,0,0
LbWXQecJa,EmpatheticDragonfly,Left,Before,26.3,43,-86,1,73,77,female,female,straight,straight,no,no,native,native,postgrad,masters,5,samestate,1,white,0,White,christian,catholic,1,4.33,4,4,4,5,3,2,democrat,0,biden,6,5,1.31,5,1,0,3,0,3,0,1,0,0,0,0
LYerFePTo,BeneficialMacaw,Left,Before,16.2,36,-80,1,75,29,male,male,straight,straight,no,no,native,native,undergrad,fouryrcollege,4,manyregions,3,white,0,White,none,atheist,0,2.33,3,2,1,4,2,2,independent,3,biden,6,5,1.69,1,1,5,0,0,5,0,0,0,0,0,5
LnFsbltvX,CapableCobra,Left,Before,20,58,-135,1,72,22,female,female,queer,bipan,no,yes,native,native,undergrad,fouryrcollege,4,manyregions,3,white,0,"White,Caucasian",christian,catholic,2,3.33,4,3,3,4,2,3,independent,3,novote,7,5,2.08,4,5,3,5,5,0,0,0,0,0,2,0
LfHkscoRu,ArtisticFinch,Left,Before,28.4,36,-81,1,76,56,female,female,straight,straight,no,no,native,native,postgrad,masters,5,manyregions,3,white,0,"White,Caucasian",christian,protestant,1,5.33,5,5,6,5,3,3,democrat,0,biden,5,4,1,4,4,0,1,0,0,0,0,0,0,1,0
LtmNWsspQ,EnergeticDragon,Left,Before,20.5,34,-118,1,76,36,male,male,straight,straight,no,no,native,native,undergrad,fouryrcollege,4,manyregions,3,white,0,"White,Caucasian",NA,NA,NA,3.67,3,4,3,4,2,2,democrat,2,biden,4,5,1.38,4,4,5,0,0,0,0,0,0,0,0,0
LbjPXrCkx,ConsiderateButterfly,Left,Before,76.6,35,-92,1,79,20,male,male,straight,straight,no,no,native,native,NA,NA,NA,sametown,0,black,0,Black,none,agnostic,1,3.33,4,3,2,5,3,0,democrat,2,novote,8,5,1.92,2,5,4,3,0,1,0,0,0,0,1,4
LLFYLEmff,TrustworthyAlligator,Left,Before,31.3,36,-115,1,75,56,female,female,straight,straight,no,no,native,native,undergrad,fouryrcollege,4,sametown,0,white,0,White,jewish,jewish,3,4.67,1,6,6,2,0,0,republican,6,trump,8,5,2.54,5,5,3,5,0,5,0,0,0,4,2,0
LaOzQWtHk,CreativeTiger,Left,Before,27.5,40,-77,1,75,55,female,female,straight,straight,no,no,native,native,NA,NA,NA,sametown,0,white,0,White,christian,protestant,2,3.33,4,3,4,3,2,0,republican,5,trump,6,5,1.46,5,2,5,3,0,1,0,0,0,0,0,0
LNZUzFmIE,AffectionateWolf,Left,Before,22.1,46,-123,1,75,37,male,male,straight,straight,no,no,native,native,NA,NA,NA,someabroad,4,NA,0,"White,Hispanic,Latin American",none,atheist,0,1.33,3,0,2,2,0,0,democrat,1,biden,7,5,1.54,0,1,5,1,0,5,0,1,0,0,2,NA
LrHDFWwmc,EloquentOrangutan,Left,Before,19,39,-77,1,77,19,female,male,queer,bipan,yes,yes,native,native,NA,NA,NA,manyregions,3,white,0,White,none,agnostic,0,2,2,1,1,4,3,3,independent,3,novote,9,5,2.23,3,5,4,4,1,3,0,2,0,0,2,0
LEPaiUTuc,WarmTurkey,Left,Before,42.5,48,-122,1,75,49,male,male,straight,straight,no,no,native,native,undergrad,fouryrcollege,4,samestate,1,white,0,White,christian,catholic,1,5.67,5,5,6,6,3,3,republican,4,biden,10,5,2.69,3,3,5,3,2,5,0,0,3,0,3,3
LgBJrDnRr,ComposedDolphin,Left,Before,27.9,36,-115,1,76,21,female,female,straight,straight,no,no,native,native,NA,NA,NA,sametown,0,NA,0,"White,Other",none,atheist,0,5,5,5,5,5,0,2,independent,3,novote,5,5,1.38,3,4,5,0,3,0,0,0,0,0,0,0
LbxncFhpF,OriginalEchidna,Left,Before,13.6,35,-97,1,76,48,male,male,straight,straight,no,no,native,native,postgrad,masters,5,sametown,0,asian,0,Asian,muslim,muslim,1,2.67,3,3,2,3,2,2,democrat,1,biden,3,5,0.85,2,4,0,0,0,0,0,0,0,0,0,0
LnoyrTzrd,JoyfulNewt,Left,Before,15.7,30,-98,1,75,30,male,male,straight,straight,no,no,native,native,highschool,highschool,1,samestate,1,hispanic,0,Hispanic,christian,catholic,2,0.67,0,0,1,1,0,0,democrat,2,trump,6,5,1.15,1,1,5,0,0,2,0,0,0,0,1,NA
LnzUOcKMw,HarmoniousCat,Left,Before,24.3,43,-79,1,75,64,female,female,straight,straight,no,no,native,native,highschool,highschool,1,sametown,0,white,0,"White,Caucasian",christian,catholic,0,3.67,4,3,4,4,1,2,democrat,2,biden,3,1,0.23,0,0,1,0,0,0,0,0,0,0,1,0
LWDdYGhrt,MarvelousChimpanzee,Left,Before,17.2,30,-83,1,76,46,female,female,straight,straight,no,no,native,native,highschool,highschool,1,manyregions,3,white,0,"White,Caucasian",none,agnostic,0,1,1,1,1,1,0,0,republican,6,trump,2,5,0.54,5,0,0,0,0,0,0,0,0,0,0,0
LqRazHZcr,IdealEel,Left,Before,28.7,34,-84,1,76,43,female,female,straight,straight,no,no,native,native,somecollege,twoyrcollege,3,manyregions,3,white,0,Caucasian,NA,NA,0,2.33,2,3,3,1,0,0,independent,3,biden,9,5,1.92,1,4,5,4,1,3,0,3,0,0,2,0
LhSqyIwZi,NeatChicken,Left,Before,23.6,26,-80,1,75,35,female,female,queer,bipan,no,yes,native,native,NA,NA,NA,sametown,0,white,0,"White,Caucasian",other,other,2,2,3,2,2,2,1,0,independent,3,trump,10,5,1.38,1,1,4,1,2,1,0,1,0,1,1,0
LWnuENIED,WiseKingfisher,Left,Before,29.6,47,-69,1,75,18,male,male,straight,straight,no,no,native,native,highschool,highschool,1,sameregion,2,white,0,"White,Caucasian",christian,protestant,3,5,5,5,5,5,2,2,republican,5,novote,10,5,2.69,3,5,5,1,5,3,0,0,0,2,1,5
LRrsRqdUz,ExcitingTurtle,Left,Before,33.3,29,-81,1,75,66,female,female,straight,straight,no,no,native,native,somecollege,twoyrcollege,3,manyregions,3,white,0,"White,Caucasian",christian,catholic,2,1.67,2,1,3,1,0,0,independent,3,biden,11,5,2.77,5,5,5,3,1,5,1,1,0,0,3,2
Lpzccbjat,SupportiveHeron,Left,Before,42.5,40,-87,1,75,39,female,female,straight,straight,no,no,native,native,highschool,highschool,1,sametown,0,white,0,White,christian,protestant,3,5.67,6,6,6,5,2,1,republican,6,novote,5,5,1.46,5,5,5,1,0,0,0,0,0,0,0,0
LVQepDJIr,GenuineIguana,Left,Before,32,40,-87,1,75,55,female,female,straight,straight,no,no,native,native,somecollege,twoyrcollege,3,samestate,1,white,0,White,none,agnostic,0,2.33,1,3,2,2,0,0,democrat,1,biden,5,5,0.85,5,1,1,1,0,0,0,0,0,0,0,0
LKkkDmpND,MotivatedBandicoot,Left,Before,42.4,36,-87,1,75,53,female,female,straight,straight,no,no,native,native,somecollege,twoyrcollege,3,samestate,1,white,0,White,none,agnostic,0,4.33,4,5,4,4,2,1,independent,3,novote,7,5,1.85,4,3,4,3,0,3,0,0,0,0,2,0
LDxtaDEKz,LavishPenguin,Left,Before,28.9,43,-86,1,75,39,female,female,straight,straight,no,no,native,native,NA,NA,NA,manyregions,3,white,0,White,none,atheist,0,1,2,0,1,2,1,1,independent,3,novote,4,4,0.77,4,2,1,0,0,0,0,0,0,0,0,0
LUdcJiGfu,GloriousJaguar,Left,Before,15.3,40,-83,1,75,35,female,female,queer,bipan,no,yes,native,native,undergrad,fouryrcollege,4,samestate,1,white,0,"White,Caucasian",christian,protestant,1,2,2,3,1,2,1,0,independent,3,biden,6,5,1.62,4,4,5,1,0,4,0,0,0,0,0,0
LLketqeRT,ConfidentPanther,Left,Before,26.1,44,-70,1,75,61,female,female,straight,straight,no,no,native,native,postgrad,phd,7,someabroad,4,white,0,"White,Caucasian",none,agnostic,0,4.67,5,5,5,4,1,2,democrat,1,biden,5,4,0.85,4,1,1,0,0,0,0,0,0,0,3,0
LxiwGFCNW,ReliableOctopus,Left,Before,43.5,37,-90,1,76,67,female,female,straight,straight,no,no,native,native,somecollege,twoyrcollege,3,samestate,1,white,0,White,christian,protestant,2,3.67,3,3,4,4,1,1,independent,3,biden,4,5,1,4,NA,3,NA,NA,NA,NA,NA,NA,NA,1,NA
LMbpVZmpx,UnderstandingPossum,Left,Before,25.4,40,-120,1,75,60,male,male,straight,straight,no,no,native,native,NA,NA,NA,sameregion,2,white,0,White,other,other,0,3.33,4,4,3,3,1,0,NA,NA,biden,6,5,1.38,1,1,5,0,0,0,4,0,0,0,2,0
LVQLTEgNd,QualifiedFrog,Left,Before,11.6,42,-72,1,75,31,male,male,straight,straight,no,no,native,native,undergrad,fouryrcollege,4,sametown,0,white,0,White,none,agnostic,0,4.67,5,4,5,5,3,3,democrat,1,biden,8,5,2.38,5,5,5,0,3,3,0,3,0,0,2,0
LbceCmLrX,ThoughtfulCricket,Left,Before,29.8,42,-88,1,71,41,female,female,queer,bipan,no,yes,native,native,highschool,highschool,1,samestate,1,white,0,White,none,agnostic,0,0,1,0,0,0,0,0,independent,3,trump,5,5,1.62,3,5,5,0,0,3,0,0,0,0,0,0
LpqRCubqp,SereneHyena,Left,Before,25.6,34,-118,1,75,66,male,male,straight,straight,no,no,native,native,postgrad,masters,5,equalabroad,5,white,0,White,christian,protestant,3,5,6,5,5,5,3,3,democrat,2,biden,6,4,1.38,4,3,2,0,0,3,0,0,0,0,2,4
LOraSucAr,ZenBat,Left,Before,27.8,42,-88,1,76,45,male,male,gay,gay,no,yes,native,native,highschool,highschool,1,sameregion,2,white,0,White,other,other,2,3.33,4,2,3,5,1,1,republican,6,biden,6,4,1.23,1,2,4,0,0,4,0,0,0,0,1,0
LnFkQuPPx,SunnySalamander,Left,Before,29.8,33,-97,1,77,55,male,male,queer,bipan,no,yes,native,native,postgrad,masters,5,manyregions,3,white,0,White,christian,protestant,3,3,3,3,3,3,2,0,democrat,0,biden,6,5,1.62,5,4,5,0,0,1,0,0,0,0,2,0
LxlKvESKz,EsteemedSquirrel,Left,Before,23.3,41,-74,1,76,65,male,male,straight,straight,no,no,native,native,NA,NA,NA,samestate,1,white,0,"White,Caucasian",none,agnostic,0,5,5,5,5,5,2,3,independent,3,biden,10,5,2.08,5,3,1,3,2,3,0,1,0,0,3,2
LbDCuvuCS,AmiableTortoise,Left,Before,21.7,38,-93,1,75,23,female,female,straight,straight,no,no,native,native,undergrad,fouryrcollege,4,samestate,1,white,0,"White,Caucasian",christian,protestant,2,2.33,4,2,2,3,3,3,republican,4,biden,11,5,2.54,2,3,5,5,2,5,1,2,1,0,3,NA
LtuCLppNk,EncouragingLadybug,Left,Before,17.3,34,-118,1,75,23,female,female,NA,NA,no,no,native,native,undergrad,fouryrcollege,4,sametown,0,asian,0,Asian,NA,NA,0,4.33,4,4,5,4,2,NA,independent,3,biden,6,4,1.46,0,4,4,0,0,4,1,2,0,0,0,0
LjVJekdqI,FantasticPython,Left,Before,11.2,37,-122,1,77,29,male,male,straight,straight,no,no,native,native,undergrad,fouryrcollege,4,sametown,0,asian,0,Chinese,none,atheist,0,1,2,1,1,1,1,0,democrat,2,biden,4,4,1,0,3,3,0,0,3,0,0,0,0,0,0
LTyLdxhEH,InnovativeOcelot,Left,Before,38.2,35,-119,1,76,59,female,female,straight,straight,no,no,native,native,NA,NA,NA,manyregions,3,white,0,White,christian,catholic,1,3.33,4,4,3,3,2,2,independent,3,other,7,5,1.46,1,3,3,1,0,5,0,0,0,0,1,NA
Lsplfbhpd,BenevolentKangaroo,Left,Before,36.5,37,-76,1,75,66,female,female,straight,straight,no,no,native,native,somecollege,twoyrcollege,3,samestate,1,white,0,White,other,other,3,4.67,5,5,5,4,2,2,republican,5,trump,5,5,1.46,5,0,0,0,0,3,0,0,0,3,3,0
LPZjPqHNL,ValorousMoose,Left,Before,23.6,28,-81,1,75,35,male,male,straight,straight,no,no,native,native,highschool,highschool,1,sameregion,2,white,0,"White,Caucasian",christian,protestant,3,4,4,4,4,4,1,1,independent,3,novote,9,5,1.69,3,3,4,1,1,3,0,1,0,0,1,0
LvMVsdfND,ForgivingImpala,Left,Before,49,28,-82,1,76,45,male,male,straight,straight,no,no,native,native,undergrad,fouryrcollege,4,sameregion,2,black,0,Black,christian,protestant,3,4.67,5,3,6,5,2,0,independent,3,trump,5,5,1.38,4,0,3,1,0,0,0,0,0,0,5,0
LMjIGUHQH,CaptivatingGoat,Left,Before,27,42,-78,1,75,35,male,male,straight,straight,no,no,native,native,undergrad,fouryrcollege,4,sametown,0,white,0,White,christian,protestant,2,1,2,1,1,1,1,1,republican,4,trump,7,5,1.62,5,2,3,3,0,2,0,0,0,0,0,1
LiXWkrhuM,NotableEmu,Left,Before,137.2,38,-122,1,78,39,male,male,gay,gay,no,yes,native,native,NA,NA,NA,someabroad,4,asian,0,Chinese,none,atheist,0,3.67,3,4,1,6,3,2,independent,3,biden,8,5,1.92,3,5,5,1,1,2,0,0,0,0,5,NA
LrHDFWwmc,EloquentOrangutan,Left,After,1314,39,-77,1,NA,NA,NA,NA,NA,NA,NA,NA,NA,NA,NA,NA,NA,NA,NA,NA,NA,NA,NA,NA,NA,NA,NA,NA,NA,NA,NA,NA,NA,NA,NA,NA,NA,NA,NA,NA,NA,NA,NA,NA,NA,NA,NA,NA,NA,NA
LNelNyGco,JoyousFirefly,Left,After,1724,43,-85,1,NA,NA,NA,NA,NA,NA,NA,NA,NA,NA,NA,NA,NA,NA,NA,NA,NA,NA,NA,NA,NA,NA,NA,NA,NA,NA,NA,NA,NA,NA,NA,NA,NA,NA,NA,NA,NA,NA,NA,NA,NA,NA,NA,NA,NA,NA
LLQEYFuKR,InsightfulHornet,Left,After,2192,34,-118,1,NA,NA,NA,NA,NA,NA,NA,NA,NA,NA,NA,NA,NA,NA,NA,NA,NA,NA,NA,NA,NA,NA,NA,NA,NA,NA,NA,NA,NA,NA,NA,NA,NA,NA,NA,NA,NA,NA,NA,NA,NA,NA,NA,NA,NA,NA
LZpJmXfOI,EnthusiasticBee,Left,After,1081,29,-82,1,NA,NA,NA,NA,NA,NA,NA,NA,NA,NA,NA,NA,NA,NA,NA,NA,NA,NA,NA,NA,NA,NA,NA,NA,NA,NA,NA,NA,NA,NA,NA,NA,NA,NA,NA,NA,NA,NA,NA,NA,NA,NA,NA,NA,NA,NA
LKJPvqFox,DiligentKiwi,Left,After,1729,33,-97,1,NA,NA,NA,NA,NA,NA,NA,NA,NA,NA,NA,NA,NA,NA,NA,NA,NA,NA,NA,NA,NA,NA,NA,NA,NA,NA,NA,NA,NA,NA,NA,NA,NA,NA,NA,NA,NA,NA,NA,NA,NA,NA,NA,NA,NA,NA
LLketqeRT,ConfidentPanther,Left,After,2165,44,-70,1,NA,NA,NA,NA,NA,NA,NA,NA,NA,NA,NA,NA,NA,NA,NA,NA,NA,NA,NA,NA,NA,NA,NA,NA,NA,NA,NA,NA,NA,NA,NA,NA,NA,NA,NA,NA,NA,NA,NA,NA,NA,NA,NA,NA,NA,NA
LUdcJiGfu,GloriousJaguar,Left,After,1547,40,-83,1,NA,NA,NA,NA,NA,NA,NA,NA,NA,NA,NA,NA,NA,NA,NA,NA,NA,NA,NA,NA,NA,NA,NA,NA,NA,NA,NA,NA,NA,NA,NA,NA,NA,NA,NA,NA,NA,NA,NA,NA,NA,NA,NA,NA,NA,NA
LbWXQecJa,EmpatheticDragonfly,Left,After,1480,43,-86,1,NA,NA,NA,NA,NA,NA,NA,NA,NA,NA,NA,NA,NA,NA,NA,NA,NA,NA,NA,NA,NA,NA,NA,NA,NA,NA,NA,NA,NA,NA,NA,NA,NA,NA,NA,NA,NA,NA,NA,NA,NA,NA,NA,NA,NA,NA
LZTWcQlWf,YoungHawk,Left,After,1553,36,-87,1,NA,NA,NA,NA,NA,NA,NA,NA,NA,NA,NA,NA,NA,NA,NA,NA,NA,NA,NA,NA,NA,NA,NA,NA,NA,NA,NA,NA,NA,NA,NA,NA,NA,NA,NA,NA,NA,NA,NA,NA,NA,NA,NA,NA,NA,NA
LEPaiUTuc,WarmTurkey,Left,After,955,48,-122,1,NA,NA,NA,NA,NA,NA,NA,NA,NA,NA,NA,NA,NA,NA,NA,NA,NA,NA,NA,NA,NA,NA,NA,NA,NA,NA,NA,NA,NA,NA,NA,NA,NA,NA,NA,NA,NA,NA,NA,NA,NA,NA,NA,NA,NA,NA
LnzUOcKMw,HarmoniousCat,Left,After,1782,43,-79,1,NA,NA,NA,NA,NA,NA,NA,NA,NA,NA,NA,NA,NA,NA,NA,NA,NA,NA,NA,NA,NA,NA,NA,NA,NA,NA,NA,NA,NA,NA,NA,NA,NA,NA,NA,NA,NA,NA,NA,NA,NA,NA,NA,NA,NA,NA
LvLODQtqx,AmbitiousManatee,Left,After,1345,45,-93,1,NA,NA,NA,NA,NA,NA,NA,NA,NA,NA,NA,NA,NA,NA,NA,NA,NA,NA,NA,NA,NA,NA,NA,NA,NA,NA,NA,NA,NA,NA,NA,NA,NA,NA,NA,NA,NA,NA,NA,NA,NA,NA,NA,NA,NA,NA
LolnzNwuy,HumbleLorikeet,Left,After,1849,36,-84,1,NA,NA,NA,NA,NA,NA,NA,NA,NA,NA,NA,NA,NA,NA,NA,NA,NA,NA,NA,NA,NA,NA,NA,NA,NA,NA,NA,NA,NA,NA,NA,NA,NA,NA,NA,NA,NA,NA,NA,NA,NA,NA,NA,NA,NA,NA
LsDqRoBQf,VibrantMantis,Left,After,1602,36,-89,1,NA,NA,NA,NA,NA,NA,NA,NA,NA,NA,NA,NA,NA,NA,NA,NA,NA,NA,NA,NA,NA,NA,NA,NA,NA,NA,NA,NA,NA,NA,NA,NA,NA,NA,NA,NA,NA,NA,NA,NA,NA,NA,NA,NA,NA,NA
LBvKkhRlJ,CaringGecko,Left,After,2282,36,-115,1,NA,NA,NA,NA,NA,NA,NA,NA,NA,NA,NA,NA,NA,NA,NA,NA,NA,NA,NA,NA,NA,NA,NA,NA,NA,NA,NA,NA,NA,NA,NA,NA,NA,NA,NA,NA,NA,NA,NA,NA,NA,NA,NA,NA,NA,NA
LnoyrTzrd,JoyfulNewt,Left,After,1311,29,-99,1,NA,NA,NA,NA,NA,NA,NA,NA,NA,NA,NA,NA,NA,NA,NA,NA,NA,NA,NA,NA,NA,NA,NA,NA,NA,NA,NA,NA,NA,NA,NA,NA,NA,NA,NA,NA,NA,NA,NA,NA,NA,NA,NA,NA,NA,NA
LZlCpSpOf,DeterminedSeahorse,Left,After,2039,35,-112,1,NA,NA,NA,NA,NA,NA,NA,NA,NA,NA,NA,NA,NA,NA,NA,NA,NA,NA,NA,NA,NA,NA,NA,NA,NA,NA,NA,NA,NA,NA,NA,NA,NA,NA,NA,NA,NA,NA,NA,NA,NA,NA,NA,NA,NA,NA
LnFsbltvX,CapableCobra,Left,After,1222,58,-135,1,NA,NA,NA,NA,NA,NA,NA,NA,NA,NA,NA,NA,NA,NA,NA,NA,NA,NA,NA,NA,NA,NA,NA,NA,NA,NA,NA,NA,NA,NA,NA,NA,NA,NA,NA,NA,NA,NA,NA,NA,NA,NA,NA,NA,NA,NA
LKEkJstrJ,YearningHare,Left,After,1299,48,-122,1,NA,NA,NA,NA,NA,NA,NA,NA,NA,NA,NA,NA,NA,NA,NA,NA,NA,NA,NA,NA,NA,NA,NA,NA,NA,NA,NA,NA,NA,NA,NA,NA,NA,NA,NA,NA,NA,NA,NA,NA,NA,NA,NA,NA,NA,NA
LNwkqmGPm,VividGiraffe,Left,After,542,42,-81,1,NA,NA,NA,NA,NA,NA,NA,NA,NA,NA,NA,NA,NA,NA,NA,NA,NA,NA,NA,NA,NA,NA,NA,NA,NA,NA,NA,NA,NA,NA,NA,NA,NA,NA,NA,NA,NA,NA,NA,NA,NA,NA,NA,NA,NA,NA
LNZUzFmIE,AffectionateWolf,Left,After,3114,46,-123,1,NA,NA,NA,NA,NA,NA,NA,NA,NA,NA,NA,NA,NA,NA,NA,NA,NA,NA,NA,NA,NA,NA,NA,NA,NA,NA,NA,NA,NA,NA,NA,NA,NA,NA,NA,NA,NA,NA,NA,NA,NA,NA,NA,NA,NA,NA
LBWlVueLB,RespectfulOwl,Left,After,847,36,-79,1,NA,NA,NA,NA,NA,NA,NA,NA,NA,NA,NA,NA,NA,NA,NA,NA,NA,NA,NA,NA,NA,NA,NA,NA,NA,NA,NA,NA,NA,NA,NA,NA,NA,NA,NA,NA,NA,NA,NA,NA,NA,NA,NA,NA,NA,NA
LdhBfVGlb,CourteousAntelope,Left,After,2537,30,-82,1,NA,NA,NA,NA,NA,NA,NA,NA,NA,NA,NA,NA,NA,NA,NA,NA,NA,NA,NA,NA,NA,NA,NA,NA,NA,NA,NA,NA,NA,NA,NA,NA,NA,NA,NA,NA,NA,NA,NA,NA,NA,NA,NA,NA,NA,NA
LwUIOMvNp,CheerfulJackal,Left,After,874,48,-123,1,NA,NA,NA,NA,NA,NA,NA,NA,NA,NA,NA,NA,NA,NA,NA,NA,NA,NA,NA,NA,NA,NA,NA,NA,NA,NA,NA,NA,NA,NA,NA,NA,NA,NA,NA,NA,NA,NA,NA,NA,NA,NA,NA,NA,NA,NA
LyUGjBPRe,DelightfulEgret,Left,After,1939,31,-82,1,NA,NA,NA,NA,NA,NA,NA,NA,NA,NA,NA,NA,NA,NA,NA,NA,NA,NA,NA,NA,NA,NA,NA,NA,NA,NA,NA,NA,NA,NA,NA,NA,NA,NA,NA,NA,NA,NA,NA,NA,NA,NA,NA,NA,NA,NA
LqRazHZcr,IdealEel,Left,After,2043,34,-84,1,NA,NA,NA,NA,NA,NA,NA,NA,NA,NA,NA,NA,NA,NA,NA,NA,NA,NA,NA,NA,NA,NA,NA,NA,NA,NA,NA,NA,NA,NA,NA,NA,NA,NA,NA,NA,NA,NA,NA,NA,NA,NA,NA,NA,NA,NA
LLRbHXApA,DynamicSparrow,Left,After,1797,35,-107,1,NA,NA,NA,NA,NA,NA,NA,NA,NA,NA,NA,NA,NA,NA,NA,NA,NA,NA,NA,NA,NA,NA,NA,NA,NA,NA,NA,NA,NA,NA,NA,NA,NA,NA,NA,NA,NA,NA,NA,NA,NA,NA,NA,NA,NA,NA
LmLWdCmsi,CalmUnicorn,Left,After,2114,33,-98,1,NA,NA,NA,NA,NA,NA,NA,NA,NA,NA,NA,NA,NA,NA,NA,NA,NA,NA,NA,NA,NA,NA,NA,NA,NA,NA,NA,NA,NA,NA,NA,NA,NA,NA,NA,NA,NA,NA,NA,NA,NA,NA,NA,NA,NA,NA
LyElcXYNr,FearlessHippopotamus,Left,After,1982,30,-92,1,NA,NA,NA,NA,NA,NA,NA,NA,NA,NA,NA,NA,NA,NA,NA,NA,NA,NA,NA,NA,NA,NA,NA,NA,NA,NA,NA,NA,NA,NA,NA,NA,NA,NA,NA,NA,NA,NA,NA,NA,NA,NA,NA,NA,NA,NA
LAfyFIhAT,UpbeatParrot,Left,After,1291,39,-77,1,NA,NA,NA,NA,NA,NA,NA,NA,NA,NA,NA,NA,NA,NA,NA,NA,NA,NA,NA,NA,NA,NA,NA,NA,NA,NA,NA,NA,NA,NA,NA,NA,NA,NA,NA,NA,NA,NA,NA,NA,NA,NA,NA,NA,NA,NA
LyGrZyFkO,GenerousArmadillo,Left,After,1100,34,-118,1,NA,NA,NA,NA,NA,NA,NA,NA,NA,NA,NA,NA,NA,NA,NA,NA,NA,NA,NA,NA,NA,NA,NA,NA,NA,NA,NA,NA,NA,NA,NA,NA,NA,NA,NA,NA,NA,NA,NA,NA,NA,NA,NA,NA,NA,NA
LbDCuvuCS,AmiableTortoise,Left,After,1110,39,-91,1,NA,NA,NA,NA,NA,NA,NA,NA,NA,NA,NA,NA,NA,NA,NA,NA,NA,NA,NA,NA,NA,NA,NA,NA,NA,NA,NA,NA,NA,NA,NA,NA,NA,NA,NA,NA,NA,NA,NA,NA,NA,NA,NA,NA,NA,NA
LYerFePTo,BeneficialMacaw,Left,After,1094,36,-80,1,NA,NA,NA,NA,NA,NA,NA,NA,NA,NA,NA,NA,NA,NA,NA,NA,NA,NA,NA,NA,NA,NA,NA,NA,NA,NA,NA,NA,NA,NA,NA,NA,NA,NA,NA,NA,NA,NA,NA,NA,NA,NA,NA,NA,NA,NA
LapUFrekf,MagnificentPig,Left,After,2387,38,-122,1,NA,NA,NA,NA,NA,NA,NA,NA,NA,NA,NA,NA,NA,NA,NA,NA,NA,NA,NA,NA,NA,NA,NA,NA,NA,NA,NA,NA,NA,NA,NA,NA,NA,NA,NA,NA,NA,NA,NA,NA,NA,NA,NA,NA,NA,NA
LZropcRFA,HopefulBoa,Left,After,2102,35,-92,1,NA,NA,NA,NA,NA,NA,NA,NA,NA,NA,NA,NA,NA,NA,NA,NA,NA,NA,NA,NA,NA,NA,NA,NA,NA,NA,NA,NA,NA,NA,NA,NA,NA,NA,NA,NA,NA,NA,NA,NA,NA,NA,NA,NA,NA,NA
LWDdYGhrt,MarvelousChimpanzee,Left,After,1212,30,-83,1,NA,NA,NA,NA,NA,NA,NA,NA,NA,NA,NA,NA,NA,NA,NA,NA,NA,NA,NA,NA,NA,NA,NA,NA,NA,NA,NA,NA,NA,NA,NA,NA,NA,NA,NA,NA,NA,NA,NA,NA,NA,NA,NA,NA,NA,NA
LZECCxqyz,QuickOstrich,Left,After,1739,30,-91,1,NA,NA,NA,NA,NA,NA,NA,NA,NA,NA,NA,NA,NA,NA,NA,NA,NA,NA,NA,NA,NA,NA,NA,NA,NA,NA,NA,NA,NA,NA,NA,NA,NA,NA,NA,NA,NA,NA,NA,NA,NA,NA,NA,NA,NA,NA
LHATOEOwt,YouthfulPeacock,Left,After,2568,39,-121,1,NA,NA,NA,NA,NA,NA,NA,NA,NA,NA,NA,NA,NA,NA,NA,NA,NA,NA,NA,NA,NA,NA,NA,NA,NA,NA,NA,NA,NA,NA,NA,NA,NA,NA,NA,NA,NA,NA,NA,NA,NA,NA,NA,NA,NA,NA
LvFmOFktq,CompassionateGopher,Left,After,1235,37,-120,1,NA,NA,NA,NA,NA,NA,NA,NA,NA,NA,NA,NA,NA,NA,NA,NA,NA,NA,NA,NA,NA,NA,NA,NA,NA,NA,NA,NA,NA,NA,NA,NA,NA,NA,NA,NA,NA,NA,NA,NA,NA,NA,NA,NA,NA,NA
LxiwGFCNW,ReliableOctopus,Left,After,2233,37,-90,1,NA,NA,NA,NA,NA,NA,NA,NA,NA,NA,NA,NA,NA,NA,NA,NA,NA,NA,NA,NA,NA,NA,NA,NA,NA,NA,NA,NA,NA,NA,NA,NA,NA,NA,NA,NA,NA,NA,NA,NA,NA,NA,NA,NA,NA,NA
LjVJekdqI,FantasticPython,Left,After,504,37,-122,1,NA,NA,NA,NA,NA,NA,NA,NA,NA,NA,NA,NA,NA,NA,NA,NA,NA,NA,NA,NA,NA,NA,NA,NA,NA,NA,NA,NA,NA,NA,NA,NA,NA,NA,NA,NA,NA,NA,NA,NA,NA,NA,NA,NA,NA,NA
LvRkWKiQf,KindDeer,Left,After,1414,41,-74,1,NA,NA,NA,NA,NA,NA,NA,NA,NA,NA,NA,NA,NA,NA,NA,NA,NA,NA,NA,NA,NA,NA,NA,NA,NA,NA,NA,NA,NA,NA,NA,NA,NA,NA,NA,NA,NA,NA,NA,NA,NA,NA,NA,NA,NA,NA
LRrsRqdUz,ExcitingTurtle,Left,After,3525,29,-81,1,NA,NA,NA,NA,NA,NA,NA,NA,NA,NA,NA,NA,NA,NA,NA,NA,NA,NA,NA,NA,NA,NA,NA,NA,NA,NA,NA,NA,NA,NA,NA,NA,NA,NA,NA,NA,NA,NA,NA,NA,NA,NA,NA,NA,NA,NA
LlzFSBekV,SympatheticQuokka,Left,After,1442,40,-75,1,NA,NA,NA,NA,NA,NA,NA,NA,NA,NA,NA,NA,NA,NA,NA,NA,NA,NA,NA,NA,NA,NA,NA,NA,NA,NA,NA,NA,NA,NA,NA,NA,NA,NA,NA,NA,NA,NA,NA,NA,NA,NA,NA,NA,NA,NA
LtuCLppNk,EncouragingLadybug,Left,After,1825,34,-118,1,NA,NA,NA,NA,NA,NA,NA,NA,NA,NA,NA,NA,NA,NA,NA,NA,NA,NA,NA,NA,NA,NA,NA,NA,NA,NA,NA,NA,NA,NA,NA,NA,NA,NA,NA,NA,NA,NA,NA,NA,NA,NA,NA,NA,NA,NA
LXXmkydGq,CleverJellyfish,Left,After,882,26,-80,1,NA,NA,NA,NA,NA,NA,NA,NA,NA,NA,NA,NA,NA,NA,NA,NA,NA,NA,NA,NA,NA,NA,NA,NA,NA,NA,NA,NA,NA,NA,NA,NA,NA,NA,NA,NA,NA,NA,NA,NA,NA,NA,NA,NA,NA,NA
LVQepDJIr,GenuineIguana,Left,After,1709,40,-87,1,NA,NA,NA,NA,NA,NA,NA,NA,NA,NA,NA,NA,NA,NA,NA,NA,NA,NA,NA,NA,NA,NA,NA,NA,NA,NA,NA,NA,NA,NA,NA,NA,NA,NA,NA,NA,NA,NA,NA,NA,NA,NA,NA,NA,NA,NA
LnFkQuPPx,SunnySalamander,Left,After,2996,33,-97,1,NA,NA,NA,NA,NA,NA,NA,NA,NA,NA,NA,NA,NA,NA,NA,NA,NA,NA,NA,NA,NA,NA,NA,NA,NA,NA,NA,NA,NA,NA,NA,NA,NA,NA,NA,NA,NA,NA,NA,NA,NA,NA,NA,NA,NA,NA
LbxncFhpF,OriginalEchidna,Left,After,1059,35,-97,1,NA,NA,NA,NA,NA,NA,NA,NA,NA,NA,NA,NA,NA,NA,NA,NA,NA,NA,NA,NA,NA,NA,NA,NA,NA,NA,NA,NA,NA,NA,NA,NA,NA,NA,NA,NA,NA,NA,NA,NA,NA,NA,NA,NA,NA,NA
LabjVdrvp,SmilingWhale,Left,After,1979,42,-112,1,NA,NA,NA,NA,NA,NA,NA,NA,NA,NA,NA,NA,NA,NA,NA,NA,NA,NA,NA,NA,NA,NA,NA,NA,NA,NA,NA,NA,NA,NA,NA,NA,NA,NA,NA,NA,NA,NA,NA,NA,NA,NA,NA,NA,NA,NA
LbRvugFnz,DazzlingLamb,Left,After,1541,38,-85,1,NA,NA,NA,NA,NA,NA,NA,NA,NA,NA,NA,NA,NA,NA,NA,NA,NA,NA,NA,NA,NA,NA,NA,NA,NA,NA,NA,NA,NA,NA,NA,NA,NA,NA,NA,NA,NA,NA,NA,NA,NA,NA,NA,NA,NA,NA
LDxtaDEKz,LavishPenguin,Left,After,1275,43,-86,1,NA,NA,NA,NA,NA,NA,NA,NA,NA,NA,NA,NA,NA,NA,NA,NA,NA,NA,NA,NA,NA,NA,NA,NA,NA,NA,NA,NA,NA,NA,NA,NA,NA,NA,NA,NA,NA,NA,NA,NA,NA,NA,NA,NA,NA,NA
LdGpbosat,MerryToucan,Left,After,1072,34,-86,1,NA,NA,NA,NA,NA,NA,NA,NA,NA,NA,NA,NA,NA,NA,NA,NA,NA,NA,NA,NA,NA,NA,NA,NA,NA,NA,NA,NA,NA,NA,NA,NA,NA,NA,NA,NA,NA,NA,NA,NA,NA,NA,NA,NA,NA,NA
LHaOTSSOP,UniqueSnail,Left,After,2919,37,-77,1,NA,NA,NA,NA,NA,NA,NA,NA,NA,NA,NA,NA,NA,NA,NA,NA,NA,NA,NA,NA,NA,NA,NA,NA,NA,NA,NA,NA,NA,NA,NA,NA,NA,NA,NA,NA,NA,NA,NA,NA,NA,NA,NA,NA,NA,NA
LjsiDEImn,OptimisticQuoll,Left,After,1760,40,-78,1,NA,NA,NA,NA,NA,NA,NA,NA,NA,NA,NA,NA,NA,NA,NA,NA,NA,NA,NA,NA,NA,NA,NA,NA,NA,NA,NA,NA,NA,NA,NA,NA,NA,NA,NA,NA,NA,NA,NA,NA,NA,NA,NA,NA,NA,NA
LfHkscoRu,ArtisticFinch,Left,After,1395,36,-81,1,NA,NA,NA,NA,NA,NA,NA,NA,NA,NA,NA,NA,NA,NA,NA,NA,NA,NA,NA,NA,NA,NA,NA,NA,NA,NA,NA,NA,NA,NA,NA,NA,NA,NA,NA,NA,NA,NA,NA,NA,NA,NA,NA,NA,NA,NA
LpyOTvftT,BrilliantKookaburra,Left,After,877,35,-78,1,NA,NA,NA,NA,NA,NA,NA,NA,NA,NA,NA,NA,NA,NA,NA,NA,NA,NA,NA,NA,NA,NA,NA,NA,NA,NA,NA,NA,NA,NA,NA,NA,NA,NA,NA,NA,NA,NA,NA,NA,NA,NA,NA,NA,NA,NA
LxlKvESKz,EsteemedSquirrel,Left,After,1733,41,-74,1,NA,NA,NA,NA,NA,NA,NA,NA,NA,NA,NA,NA,NA,NA,NA,NA,NA,NA,NA,NA,NA,NA,NA,NA,NA,NA,NA,NA,NA,NA,NA,NA,NA,NA,NA,NA,NA,NA,NA,NA,NA,NA,NA,NA,NA,NA
LfOtXlrSt,MajesticPlatypus,Left,After,1346,34,-118,1,NA,NA,NA,NA,NA,NA,NA,NA,NA,NA,NA,NA,NA,NA,NA,NA,NA,NA,NA,NA,NA,NA,NA,NA,NA,NA,NA,NA,NA,NA,NA,NA,NA,NA,NA,NA,NA,NA,NA,NA,NA,NA,NA,NA,NA,NA
LiJGEmKbF,KindheartedStingray,Left,After,3161,43,-83,1,NA,NA,NA,NA,NA,NA,NA,NA,NA,NA,NA,NA,NA,NA,NA,NA,NA,NA,NA,NA,NA,NA,NA,NA,NA,NA,NA,NA,NA,NA,NA,NA,NA,NA,NA,NA,NA,NA,NA,NA,NA,NA,NA,NA,NA,NA
LLFYLEmff,TrustworthyAlligator,Left,After,1385,36,-115,1,NA,NA,NA,NA,NA,NA,NA,NA,NA,NA,NA,NA,NA,NA,NA,NA,NA,NA,NA,NA,NA,NA,NA,NA,NA,NA,NA,NA,NA,NA,NA,NA,NA,NA,NA,NA,NA,NA,NA,NA,NA,NA,NA,NA,NA,NA
LxbSAxgVY,GracefulPorcupine,Left,After,1455,40,-74,1,NA,NA,NA,NA,NA,NA,NA,NA,NA,NA,NA,NA,NA,NA,NA,NA,NA,NA,NA,NA,NA,NA,NA,NA,NA,NA,NA,NA,NA,NA,NA,NA,NA,NA,NA,NA,NA,NA,NA,NA,NA,NA,NA,NA,NA,NA
LlTonJcYQ,FaithfulRhinoceros,Left,After,1391,37,-80,1,NA,NA,NA,NA,NA,NA,NA,NA,NA,NA,NA,NA,NA,NA,NA,NA,NA,NA,NA,NA,NA,NA,NA,NA,NA,NA,NA,NA,NA,NA,NA,NA,NA,NA,NA,NA,NA,NA,NA,NA,NA,NA,NA,NA,NA,NA
LLRMRaJcN,LightheartedWoodpecker,Left,After,3582,42,-71,1,NA,NA,NA,NA,NA,NA,NA,NA,NA,NA,NA,NA,NA,NA,NA,NA,NA,NA,NA,NA,NA,NA,NA,NA,NA,NA,NA,NA,NA,NA,NA,NA,NA,NA,NA,NA,NA,NA,NA,NA,NA,NA,NA,NA,NA,NA
LbceCmLrX,ThoughtfulCricket,Left,After,1832,42,-88,1,NA,NA,NA,NA,NA,NA,NA,NA,NA,NA,NA,NA,NA,NA,NA,NA,NA,NA,NA,NA,NA,NA,NA,NA,NA,NA,NA,NA,NA,NA,NA,NA,NA,NA,NA,NA,NA,NA,NA,NA,NA,NA,NA,NA,NA,NA
LDiJWJnMH,AmazingIbis,Left,After,1574,29,-81,1,NA,NA,NA,NA,NA,NA,NA,NA,NA,NA,NA,NA,NA,NA,NA,NA,NA,NA,NA,NA,NA,NA,NA,NA,NA,NA,NA,NA,NA,NA,NA,NA,NA,NA,NA,NA,NA,NA,NA,NA,NA,NA,NA,NA,NA,NA
LiXWkrhuM,NotableEmu,Left,After,869,38,-122,1,NA,NA,NA,NA,NA,NA,NA,NA,NA,NA,NA,NA,NA,NA,NA,NA,NA,NA,NA,NA,NA,NA,NA,NA,NA,NA,NA,NA,NA,NA,NA,NA,NA,NA,NA,NA,NA,NA,NA,NA,NA,NA,NA,NA,NA,NA
LWnuENIED,WiseKingfisher,Left,After,1002,47,-69,1,NA,NA,NA,NA,NA,NA,NA,NA,NA,NA,NA,NA,NA,NA,NA,NA,NA,NA,NA,NA,NA,NA,NA,NA,NA,NA,NA,NA,NA,NA,NA,NA,NA,NA,NA,NA,NA,NA,NA,NA,NA,NA,NA,NA,NA,NA
LAnqgqolk,WonderfulGorilla,Left,After,4724,43,-89,1,NA,NA,NA,NA,NA,NA,NA,NA,NA,NA,NA,NA,NA,NA,NA,NA,NA,NA,NA,NA,NA,NA,NA,NA,NA,NA,NA,NA,NA,NA,NA,NA,NA,NA,NA,NA,NA,NA,NA,NA,NA,NA,NA,NA,NA,NA
LBbUKBTkJ,CourageousPorpoise,Left,After,891,27,-82,1,NA,NA,NA,NA,NA,NA,NA,NA,NA,NA,NA,NA,NA,NA,NA,NA,NA,NA,NA,NA,NA,NA,NA,NA,NA,NA,NA,NA,NA,NA,NA,NA,NA,NA,NA,NA,NA,NA,NA,NA,NA,NA,NA,NA,NA,NA
LpqRCubqp,SereneHyena,Left,After,1650,34,-118,1,NA,NA,NA,NA,NA,NA,NA,NA,NA,NA,NA,NA,NA,NA,NA,NA,NA,NA,NA,NA,NA,NA,NA,NA,NA,NA,NA,NA,NA,NA,NA,NA,NA,NA,NA,NA,NA,NA,NA,NA,NA,NA,NA,NA,NA,NA
LKkkDmpND,MotivatedBandicoot,Left,After,2985,36,-87,1,NA,NA,NA,NA,NA,NA,NA,NA,NA,NA,NA,NA,NA,NA,NA,NA,NA,NA,NA,NA,NA,NA,NA,NA,NA,NA,NA,NA,NA,NA,NA,NA,NA,NA,NA,NA,NA,NA,NA,NA,NA,NA,NA,NA,NA,NA
LaOzQWtHk,CreativeTiger,Left,After,2568,40,-77,1,NA,NA,NA,NA,NA,NA,NA,NA,NA,NA,NA,NA,NA,NA,NA,NA,NA,NA,NA,NA,NA,NA,NA,NA,NA,NA,NA,NA,NA,NA,NA,NA,NA,NA,NA,NA,NA,NA,NA,NA,NA,NA,NA,NA,NA,NA
LtmNWsspQ,EnergeticDragon,Left,After,916,34,-118,1,NA,NA,NA,NA,NA,NA,NA,NA,NA,NA,NA,NA,NA,NA,NA,NA,NA,NA,NA,NA,NA,NA,NA,NA,NA,NA,NA,NA,NA,NA,NA,NA,NA,NA,NA,NA,NA,NA,NA,NA,NA,NA,NA,NA,NA,NA
LjVpvdmKg,ThrivingHorse,Left,After,2340,33,-97,1,NA,NA,NA,NA,NA,NA,NA,NA,NA,NA,NA,NA,NA,NA,NA,NA,NA,NA,NA,NA,NA,NA,NA,NA,NA,NA,NA,NA,NA,NA,NA,NA,NA,NA,NA,NA,NA,NA,NA,NA,NA,NA,NA,NA,NA,NA
Lsplfbhpd,BenevolentKangaroo,Left,After,2376,37,-76,1,NA,NA,NA,NA,NA,NA,NA,NA,NA,NA,NA,NA,NA,NA,NA,NA,NA,NA,NA,NA,NA,NA,NA,NA,NA,NA,NA,NA,NA,NA,NA,NA,NA,NA,NA,NA,NA,NA,NA,NA,NA,NA,NA,NA,NA,NA
LOraSucAr,ZenBat,Left,After,1759,42,-88,1,NA,NA,NA,NA,NA,NA,NA,NA,NA,NA,NA,NA,NA,NA,NA,NA,NA,NA,NA,NA,NA,NA,NA,NA,NA,NA,NA,NA,NA,NA,NA,NA,NA,NA,NA,NA,NA,NA,NA,NA,NA,NA,NA,NA,NA,NA
LxGkigkNf,DependableWalrus,Left,After,1156,38,-121,1,NA,NA,NA,NA,NA,NA,NA,NA,NA,NA,NA,NA,NA,NA,NA,NA,NA,NA,NA,NA,NA,NA,NA,NA,NA,NA,NA,NA,NA,NA,NA,NA,NA,NA,NA,NA,NA,NA,NA,NA,NA,NA,NA,NA,NA,NA
LMbpVZmpx,UnderstandingPossum,Left,After,2511,40,-120,1,NA,NA,NA,NA,NA,NA,NA,NA,NA,NA,NA,NA,NA,NA,NA,NA,NA,NA,NA,NA,NA,NA,NA,NA,NA,NA,NA,NA,NA,NA,NA,NA,NA,NA,NA,NA,NA,NA,NA,NA,NA,NA,NA,NA,NA,NA
LvMVsdfND,ForgivingImpala,Left,After,3321,28,-82,1,NA,NA,NA,NA,NA,NA,NA,NA,NA,NA,NA,NA,NA,NA,NA,NA,NA,NA,NA,NA,NA,NA,NA,NA,NA,NA,NA,NA,NA,NA,NA,NA,NA,NA,NA,NA,NA,NA,NA,NA,NA,NA,NA,NA,NA,NA
LhSqyIwZi,NeatChicken,Left,After,1013,26,-80,1,NA,NA,NA,NA,NA,NA,NA,NA,NA,NA,NA,NA,NA,NA,NA,NA,NA,NA,NA,NA,NA,NA,NA,NA,NA,NA,NA,NA,NA,NA,NA,NA,NA,NA,NA,NA,NA,NA,NA,NA,NA,NA,NA,NA,NA,NA
LgBJrDnRr,ComposedDolphin,Left,After,839,36,-115,1,NA,NA,NA,NA,NA,NA,NA,NA,NA,NA,NA,NA,NA,NA,NA,NA,NA,NA,NA,NA,NA,NA,NA,NA,NA,NA,NA,NA,NA,NA,NA,NA,NA,NA,NA,NA,NA,NA,NA,NA,NA,NA,NA,NA,NA,NA
LtFGnZgXL,SmartGibbon,Left,After,698,39,-77,1,NA,NA,NA,NA,NA,NA,NA,NA,NA,NA,NA,NA,NA,NA,NA,NA,NA,NA,NA,NA,NA,NA,NA,NA,NA,NA,NA,NA,NA,NA,NA,NA,NA,NA,NA,NA,NA,NA,NA,NA,NA,NA,NA,NA,NA,NA
LXGcEtQLw,QuaintPelican,Left,After,1845,43,-76,1,NA,NA,NA,NA,NA,NA,NA,NA,NA,NA,NA,NA,NA,NA,NA,NA,NA,NA,NA,NA,NA,NA,NA,NA,NA,NA,NA,NA,NA,NA,NA,NA,NA,NA,NA,NA,NA,NA,NA,NA,NA,NA,NA,NA,NA,NA
LTCYwtjBg,SweetGazelle,Left,After,1257,41,-82,1,NA,NA,NA,NA,NA,NA,NA,NA,NA,NA,NA,NA,NA,NA,NA,NA,NA,NA,NA,NA,NA,NA,NA,NA,NA,NA,NA,NA,NA,NA,NA,NA,NA,NA,NA,NA,NA,NA,NA,NA,NA,NA,NA,NA,NA,NA
LCChIJtdZ,VictoriousKoala,Left,After,1416,26,-80,1,NA,NA,NA,NA,NA,NA,NA,NA,NA,NA,NA,NA,NA,NA,NA,NA,NA,NA,NA,NA,NA,NA,NA,NA,NA,NA,NA,NA,NA,NA,NA,NA,NA,NA,NA,NA,NA,NA,NA,NA,NA,NA,NA,NA,NA,NA
LodLELsqH,BrightCamel,Left,After,1795,34,-84,1,NA,NA,NA,NA,NA,NA,NA,NA,NA,NA,NA,NA,NA,NA,NA,NA,NA,NA,NA,NA,NA,NA,NA,NA,NA,NA,NA,NA,NA,NA,NA,NA,NA,NA,NA,NA,NA,NA,NA,NA,NA,NA,NA,NA,NA,NA
Lpzccbjat,SupportiveHeron,Left,After,1623,40,-87,1,NA,NA,NA,NA,NA,NA,NA,NA,NA,NA,NA,NA,NA,NA,NA,NA,NA,NA,NA,NA,NA,NA,NA,NA,NA,NA,NA,NA,NA,NA,NA,NA,NA,NA,NA,NA,NA,NA,NA,NA,NA,NA,NA,NA,NA,NA
LmohptYjX,ImaginativeWolverine,Left,After,3046,45,-93,1,NA,NA,NA,NA,NA,NA,NA,NA,NA,NA,NA,NA,NA,NA,NA,NA,NA,NA,NA,NA,NA,NA,NA,NA,NA,NA,NA,NA,NA,NA,NA,NA,NA,NA,NA,NA,NA,NA,NA,NA,NA,NA,NA,NA,NA,NA
LJyjNrTlD,GentleCrow,Left,After,1101,33,-98,1,NA,NA,NA,NA,NA,NA,NA,NA,NA,NA,NA,NA,NA,NA,NA,NA,NA,NA,NA,NA,NA,NA,NA,NA,NA,NA,NA,NA,NA,NA,NA,NA,NA,NA,NA,NA,NA,NA,NA,NA,NA,NA,NA,NA,NA,NA
LsibxGrzT,TenderWallaby,Left,After,940,41,-76,1,NA,NA,NA,NA,NA,NA,NA,NA,NA,NA,NA,NA,NA,NA,NA,NA,NA,NA,NA,NA,NA,NA,NA,NA,NA,NA,NA,NA,NA,NA,NA,NA,NA,NA,NA,NA,NA,NA,NA,NA,NA,NA,NA,NA,NA,NA
LxaptgYhF,WholesomeHummingbird,Left,After,1359,44,-116,1,NA,NA,NA,NA,NA,NA,NA,NA,NA,NA,NA,NA,NA,NA,NA,NA,NA,NA,NA,NA,NA,NA,NA,NA,NA,NA,NA,NA,NA,NA,NA,NA,NA,NA,NA,NA,NA,NA,NA,NA,NA,NA,NA,NA,NA,NA
LTyLdxhEH,InnovativeOcelot,Left,After,4356,35,-119,1,NA,NA,NA,NA,NA,NA,NA,NA,NA,NA,NA,NA,NA,NA,NA,NA,NA,NA,NA,NA,NA,NA,NA,NA,NA,NA,NA,NA,NA,NA,NA,NA,NA,NA,NA,NA,NA,NA,NA,NA,NA,NA,NA,NA,NA,NA
LVQLTEgNd,QualifiedFrog,Left,After,737,42,-72,1,NA,NA,NA,NA,NA,NA,NA,NA,NA,NA,NA,NA,NA,NA,NA,NA,NA,NA,NA,NA,NA,NA,NA,NA,NA,NA,NA,NA,NA,NA,NA,NA,NA,NA,NA,NA,NA,NA,NA,NA,NA,NA,NA,NA,NA,NA
LMjIGUHQH,CaptivatingGoat,Left,After,2434,42,-78,1,NA,NA,NA,NA,NA,NA,NA,NA,NA,NA,NA,NA,NA,NA,NA,NA,NA,NA,NA,NA,NA,NA,NA,NA,NA,NA,NA,NA,NA,NA,NA,NA,NA,NA,NA,NA,NA,NA,NA,NA,NA,NA,NA,NA,NA,NA
LeiGjKDus,AdmirableFlamingo,Left,After,944,39,-87,1,NA,NA,NA,NA,NA,NA,NA,NA,NA,NA,NA,NA,NA,NA,NA,NA,NA,NA,NA,NA,NA,NA,NA,NA,NA,NA,NA,NA,NA,NA,NA,NA,NA,NA,NA,NA,NA,NA,NA,NA,NA,NA,NA,NA,NA,NA
LbjPXrCkx,ConsiderateButterfly,Left,After,3065,35,-92,1,NA,NA,NA,NA,NA,NA,NA,NA,NA,NA,NA,NA,NA,NA,NA,NA,NA,NA,NA,NA,NA,NA,NA,NA,NA,NA,NA,NA,NA,NA,NA,NA,NA,NA,NA,NA,NA,NA,NA,NA,NA,NA,NA,NA,NA,NA
LQorWymOo,LoyalMonkey,Left,After,1086,41,-75,1,NA,NA,NA,NA,NA,NA,NA,NA,NA,NA,NA,NA,NA,NA,NA,NA,NA,NA,NA,NA,NA,NA,NA,NA,NA,NA,NA,NA,NA,NA,NA,NA,NA,NA,NA,NA,NA,NA,NA,NA,NA,NA,NA,NA,NA,NA
LzgvGPwPW,StrongDog,Left,After,966,36,-80,1,NA,NA,NA,NA,NA,NA,NA,NA,NA,NA,NA,NA,NA,NA,NA,NA,NA,NA,NA,NA,NA,NA,NA,NA,NA,NA,NA,NA,NA,NA,NA,NA,NA,NA,NA,NA,NA,NA,NA,NA,NA,NA,NA,NA,NA,NA
LINrRVIZl,ImpressivePanda,Left,After,877,43,-76,1,NA,NA,NA,NA,NA,NA,NA,NA,NA,NA,NA,NA,NA,NA,NA,NA,NA,NA,NA,NA,NA,NA,NA,NA,NA,NA,NA,NA,NA,NA,NA,NA,NA,NA,NA,NA,NA,NA,NA,NA,NA,NA,NA,NA,NA,NA
LBepgBhJR,VirtuousMeerkat,Left,After,980,41,-112,1,NA,NA,NA,NA,NA,NA,NA,NA,NA,NA,NA,NA,NA,NA,NA,NA,NA,NA,NA,NA,NA,NA,NA,NA,NA,NA,NA,NA,NA,NA,NA,NA,NA,NA,NA,NA,NA,NA,NA,NA,NA,NA,NA,NA,NA,NA
LPZjPqHNL,ValorousMoose,Left,After,2260,28,-81,1,NA,NA,NA,NA,NA,NA,NA,NA,NA,NA,NA,NA,NA,NA,NA,NA,NA,NA,NA,NA,NA,NA,NA,NA,NA,NA,NA,NA,NA,NA,NA,NA,NA,NA,NA,NA,NA,NA,NA,NA,NA,NA,NA,NA,NA,NA
