Condition,FavouriterID,FavouriterTroll,StatusID,FavouritedID,FavouritedTroll,Time,ExpDay
Control,EncouragingTrout,0,112917159168434192,GloriousBison,0,2024-08-06T21:22:46Z,Day1
Control,EncouragingTrout,0,112917165193764336,PositiveGrasshopper,0,2024-08-06T21:22:51Z,Day1
Control,EncouragingTrout,0,112917172477291632,BrilliantMeerkat,0,2024-08-06T21:23:15Z,Day1
Control,EncouragingTrout,0,112917180316553712,CapableWildebeest,0,2024-08-06T21:24:40Z,Day1
Control,BrilliantMeerkat,0,112917183212955408,MerryPorcupine,0,2024-08-06T21:25:04Z,Day1
Control,InnovativeOtter,0,112917181987967520,EncouragingTrout,0,2024-08-06T21:25:45Z,Day1
Control,AwesomeCricket,0,112917165193764336,PositiveGrasshopper,0,2024-08-06T21:25:45Z,Day1
Control,EncouragingTrout,0,112917186839449120,InnovativeOtter,0,2024-08-06T21:25:56Z,Day1
Control,EncouragingTrout,0,112917185757653376,DependableParrot,0,2024-08-06T21:25:57Z,Day1
Control,EncouragingTrout,0,112917181987967520,EncouragingTrout,0,2024-08-06T21:25:58Z,Day1
Control,EncouragingTrout,0,112917193065342512,CompassionateGazelle,0,2024-08-06T21:27:39Z,Day1
Control,ImaginativeFlamingo,0,112917193831621952,CapableWildebeest,0,2024-08-06T21:28:12Z,Day1
Control,MajesticGecko,0,112917184157930144,ObservantRaccoon,0,2024-08-06T21:28:22Z,Day1
Control,EncouragingTrout,0,112917148998026336,NurturingLlama,0,2024-08-06T21:28:34Z,Day1
Control,EncouragingTrout,0,112917124751235200,NurturingLlama,0,2024-08-06T21:28:38Z,Day1
Control,EncouragingTrout,0,112917143217090000,CompassionateGazelle,0,2024-08-06T21:28:42Z,Day1
Control,ImaginativeFlamingo,0,112917159168434192,GloriousBison,0,2024-08-06T21:28:43Z,Day1
Control,ImaginativeFlamingo,0,112917143217090000,CompassionateGazelle,0,2024-08-06T21:28:56Z,Day1
Control,ImaginativeFlamingo,0,112917199959902048,CompassionateGazelle,0,2024-08-06T21:29:04Z,Day1
Control,MerryPorcupine,0,112917200227243040,TalentedRhinoceros,0,2024-08-06T21:30:36Z,Day1
Control,DependableParrot,0,112917189411250400,CapableWildebeest,0,2024-08-06T21:31:11Z,Day1
Control,EncouragingTrout,0,112917205895481184,VibrantJellyfish,0,2024-08-06T21:32:13Z,Day1
Control,EncouragingTrout,0,112914273944497152,NA,0,2024-08-06T21:32:51Z,Day1
Control,EncouragingTrout,0,112914273944497152,NA,0,2024-08-06T21:32:51Z,Day1
Control,EncouragingTrout,0,112914273944497152,NA,0,2024-08-06T21:32:51Z,Day1
Control,EncouragingTrout,0,112914273944497152,NA,0,2024-08-06T21:32:51Z,Day1
Control,EncouragingTrout,0,112914273944497152,NA,0,2024-08-06T21:32:51Z,Day1
Control,EncouragingTrout,0,112914273944497152,NA,0,2024-08-06T21:32:51Z,Day1
Control,EncouragingTrout,0,112914273944497152,NA,0,2024-08-06T21:32:51Z,Day1
Control,EncouragingTrout,0,112914273944497152,NA,0,2024-08-06T21:32:51Z,Day1
Control,EncouragingTrout,0,112914273944497152,NA,0,2024-08-06T21:32:51Z,Day1
Control,EncouragingTrout,0,112917144416980960,MajesticGecko,0,2024-08-06T21:33:03Z,Day1
Control,EncouragingTrout,0,112917153298852800,MajesticGecko,0,2024-08-06T21:33:07Z,Day1
Control,EncouragingTrout,0,112917165131910640,BrilliantMeerkat,0,2024-08-06T21:33:08Z,Day1
Control,MindfulEel,0,112917210730671104,EncouragingTrout,0,2024-08-06T21:33:11Z,Day1
Control,EncouragingTrout,0,112917177352227632,EncouragingTrout,0,2024-08-06T21:33:12Z,Day1
Control,EncouragingTrout,0,112917178617835840,BrilliantMeerkat,0,2024-08-06T21:33:13Z,Day1
Control,EncouragingTrout,0,112917179093472960,ZestfulMagpie,0,2024-08-06T21:33:15Z,Day1
Control,MindfulEel,0,112917206476123360,DependableParrot,0,2024-08-06T21:33:15Z,Day1
Control,EncouragingTrout,0,112917210730671104,EncouragingTrout,0,2024-08-06T21:33:34Z,Day1
Control,EncouragingTrout,0,112917220456392016,MerryPorcupine,0,2024-08-06T21:34:25Z,Day1
Control,AwesomeCricket,0,112914273944497152,NA,0,2024-08-06T21:34:29Z,Day1
Control,AwesomeCricket,0,112914273944497152,NA,0,2024-08-06T21:34:29Z,Day1
Control,AwesomeCricket,0,112914273944497152,NA,0,2024-08-06T21:34:29Z,Day1
Control,AwesomeCricket,0,112914273944497152,NA,0,2024-08-06T21:34:29Z,Day1
Control,AwesomeCricket,0,112914273944497152,NA,0,2024-08-06T21:34:29Z,Day1
Control,AwesomeCricket,0,112914273944497152,NA,0,2024-08-06T21:34:29Z,Day1
Control,AwesomeCricket,0,112914273944497152,NA,0,2024-08-06T21:34:29Z,Day1
Control,AwesomeCricket,0,112914273944497152,NA,0,2024-08-06T21:34:29Z,Day1
Control,AwesomeCricket,0,112914273944497152,NA,0,2024-08-06T21:34:29Z,Day1
Control,EncouragingTrout,0,112917227965768432,SereneFerret,0,2024-08-06T21:37:19Z,Day1
Control,EncouragingTrout,0,112917225051516064,ObservantRaccoon,0,2024-08-06T21:39:12Z,Day1
Control,EncouragingTrout,0,112917219798142224,BubblyNightingale,0,2024-08-06T21:39:17Z,Day1
Control,EncouragingTrout,0,112917233635534448,AffectionateFinch,0,2024-08-06T21:39:19Z,Day1
Control,BeneficialCrayfish,0,112917250807915136,SplendidCheetah,0,2024-08-06T21:42:06Z,Day1
Control,EncouragingTrout,0,112917254040815840,EncouragingTrout,0,2024-08-06T21:43:12Z,Day1
Control,EncouragingTrout,0,112917253772313248,VibrantJellyfish,0,2024-08-06T21:43:15Z,Day1
Control,EncouragingTrout,0,112917253629751904,CompassionateGazelle,0,2024-08-06T21:43:22Z,Day1
Control,EncouragingTrout,0,112917247830126656,AffectionateFinch,0,2024-08-06T21:43:25Z,Day1
Control,EncouragingTrout,0,112917189411250400,CapableWildebeest,0,2024-08-06T21:43:43Z,Day1
Control,EncouragingTrout,0,112917191667308912,ImaginativeFlamingo,0,2024-08-06T21:43:44Z,Day1
Control,EncouragingTrout,0,112917257723280048,QuickMonkey,0,2024-08-06T21:44:03Z,Day1
Control,SereneFerret,0,112917178617835840,BrilliantMeerkat,0,2024-08-06T21:44:03Z,Day1
Control,QuickMonkey,0,112917177352227632,EncouragingTrout,0,2024-08-06T21:44:31Z,Day1
Control,SereneFerret,0,112917165193764336,PositiveGrasshopper,0,2024-08-06T21:44:35Z,Day1
Control,CompassionateGazelle,0,112917208166428288,MindfulEel,0,2024-08-06T21:45:18Z,Day1
Control,EncouragingTrout,0,112917263357092736,CompassionateGazelle,0,2024-08-06T21:45:29Z,Day1
Control,EncouragingTrout,0,112917262255222400,BeneficialCrayfish,0,2024-08-06T21:45:59Z,Day1
Control,EncouragingTrout,0,112917267934480912,BeneficialCrayfish,0,2024-08-06T21:46:21Z,Day1
Control,EncouragingTrout,0,112917273057562272,VibrantJellyfish,0,2024-08-06T21:47:36Z,Day1
Control,PositiveGrasshopper,0,112917195813847008,AwesomeCricket,0,2024-08-06T21:47:43Z,Day1
Control,EncouragingTrout,0,112917270154687632,PositiveGrasshopper,0,2024-08-06T21:47:57Z,Day1
Control,EncouragingTrout,0,112917277360531472,QuickMonkey,0,2024-08-06T21:48:45Z,Day1
Control,EncouragingTrout,0,112917268821686672,QuickMonkey,0,2024-08-06T21:49:26Z,Day1
Control,AwesomeCricket,0,112917273575664928,GracefulShrimp,0,2024-08-06T21:50:21Z,Day1
Control,SereneFerret,0,112917285094114928,BeneficialCrayfish,0,2024-08-06T21:50:53Z,Day1
Control,InnovativeOtter,0,112917285094114928,BeneficialCrayfish,0,2024-08-06T21:51:08Z,Day1
Control,InnovativeOtter,0,112917273057562272,VibrantJellyfish,0,2024-08-06T21:51:16Z,Day1
Control,PlayfulDeer,0,112917285094114928,BeneficialCrayfish,0,2024-08-06T21:51:41Z,Day1
Control,EncouragingTrout,0,112917288175025760,BeneficialCrayfish,0,2024-08-06T21:52:02Z,Day1
Control,EncouragingTrout,0,112917285278873824,PlayfulDeer,0,2024-08-06T21:52:04Z,Day1
Control,EncouragingTrout,0,112917285094114928,BeneficialCrayfish,0,2024-08-06T21:52:06Z,Day1
Control,BeneficialCrayfish,0,112917293205810368,PlayfulDeer,0,2024-08-06T21:52:46Z,Day1
Control,PlayfulDeer,0,112917273057562272,VibrantJellyfish,0,2024-08-06T21:52:58Z,Day1
Control,BeneficialCrayfish,0,112917294586790160,QuickMonkey,0,2024-08-06T21:53:05Z,Day1
Control,BeneficialCrayfish,0,112917292253808912,EncouragingTrout,0,2024-08-06T21:53:18Z,Day1
Control,BeneficialCrayfish,0,112917292394066848,CompassionateGazelle,0,2024-08-06T21:53:21Z,Day1
Control,SplendidCheetah,0,112917296656399360,QuickMonkey,0,2024-08-06T21:55:08Z,Day1
Control,PlayfulDeer,0,112917253772313248,VibrantJellyfish,0,2024-08-06T21:55:13Z,Day1
Control,PlayfulDeer,0,112917225051516064,ObservantRaccoon,0,2024-08-06T21:55:46Z,Day1
Control,BeneficialCrayfish,0,112917303197974336,SereneFerret,0,2024-08-06T21:56:12Z,Day1
Control,PlayfulDeer,0,112917206476123360,DependableParrot,0,2024-08-06T21:56:18Z,Day1
Control,AwesomeCricket,0,112917304580721472,VibrantJellyfish,0,2024-08-06T21:56:31Z,Day1
Control,AwesomeCricket,0,112917288175025760,BeneficialCrayfish,0,2024-08-06T21:56:44Z,Day1
Control,MindfulEel,0,112917183212955408,MerryPorcupine,0,2024-08-06T21:56:57Z,Day1
Control,PlayfulDeer,0,112917205895481184,VibrantJellyfish,0,2024-08-06T21:57:10Z,Day1
Control,PlayfulDeer,0,112917201197328768,WarmKingfisher,0,2024-08-06T21:57:37Z,Day1
Control,MindfulEel,0,112917153298852800,MajesticGecko,0,2024-08-06T21:57:46Z,Day1
Control,BeneficialCrayfish,0,112917313142434880,AwesomeCricket,0,2024-08-06T21:58:02Z,Day1
Control,PlayfulDeer,0,112917193541121520,GracefulShrimp,0,2024-08-06T21:58:15Z,Day1
Control,MindfulEel,0,112917273009786000,BeneficialCrayfish,0,2024-08-06T21:58:32Z,Day1
Control,VibrantJellyfish,0,112917314306393184,LoyalDragon,0,2024-08-06T21:58:43Z,Day1
Control,SplendidCheetah,0,112917303197974336,SereneFerret,0,2024-08-06T22:00:57Z,Day1
Control,BeneficialCrayfish,0,112917326696336800,LoyalDragon,0,2024-08-06T22:02:14Z,Day1
Control,PlayfulDeer,0,112917189411250400,CapableWildebeest,0,2024-08-06T22:03:04Z,Day1
Control,SplendidCheetah,0,112917252332915312,BrilliantMeerkat,0,2024-08-06T22:03:50Z,Day1
Control,SplendidCheetah,0,112917271970187280,AffectionateFinch,0,2024-08-06T22:03:59Z,Day1
Control,PlayfulDeer,0,112917179093472960,ZestfulMagpie,0,2024-08-06T22:04:00Z,Day1
Control,PlayfulDeer,0,112917181987967520,EncouragingTrout,0,2024-08-06T22:04:12Z,Day1
Control,SplendidCheetah,0,112917288845153152,BenevolentWhale,0,2024-08-06T22:04:12Z,Day1
Control,PlayfulDeer,0,112917177352227632,EncouragingTrout,0,2024-08-06T22:04:16Z,Day1
Control,SplendidCheetah,0,112917317689157184,BenevolentWhale,0,2024-08-06T22:04:28Z,Day1
Control,PlayfulDeer,0,112917165131910640,BrilliantMeerkat,0,2024-08-06T22:04:31Z,Day1
Control,PlayfulDeer,0,112917159168434192,GloriousBison,0,2024-08-06T22:04:38Z,Day1
Control,PlayfulDeer,0,112917148998026336,NurturingLlama,0,2024-08-06T22:04:53Z,Day1
Control,BenevolentWhale,0,112917341979508144,SplendidCheetah,0,2024-08-06T22:05:20Z,Day1
Control,BeneficialCrayfish,0,112917340542838144,LuminousHornet,0,2024-08-06T22:05:42Z,Day1
Control,PlayfulDeer,0,112917143217090000,CompassionateGazelle,0,2024-08-06T22:07:50Z,Day1
Control,PlayfulDeer,0,112917124751235200,NurturingLlama,0,2024-08-06T22:07:53Z,Day1
Control,PlayfulDeer,0,112914273944497152,NA,0,2024-08-06T22:08:02Z,Day1
Control,PlayfulDeer,0,112914273944497152,NA,0,2024-08-06T22:08:02Z,Day1
Control,PlayfulDeer,0,112914273944497152,NA,0,2024-08-06T22:08:02Z,Day1
Control,PlayfulDeer,0,112914273944497152,NA,0,2024-08-06T22:08:02Z,Day1
Control,PlayfulDeer,0,112914273944497152,NA,0,2024-08-06T22:08:02Z,Day1
Control,PlayfulDeer,0,112914273944497152,NA,0,2024-08-06T22:08:02Z,Day1
Control,PlayfulDeer,0,112914273944497152,NA,0,2024-08-06T22:08:02Z,Day1
Control,PlayfulDeer,0,112914273944497152,NA,0,2024-08-06T22:08:02Z,Day1
Control,PlayfulDeer,0,112914273944497152,NA,0,2024-08-06T22:08:02Z,Day1
Control,PlayfulDeer,0,112917303751154192,QuickMonkey,0,2024-08-06T22:09:24Z,Day1
Control,PlayfulDeer,0,112917359649991488,KnowledgeableRabbit,0,2024-08-06T22:10:16Z,Day1
Control,BeneficialCrayfish,0,112917312945963264,ZestfulMagpie,0,2024-08-06T22:10:18Z,Day1
Control,PlayfulDeer,0,112917324354076832,ObservantRaccoon,0,2024-08-06T22:11:16Z,Day1
Control,PlayfulDeer,0,112917304580721472,VibrantJellyfish,0,2024-08-06T22:11:39Z,Day1
Control,BeneficialCrayfish,0,112917368074591152,ExcitingHippopotamus,0,2024-08-06T22:11:56Z,Day1
Control,BeneficialCrayfish,0,112917304580721472,VibrantJellyfish,0,2024-08-06T22:12:15Z,Day1
Control,PlayfulDeer,0,112917254040815840,EncouragingTrout,0,2024-08-06T22:12:21Z,Day1
Control,PlayfulDeer,0,112917368074591152,ExcitingHippopotamus,0,2024-08-06T22:13:08Z,Day1
Control,ExcitingHippopotamus,0,112917370802528352,GloriousBison,0,2024-08-06T22:13:25Z,Day1
Control,QuickMonkey,0,112917220456392016,MerryPorcupine,0,2024-08-06T22:13:57Z,Day1
Control,PlayfulDeer,0,112917370802528352,GloriousBison,0,2024-08-06T22:14:50Z,Day1
Control,ReliableMacaw,0,112917383451187936,LoyalDragon,0,2024-08-06T22:16:11Z,Day1
Control,PlayfulDeer,0,112917153298852800,MajesticGecko,0,2024-08-06T22:17:47Z,Day1
Control,PersistentWombat,0,112917368074591152,ExcitingHippopotamus,0,2024-08-06T22:20:27Z,Day1
Control,ExcitingHippopotamus,0,112917400199755296,PersistentWombat,0,2024-08-06T22:21:08Z,Day1
Control,ImaginativeFlamingo,0,112917400199755296,PersistentWombat,0,2024-08-06T22:21:38Z,Day1
Control,PlayfulDeer,0,112917404152377024,CourageousWolverine,0,2024-08-06T22:21:57Z,Day1
Control,PersistentWombat,0,112917148998026336,NurturingLlama,0,2024-08-06T22:21:58Z,Day1
Control,ImaginativeFlamingo,0,112917368074591152,ExcitingHippopotamus,0,2024-08-06T22:22:20Z,Day1
Control,ExcitingHippopotamus,0,112917409168813504,ComposedPheasant,0,2024-08-06T22:25:10Z,Day1
Control,GloriousBison,0,112917396617343184,ExcitingHippopotamus,0,2024-08-06T22:25:29Z,Day1
Control,BeneficialCrayfish,0,112917416017240608,ExcitingHippopotamus,0,2024-08-06T22:26:10Z,Day1
Control,PlayfulDeer,0,112917421241910672,MagnificentAardvark,0,2024-08-06T22:26:52Z,Day1
Control,PlayfulDeer,0,112917409168813504,ComposedPheasant,0,2024-08-06T22:27:12Z,Day1
Control,ComposedPheasant,0,112917370802528352,GloriousBison,0,2024-08-06T22:29:53Z,Day1
Control,ComposedPheasant,0,112917253772313248,VibrantJellyfish,0,2024-08-06T22:30:59Z,Day1
Control,SpiritedSalamander,0,112917421241910672,MagnificentAardvark,0,2024-08-06T22:31:39Z,Day1
Control,CheerfulElephant,0,112917285094114928,BeneficialCrayfish,0,2024-08-06T22:31:41Z,Day1
Control,ComposedPheasant,0,112917288845153152,BenevolentWhale,0,2024-08-06T22:31:52Z,Day1
Control,SpiritedSalamander,0,112917409168813504,ComposedPheasant,0,2024-08-06T22:32:00Z,Day1
Control,ComposedPheasant,0,112917259106789584,AwesomeCricket,0,2024-08-06T22:32:02Z,Day1
Control,CheerfulElephant,0,112917257723280048,QuickMonkey,0,2024-08-06T22:32:20Z,Day1
Control,SpiritedSalamander,0,112917304580721472,VibrantJellyfish,0,2024-08-06T22:32:42Z,Day1
Control,PlayfulDeer,0,112917447957288528,LovingButterfly,0,2024-08-06T22:32:57Z,Day1
Control,SpiritedSalamander,0,112917253772313248,VibrantJellyfish,0,2024-08-06T22:34:07Z,Day1
Control,ComposedPheasant,0,112917219798142224,BubblyNightingale,0,2024-08-06T22:34:22Z,Day1
Control,ExcitingHippopotamus,0,112917447957288528,LovingButterfly,0,2024-08-06T22:34:40Z,Day1
Control,CheerfulElephant,0,112917370802528352,GloriousBison,0,2024-08-06T22:34:55Z,Day1
Control,PlayfulDeer,0,112917439940037328,GloriousBison,0,2024-08-06T22:36:24Z,Day1
Control,ComposedPheasant,0,112917439940037328,GloriousBison,0,2024-08-06T22:36:47Z,Day1
Control,KnowledgeableRabbit,0,112917474920177776,CapableWildebeest,0,2024-08-06T22:39:48Z,Day1
Control,ExcitingHippopotamus,0,112917465477977680,KnowledgeableRabbit,0,2024-08-06T22:40:20Z,Day1
Control,ExcitingHippopotamus,0,112917464179051472,CheerfulElephant,0,2024-08-06T22:40:29Z,Day1
Control,CheerfulElephant,0,112917494384857280,HopefulLemur,0,2024-08-06T22:44:04Z,Day1
Control,CheerfulElephant,0,112917470239958080,CapableWildebeest,0,2024-08-06T22:44:20Z,Day1
Control,HopefulLemur,0,112917487129776272,CheerfulElephant,0,2024-08-06T22:47:33Z,Day1
Control,PersistentWombat,0,112917409555079376,ExcitingHippopotamus,0,2024-08-06T22:48:12Z,Day1
Control,PersistentWombat,0,112917419600534896,LoyalDragon,0,2024-08-06T22:48:39Z,Day1
Control,PersistentWombat,0,112917427549984496,ComposedPheasant,0,2024-08-06T22:48:51Z,Day1
Control,PersistentWombat,0,112917436275488528,ComposedPheasant,0,2024-08-06T22:48:52Z,Day1
Control,PersistentWombat,0,112917419736551120,CleverHawk,0,2024-08-06T22:48:57Z,Day1
Control,HopefulLemur,0,112917500974268256,CheerfulElephant,0,2024-08-06T22:49:25Z,Day1
Control,HopefulLemur,0,112917508104547632,KnowledgeableRabbit,0,2024-08-06T22:49:26Z,Day1
Control,HopefulLemur,0,112917512617383408,LovingButterfly,0,2024-08-06T22:49:29Z,Day1
Control,CheerfulElephant,0,112917513199387344,HopefulLemur,0,2024-08-06T22:49:56Z,Day1
Control,CheerfulElephant,0,112917512765075936,KindheartedDonkey,0,2024-08-06T22:49:58Z,Day1
Control,CheerfulElephant,0,112917514988388768,QuickMonkey,0,2024-08-06T22:50:05Z,Day1
Control,KindheartedDonkey,0,112917512765075936,KindheartedDonkey,0,2024-08-06T22:50:47Z,Day1
Control,KnowledgeableRabbit,0,112917521216025344,HopefulLemur,0,2024-08-06T22:51:00Z,Day1
Control,BenevolentWhale,0,112917400199755296,PersistentWombat,0,2024-08-06T22:51:58Z,Day1
Control,ComposedPheasant,0,112917421241910672,MagnificentAardvark,0,2024-08-06T22:52:28Z,Day1
Control,IdealPuma,0,112917533296134144,ExcitingHippopotamus,0,2024-08-06T22:57:18Z,Day1
Control,LovingButterfly,0,112917465477977680,KnowledgeableRabbit,0,2024-08-06T22:57:19Z,Day1
Control,LovingButterfly,0,112917487129776272,CheerfulElephant,0,2024-08-06T22:58:24Z,Day1
Control,SpiritedSalamander,0,112917552249496112,KindheartedDonkey,0,2024-08-06T22:58:59Z,Day1
Control,KindheartedDonkey,0,112917421682778272,PlayfulDeer,0,2024-08-06T23:00:26Z,Day1
Control,LovingButterfly,0,112917556809592768,CleverHawk,0,2024-08-06T23:01:02Z,Day1
Control,SpiritedSalamander,0,112917468670803840,ExcitingHippopotamus,0,2024-08-06T23:07:34Z,Day1
Control,CheerfulElephant,0,112917544233306160,FlexiblePuffin,0,2024-08-06T23:09:42Z,Day1
Control,LovingButterfly,0,112917587596890192,FabulousTortoise,0,2024-08-06T23:10:30Z,Day1
Control,PlayfulDeer,0,112917563653400672,KindheartedDonkey,0,2024-08-06T23:10:46Z,Day1
Control,BenevolentWhale,0,112917563354400784,FlexiblePuffin,0,2024-08-06T23:11:41Z,Day1
Control,PlayfulDeer,0,112917487129776272,CheerfulElephant,0,2024-08-06T23:12:11Z,Day1
Control,QuickMonkey,0,112917598164966528,LovingButterfly,0,2024-08-06T23:13:07Z,Day1
Control,QuickMonkey,0,112917587596890192,FabulousTortoise,0,2024-08-06T23:13:13Z,Day1
Control,CheerfulElephant,0,112917563354400784,FlexiblePuffin,0,2024-08-06T23:13:32Z,Day1
Control,SpiritedSalamander,0,112917587596890192,FabulousTortoise,0,2024-08-06T23:13:36Z,Day1
Control,SpiritedSalamander,0,112917598164966528,LovingButterfly,0,2024-08-06T23:13:49Z,Day1
Control,PlayfulDeer,0,112917515819018512,IdealPuma,0,2024-08-06T23:14:06Z,Day1
Control,GloriousBison,0,112917471020579664,LovingButterfly,0,2024-08-06T23:17:56Z,Day1
Control,AwesomeCricket,0,112917563354400784,FlexiblePuffin,0,2024-08-06T23:18:26Z,Day1
Control,CheerfulElephant,0,112917608360485344,PlayfulDeer,0,2024-08-06T23:19:12Z,Day1
Control,CheerfulElephant,0,112917596233014848,HopefulLemur,0,2024-08-06T23:19:27Z,Day1
Control,CheerfulElephant,0,112917602761735456,HopefulLemur,0,2024-08-06T23:19:29Z,Day1
Control,IdealPuma,0,112917621517415568,FabulousTortoise,0,2024-08-06T23:34:44Z,Day1
Control,IdealPuma,0,112917646921526432,PlayfulDeer,0,2024-08-06T23:37:45Z,Day1
Control,PassionateOwl,0,112917144416980960,MajesticGecko,0,2024-08-06T23:52:54Z,Day1
Control,ExcitingHippopotamus,0,112917556809592768,CleverHawk,0,2024-08-06T23:54:38Z,Day1
Control,RemarkableTurtle,0,112917487129776272,CheerfulElephant,0,2024-08-06T23:59:28Z,Day1
Control,PlayfulDeer,0,112917783379566816,RemarkableTurtle,0,2024-08-06T23:59:40Z,Day1
Control,PlayfulDeer,0,112917776629660256,PassionateOwl,0,2024-08-07T00:00:30Z,Day2
Control,PlayfulDeer,0,112917755216583760,SpiritedSalamander,0,2024-08-07T00:00:42Z,Day2
Control,PlayfulDeer,0,112917679662576032,GloriousBison,0,2024-08-07T00:01:22Z,Day2
Control,PlayfulDeer,0,112917659432806688,AwesomeCricket,0,2024-08-07T00:01:39Z,Day2
Control,RemarkableTurtle,0,112917465477977680,KnowledgeableRabbit,0,2024-08-07T00:02:19Z,Day2
Control,RemarkableTurtle,0,112917364330669856,CarefreeJackal,0,2024-08-07T00:03:11Z,Day2
Control,EnchantingTiger,0,112917755216583760,SpiritedSalamander,0,2024-08-07T00:03:44Z,Day2
Control,EnchantingTiger,0,112917698350698096,FlourishingCondor,0,2024-08-07T00:03:52Z,Day2
Control,EnchantingTiger,0,112917683674747584,GloriousBison,0,2024-08-07T00:04:08Z,Day2
Control,EnchantingTiger,0,112917679662576032,GloriousBison,0,2024-08-07T00:04:10Z,Day2
Control,EnchantingTiger,0,112917659432806688,AwesomeCricket,0,2024-08-07T00:04:15Z,Day2
Control,EnchantingTiger,0,112917811814755536,GraciousDragonfly,0,2024-08-07T00:05:13Z,Day2
Control,GraciousDragonfly,0,112917783379566816,RemarkableTurtle,0,2024-08-07T00:05:13Z,Day2
Control,EnchantingTiger,0,112917800148667296,PassionateOwl,0,2024-08-07T00:05:18Z,Day2
Control,RemarkableTurtle,0,112917813819730624,GraciousDragonfly,0,2024-08-07T00:05:18Z,Day2
Control,EnchantingTiger,0,112917815828641552,RemarkableTurtle,0,2024-08-07T00:05:44Z,Day2
Control,RemarkableTurtle,0,112917791155014784,EnchantingTiger,0,2024-08-07T00:05:59Z,Day2
Control,PlayfulDeer,0,112917813279829200,EnchantingTiger,0,2024-08-07T00:06:00Z,Day2
Control,EnchantingTiger,0,112917707675062128,QuickMonkey,0,2024-08-07T00:07:27Z,Day2
Control,EnchantingTiger,0,112917742748204048,FlourishingCondor,0,2024-08-07T00:07:30Z,Day2
Control,EnchantingTiger,0,112917745364821824,PassionateOwl,0,2024-08-07T00:07:32Z,Day2
Control,EnchantingTiger,0,112917788066126864,RemarkableTurtle,0,2024-08-07T00:07:35Z,Day2
Control,EnchantingTiger,0,112917797064021120,GraciousDragonfly,0,2024-08-07T00:07:37Z,Day2
Control,GraciousDragonfly,0,112917819745426672,EnchantingTiger,0,2024-08-07T00:08:56Z,Day2
Control,RemarkableTurtle,0,112917193541121520,GracefulShrimp,0,2024-08-07T00:10:55Z,Day2
Control,EnchantingTiger,0,112917826997414096,GraciousDragonfly,0,2024-08-07T00:11:00Z,Day2
Control,EnchantingTiger,0,112917563354400784,FlexiblePuffin,0,2024-08-07T00:11:57Z,Day2
Control,EnchantingTiger,0,112917605161343488,FlexiblePuffin,0,2024-08-07T00:12:21Z,Day2
Control,EnchantingTiger,0,112917851309558592,GraciousDragonfly,0,2024-08-07T00:15:28Z,Day2
Control,EnchantingTiger,0,112917783379566816,RemarkableTurtle,0,2024-08-07T00:15:49Z,Day2
Control,EnchantingTiger,0,112917515819018512,IdealPuma,0,2024-08-07T00:16:54Z,Day2
Control,EnchantingTiger,0,112917487129776272,CheerfulElephant,0,2024-08-07T00:16:55Z,Day2
Control,EnchantingTiger,0,112917544233306160,FlexiblePuffin,0,2024-08-07T00:17:16Z,Day2
Control,EnchantingTiger,0,112917846450387312,HelpfulEagle,0,2024-08-07T00:18:45Z,Day2
Control,EnchantingTiger,0,112917859402715968,NeatViper,0,2024-08-07T00:18:55Z,Day2
Control,EnchantingTiger,0,112917864840943824,SunnySparrow,0,2024-08-07T00:19:07Z,Day2
Control,RemarkableTurtle,0,112917876500765152,BlissfulDog,0,2024-08-07T00:21:26Z,Day2
Control,EnchantingTiger,0,112917876680767264,SunnySparrow,0,2024-08-07T00:22:40Z,Day2
Control,DependableParrot,0,112917835711166896,RemarkableTurtle,0,2024-08-07T00:23:15Z,Day2
Control,GraciousDragonfly,0,112917883158851696,UnderstandingManatee,0,2024-08-07T00:23:17Z,Day2
Control,GraciousDragonfly,0,112917881800282048,EnchantingTiger,0,2024-08-07T00:23:35Z,Day2
Control,DependableParrot,0,112917248000567392,SereneFerret,0,2024-08-07T00:24:17Z,Day2
Control,GraciousDragonfly,0,112917876500765152,BlissfulDog,0,2024-08-07T00:24:24Z,Day2
Control,DependableParrot,0,112917876500765152,BlissfulDog,0,2024-08-07T00:25:15Z,Day2
Control,EnchantingTiger,0,112917897238189456,SunnySparrow,0,2024-08-07T00:26:22Z,Day2
Control,GraciousDragonfly,0,112917846450387312,HelpfulEagle,0,2024-08-07T00:27:04Z,Day2
Control,GraciousDragonfly,0,112917909865777296,SunnySparrow,0,2024-08-07T00:30:05Z,Day2
Control,HopefulLemur,0,112917794877973376,RemarkableTurtle,0,2024-08-07T00:30:36Z,Day2
Control,EncouragingTrout,0,112917355578826800,QuickMonkey,0,2024-08-07T00:30:54Z,Day2
Control,EncouragingTrout,0,112917828053443872,RemarkableTurtle,0,2024-08-07T00:30:55Z,Day2
Control,EncouragingTrout,0,112917355286531872,BenevolentWhale,0,2024-08-07T00:31:04Z,Day2
Control,EnchantingTiger,0,112917876500765152,BlissfulDog,0,2024-08-07T00:32:12Z,Day2
Control,EnchantingTiger,0,112917893512070496,GraciousDragonfly,0,2024-08-07T00:32:52Z,Day2
Control,EncouragingTrout,0,112917447957288528,LovingButterfly,0,2024-08-07T00:32:53Z,Day2
Control,EnchantingTiger,0,112917915893468192,NeatViper,0,2024-08-07T00:32:55Z,Day2
Control,EncouragingTrout,0,112917483686963360,HopefulLemur,0,2024-08-07T00:32:57Z,Day2
Control,EncouragingTrout,0,112917683674747584,GloriousBison,0,2024-08-07T00:32:58Z,Day2
Control,EnchantingTiger,0,112917922157866624,GenuineBaboon,0,2024-08-07T00:33:14Z,Day2
Control,GraciousDragonfly,0,112917925557502704,BlissfulDog,0,2024-08-07T00:33:35Z,Day2
Control,EncouragingTrout,0,112917876500765152,BlissfulDog,0,2024-08-07T00:34:52Z,Day2
Control,JoyousPanther,0,112917802102171904,EnchantingTiger,0,2024-08-07T00:35:18Z,Day2
Control,JoyousPanther,0,112917563354400784,FlexiblePuffin,0,2024-08-07T00:35:37Z,Day2
Control,EncouragingTrout,0,112917929643071760,BlissfulDog,0,2024-08-07T00:37:09Z,Day2
Control,EncouragingTrout,0,112917923752831424,GraciousDragonfly,0,2024-08-07T00:37:33Z,Day2
Control,EncouragingTrout,0,112917900371126496,JoyousPanther,0,2024-08-07T00:37:34Z,Day2
Control,EncouragingTrout,0,112917925557502704,BlissfulDog,0,2024-08-07T00:37:36Z,Day2
Control,QuickMonkey,0,112917915408195984,DiligentGiraffe,0,2024-08-07T00:38:21Z,Day2
Control,MotivatedOcelot,0,112917359649991488,KnowledgeableRabbit,0,2024-08-07T00:38:51Z,Day2
Control,GenuineBaboon,0,112917931801164336,EnchantingTiger,0,2024-08-07T00:45:40Z,Day2
Control,UnderstandingManatee,0,112917970464980432,PassionateOwl,0,2024-08-07T00:46:30Z,Day2
Control,BlissfulDog,0,112917976582570976,JoyousPanther,0,2024-08-07T00:47:38Z,Day2
Control,Admin,NA,112917358589896800,PlayfulDeer,0,2024-08-07T00:48:50Z,Day2
Control,AwesomeCricket,0,112917925557502704,BlissfulDog,0,2024-08-07T00:49:10Z,Day2
Control,GraciousDragonfly,0,112917966215537888,Admin,NA,2024-08-07T00:49:12Z,Day2
Control,GenuineBaboon,0,112917985586109824,Admin,NA,2024-08-07T00:49:26Z,Day2
Control,GraciousDragonfly,0,112917985586109824,Admin,NA,2024-08-07T00:49:36Z,Day2
Control,AwesomeCricket,0,112917900371126496,JoyousPanther,0,2024-08-07T00:50:07Z,Day2
Control,JoyousPanther,0,112917925557502704,BlissfulDog,0,2024-08-07T00:54:39Z,Day2
Control,DynamicPython,0,112917976582570976,JoyousPanther,0,2024-08-07T00:57:58Z,Day2
Control,HopefulLemur,0,112917566613146512,LovingButterfly,0,2024-08-07T00:59:25Z,Day2
Control,DynamicPython,0,112917925557502704,BlissfulDog,0,2024-08-07T00:59:42Z,Day2
Control,ExceptionalBumblebee,0,112917900371126496,JoyousPanther,0,2024-08-07T00:59:58Z,Day2
Control,DaringBandicoot,0,112918023243735936,MotivatedOcelot,0,2024-08-07T01:00:59Z,Day2
Control,ExceptionalBumblebee,0,112917846450387312,HelpfulEagle,0,2024-08-07T01:02:12Z,Day2
Control,HopefulLemur,0,112918023243735936,MotivatedOcelot,0,2024-08-07T01:02:52Z,Day2
Control,QuickMonkey,0,112917876500765152,BlissfulDog,0,2024-08-07T01:05:18Z,Day2
Control,MotivatedOcelot,0,112917587596890192,FabulousTortoise,0,2024-08-07T01:10:02Z,Day2
Control,HopefulLemur,0,112918057665778704,MotivatedOcelot,0,2024-08-07T01:10:37Z,Day2
Control,HopefulLemur,0,112918057517467760,DynamicPython,0,2024-08-07T01:11:03Z,Day2
Control,BenevolentWhale,0,112917900371126496,JoyousPanther,0,2024-08-07T01:19:09Z,Day2
Control,MotivatedOcelot,0,112918157451528272,AmiableCat,0,2024-08-07T01:32:38Z,Day2
Control,AmiableCat,0,112918023243735936,MotivatedOcelot,0,2024-08-07T01:34:16Z,Day2
Control,AmiableCat,0,112917966288085328,MotivatedOcelot,0,2024-08-07T01:36:32Z,Day2
Control,AmiableCat,0,112917364330669856,CarefreeJackal,0,2024-08-07T01:40:11Z,Day2
Control,AmiableCat,0,112917273057562272,VibrantJellyfish,0,2024-08-07T01:40:40Z,Day2
Control,MotivatedOcelot,0,112917883210833840,JoyousPanther,0,2024-08-07T01:45:10Z,Day2
Control,MotivatedOcelot,0,112918207706100016,AmiableCat,0,2024-08-07T01:45:57Z,Day2
Control,AmiableCat,0,112917925557502704,BlissfulDog,0,2024-08-07T01:46:52Z,Day2
Control,AmiableCat,0,112918025788912752,ExceptionalBumblebee,0,2024-08-07T01:46:58Z,Day2
Control,LavishHare,0,112918248620862880,BrightKiwi,0,2024-08-07T02:04:22Z,Day2
Control,LavishHare,0,112918285572012016,AmiableCat,0,2024-08-07T02:05:38Z,Day2
Control,TenaciousIbis,0,112917925557502704,BlissfulDog,0,2024-08-07T02:21:17Z,Day2
Control,TenaciousIbis,0,112917556809592768,CleverHawk,0,2024-08-07T02:25:34Z,Day2
Control,AwesomeCricket,0,112917985586109824,Admin,NA,2024-08-07T02:34:51Z,Day2
Control,AwesomeCricket,0,112918389268862064,TenaciousIbis,0,2024-08-07T02:38:38Z,Day2
Control,AwesomeCricket,0,112918285572012016,AmiableCat,0,2024-08-07T02:38:51Z,Day2
Control,TenaciousIbis,0,112917191667308912,ImaginativeFlamingo,0,2024-08-07T02:44:02Z,Day2
Control,AwesomeCricket,0,112917976582570976,JoyousPanther,0,2024-08-07T02:52:54Z,Day2
Control,PassionateOwl,0,112918068598810480,MotivatedOcelot,0,2024-08-07T03:17:15Z,Day2
Control,AmiableCat,0,112918422598723664,AwesomeCricket,0,2024-08-07T03:24:02Z,Day2
Control,AmiableCat,0,112918525306190800,PassionateOwl,0,2024-08-07T03:24:04Z,Day2
Control,ForgivingSquid,0,112917976582570976,JoyousPanther,0,2024-08-07T03:25:42Z,Day2
Control,ExceptionalBumblebee,0,112918269948411024,AmiableCat,0,2024-08-07T03:27:47Z,Day2
Control,ForgivingSquid,0,112917883158851696,UnderstandingManatee,0,2024-08-07T03:37:15Z,Day2
Control,ThrivingBat,0,112918389268862064,TenaciousIbis,0,2024-08-07T03:37:58Z,Day2
Control,ThrivingBat,0,112917468670803840,ExcitingHippopotamus,0,2024-08-07T03:41:34Z,Day2
Control,ThrivingBat,0,112917450087257440,PlayfulDeer,0,2024-08-07T03:42:15Z,Day2
Control,GratefulOstrich,0,112918724935892768,ForgivingSquid,0,2024-08-07T04:00:18Z,Day2
Control,ForgivingSquid,0,112917487129776272,CheerfulElephant,0,2024-08-07T04:06:13Z,Day2
Control,GratefulOstrich,0,112918693660332576,ThrivingBat,0,2024-08-07T04:08:10Z,Day2
Control,MarvelousPorpoise,0,112917741106822224,EagerPelican,0,2024-08-07T04:09:19Z,Day2
Control,JoyousPanther,0,112918644655472848,ForgivingSquid,0,2024-08-07T04:33:49Z,Day2
Control,InnovativeOtter,0,112917985586109824,Admin,NA,2024-08-07T04:44:45Z,Day2
Control,BrightKiwi,0,112918606964218768,ExceptionalBumblebee,0,2024-08-07T05:11:10Z,Day2
Control,BrightKiwi,0,112918291133305872,LavishHare,0,2024-08-07T05:11:23Z,Day2
Control,BrightKiwi,0,112918248620862880,BrightKiwi,0,2024-08-07T05:11:28Z,Day2
Control,BrightKiwi,0,112918838178884784,ForgivingSquid,0,2024-08-07T05:12:22Z,Day2
Control,EnthusiasticPeacock,0,112919174880296928,BrightKiwi,0,2024-08-07T05:51:48Z,Day2
Control,CharitableGibbon,0,112918693660332576,ThrivingBat,0,2024-08-07T06:44:03Z,Day2
Control,CharitableGibbon,0,112917985586109824,Admin,NA,2024-08-07T06:45:23Z,Day2
Control,Admin,NA,112919380086641008,CharitableGibbon,0,2024-08-07T07:19:16Z,Day2
Control,HarmoniousQuokka,0,112918789349234368,ZenPig,0,2024-08-07T07:33:03Z,Day2
Control,HarmoniousQuokka,0,112918693660332576,ThrivingBat,0,2024-08-07T07:33:07Z,Day2
Control,AwesomeCricket,0,112918522394391984,PassionateOwl,0,2024-08-07T07:33:16Z,Day2
Control,AwesomeCricket,0,112918668747472304,GratefulOstrich,0,2024-08-07T07:33:22Z,Day2
Control,HarmoniousQuokka,0,112918669841849776,MarvelousPorpoise,0,2024-08-07T07:33:58Z,Day2
Control,HarmoniousQuokka,0,112918646484850128,ExceptionalBumblebee,0,2024-08-07T07:33:59Z,Day2
Control,HarmoniousQuokka,0,112918646282377744,GratefulOstrich,0,2024-08-07T07:34:16Z,Day2
Control,HarmoniousQuokka,0,112918600861539680,ForgivingSquid,0,2024-08-07T07:35:16Z,Day2
Control,HarmoniousQuokka,0,112918453762451856,AwesomeCricket,0,2024-08-07T07:35:18Z,Day2
Control,AwesomeCricket,0,112918709196995008,MarvelousPorpoise,0,2024-08-07T07:36:47Z,Day2
Control,HarmoniousQuokka,0,112918207706100016,AmiableCat,0,2024-08-07T07:36:49Z,Day2
Control,AwesomeCricket,0,112919322688994784,CharitableGibbon,0,2024-08-07T07:38:45Z,Day2
Control,InnovativeOtter,0,112919574010899344,HarmoniousQuokka,0,2024-08-07T08:36:35Z,Day2
Control,InnovativeOtter,0,112919380086641008,CharitableGibbon,0,2024-08-07T08:37:02Z,Day2
Control,FabulousTortoise,0,112918252408717120,AmiableCat,0,2024-08-07T09:13:29Z,Day2
Control,FabulousTortoise,0,112919322688994784,CharitableGibbon,0,2024-08-07T09:24:47Z,Day2
Control,FabulousTortoise,0,112919631038919728,ZenPig,0,2024-08-07T09:25:23Z,Day2
Control,VictoriousPenguin,0,112919478375255664,LivelyGorilla,0,2024-08-07T10:05:50Z,Day2
Control,YoungJaguar,0,112920417721175424,YoungJaguar,0,2024-08-07T11:13:54Z,Day2
Control,EncouragingTrout,0,112920417721175424,YoungJaguar,0,2024-08-07T13:16:21Z,Day2
Control,EncouragingTrout,0,112918912113085088,InnovativeOtter,0,2024-08-07T13:16:25Z,Day2
Control,EncouragingTrout,0,112919478375255664,LivelyGorilla,0,2024-08-07T13:17:36Z,Day2
Control,EncouragingTrout,0,112920397163597120,GenerousHummingbird,0,2024-08-07T13:18:03Z,Day2
Control,EncouragingTrout,0,112920371452697536,GenerousHummingbird,0,2024-08-07T13:18:04Z,Day2
Control,EncouragingTrout,0,112920368635472576,GenerousHummingbird,0,2024-08-07T13:18:05Z,Day2
Control,EncouragingTrout,0,112919574010899344,HarmoniousQuokka,0,2024-08-07T13:26:38Z,Day2
Control,EncouragingTrout,0,112919322688994784,CharitableGibbon,0,2024-08-07T13:33:05Z,Day2
Control,EncouragingTrout,0,112918838178884784,ForgivingSquid,0,2024-08-07T13:33:20Z,Day2
Control,EncouragingTrout,0,112918669841849776,MarvelousPorpoise,0,2024-08-07T13:33:27Z,Day2
Control,EncouragingTrout,0,112918646484850128,ExceptionalBumblebee,0,2024-08-07T13:33:29Z,Day2
Control,DependableParrot,0,112918668364426592,ForgivingSquid,0,2024-08-07T13:34:45Z,Day2
Control,EncouragingTrout,0,112918068598810480,MotivatedOcelot,0,2024-08-07T13:35:37Z,Day2
Control,EncouragingTrout,0,112918056656584032,JoyousPanther,0,2024-08-07T13:35:40Z,Day2
Control,EncouragingTrout,0,112918047827989184,MotivatedOcelot,0,2024-08-07T13:35:41Z,Day2
Control,EncouragingTrout,0,112918039035365520,JoyousPanther,0,2024-08-07T13:35:43Z,Day2
Control,ComposedPheasant,0,112918646484850128,ExceptionalBumblebee,0,2024-08-07T13:35:56Z,Day2
Control,DependableParrot,0,112917925557502704,BlissfulDog,0,2024-08-07T13:36:20Z,Day2
Control,ExceptionalBumblebee,0,112920381000802224,GenerousHummingbird,0,2024-08-07T13:40:58Z,Day2
Control,EncouragingTrout,0,112918646282377744,GratefulOstrich,0,2024-08-07T13:41:27Z,Day2
Control,ExceptionalBumblebee,0,112918663737191808,DiligentGiraffe,0,2024-08-07T13:41:39Z,Day2
Control,ExceptionalBumblebee,0,112918804762216928,ZenPig,0,2024-08-07T13:41:59Z,Day2
Control,DependableParrot,0,112918241717727744,CapableWildebeest,0,2024-08-07T13:43:00Z,Day2
Control,ExceptionalBumblebee,0,112919322688994784,CharitableGibbon,0,2024-08-07T13:44:33Z,Day2
Control,BenevolentWhale,0,112920397163597120,GenerousHummingbird,0,2024-08-07T13:46:06Z,Day2
Control,BenevolentWhale,0,112919322688994784,CharitableGibbon,0,2024-08-07T13:46:38Z,Day2
Control,ExceptionalBumblebee,0,112920397163597120,GenerousHummingbird,0,2024-08-07T13:48:54Z,Day2
Control,QuickMonkey,0,112918695689158480,MarvelousPorpoise,0,2024-08-07T14:08:56Z,Day2
Control,InnovativeOtter,0,112918023243735936,MotivatedOcelot,0,2024-08-07T14:10:26Z,Day2
Control,InnovativeOtter,0,112917300276792016,QuickMonkey,0,2024-08-07T14:11:29Z,Day2
Control,QuickMonkey,0,112918023243735936,MotivatedOcelot,0,2024-08-07T14:28:37Z,Day2
Control,EncouragingTrout,0,112921335228931824,IndependentIguana,0,2024-08-07T15:04:38Z,Day2
Control,EncouragingTrout,0,112921308649767632,BrightKiwi,0,2024-08-07T15:04:40Z,Day2
Control,EncouragingTrout,0,112921308908554192,FantasticSeahorse,0,2024-08-07T15:05:52Z,Day2
Control,EncouragingTrout,0,112921313294550640,BrightKiwi,0,2024-08-07T15:05:53Z,Day2
Control,EncouragingTrout,0,112921148748846336,InnovativeOtter,0,2024-08-07T15:06:00Z,Day2
Control,EncouragingTrout,0,112921123985147232,ZenPig,0,2024-08-07T15:06:01Z,Day2
Control,BalancedQuoll,0,112920397163597120,GenerousHummingbird,0,2024-08-07T15:06:04Z,Day2
Control,EncouragingTrout,0,112921041171815040,BenevolentWhale,0,2024-08-07T15:06:04Z,Day2
Control,EncouragingTrout,0,112921027929592320,DependableParrot,0,2024-08-07T15:06:06Z,Day2
Control,EncouragingTrout,0,112918126951678288,LovingButterfly,0,2024-08-07T15:06:09Z,Day2
Control,EncouragingTrout,0,112917994346155792,MotivatedOcelot,0,2024-08-07T15:06:14Z,Day2
Control,EncouragingTrout,0,112917981572862224,AwesomeCricket,0,2024-08-07T15:06:15Z,Day2
Control,EncouragingTrout,0,112917958108752544,DiligentGiraffe,0,2024-08-07T15:06:16Z,Day2
Control,EncouragingTrout,0,112917956978874768,DiligentGiraffe,0,2024-08-07T15:06:22Z,Day2
Control,IndependentIguana,0,112918789349234368,ZenPig,0,2024-08-07T15:11:40Z,Day2
Control,IndependentIguana,0,112918693660332576,ThrivingBat,0,2024-08-07T15:11:43Z,Day2
Control,InnovativeOtter,0,112921366395209008,IndependentIguana,0,2024-08-07T15:27:15Z,Day2
Control,InnovativeOtter,0,112921326034826480,BalancedQuoll,0,2024-08-07T15:27:26Z,Day2
Control,InnovativeOtter,0,112918029577052624,MotivatedOcelot,0,2024-08-07T15:27:56Z,Day2
Control,InnovativeOtter,0,112918173709256208,MotivatedOcelot,0,2024-08-07T15:28:02Z,Day2
Control,InnovativeOtter,0,112918241717727744,CapableWildebeest,0,2024-08-07T15:28:10Z,Day2
Control,CheerfulElephant,0,112921366395209008,IndependentIguana,0,2024-08-07T15:34:53Z,Day2
Control,CheerfulElephant,0,112917864834536992,EnchantingTiger,0,2024-08-07T15:38:46Z,Day2
Control,IndependentIguana,0,112917487129776272,CheerfulElephant,0,2024-08-07T15:41:14Z,Day2
Control,CheerfulElephant,0,112920397163597120,GenerousHummingbird,0,2024-08-07T15:41:35Z,Day2
Control,CheerfulElephant,0,112919322688994784,CharitableGibbon,0,2024-08-07T15:42:15Z,Day2
Control,BrightKiwi,0,112921335228931824,IndependentIguana,0,2024-08-07T15:55:03Z,Day2
Control,InnovativeOtter,0,112918838178884784,ForgivingSquid,0,2024-08-07T15:58:33Z,Day2
Control,JoyousPanther,0,112918241717727744,CapableWildebeest,0,2024-08-07T16:03:31Z,Day2
Control,InnovativeOtter,0,112921335228931824,IndependentIguana,0,2024-08-07T16:04:00Z,Day2
Control,CompassionateGazelle,0,112920397163597120,GenerousHummingbird,0,2024-08-07T16:05:39Z,Day2
Control,AwesomeCricket,0,112920397163597120,GenerousHummingbird,0,2024-08-07T16:18:11Z,Day2
Control,EnchantingTiger,0,112917189411250400,CapableWildebeest,0,2024-08-07T16:21:43Z,Day2
Control,EnchantingTiger,0,112921330340743696,FantasticSeahorse,0,2024-08-07T16:22:05Z,Day2
Control,EnchantingTiger,0,112921326034826480,BalancedQuoll,0,2024-08-07T16:22:07Z,Day2
Control,EnchantingTiger,0,112921308649767632,BrightKiwi,0,2024-08-07T16:22:12Z,Day2
Control,EnchantingTiger,0,112920978176457088,EncouragingTrout,0,2024-08-07T16:22:17Z,Day2
Control,EnchantingTiger,0,112920940644202272,EncouragingTrout,0,2024-08-07T16:22:37Z,Day2
Control,InnovativeOtter,0,112918646282377744,GratefulOstrich,0,2024-08-07T16:23:07Z,Day2
Control,EnchantingTiger,0,112921366395209008,IndependentIguana,0,2024-08-07T16:28:44Z,Day2
Control,EnchantingTiger,0,112920958437262688,EncouragingTrout,0,2024-08-07T16:29:00Z,Day2
Control,EnchantingTiger,0,112920951436558416,EncouragingTrout,0,2024-08-07T16:29:03Z,Day2
Control,EnchantingTiger,0,112920935662389456,EncouragingTrout,0,2024-08-07T16:29:09Z,Day2
Control,InnovativeOtter,0,112921330340743696,FantasticSeahorse,0,2024-08-07T16:31:33Z,Day2
Control,HopefulLemur,0,112921153142871376,ZenPig,0,2024-08-07T16:45:29Z,Day2
Control,EncouragingTrout,0,112921684891483088,EnchantingTiger,0,2024-08-07T16:50:54Z,Day2
Control,EncouragingTrout,0,112920935662389456,EncouragingTrout,0,2024-08-07T16:51:23Z,Day2
Control,EncouragingTrout,0,112920951436558416,EncouragingTrout,0,2024-08-07T16:51:26Z,Day2
Control,EncouragingTrout,0,112920958437262688,EncouragingTrout,0,2024-08-07T16:51:27Z,Day2
Control,HopefulLemur,0,112921330340743696,FantasticSeahorse,0,2024-08-07T16:52:44Z,Day2
Control,AwesomeCricket,0,112921698651676624,CompassionateGazelle,0,2024-08-07T16:54:08Z,Day2
Control,NurturingLlama,0,112920397163597120,GenerousHummingbird,0,2024-08-07T16:55:16Z,Day2
Control,IndependentIguana,0,112921774413710640,HopefulLemur,0,2024-08-07T16:56:36Z,Day2
Control,AwesomeCricket,0,112921577080127296,JoyousPanther,0,2024-08-07T17:03:13Z,Day2
Control,SpiritedSalamander,0,112918017016701808,JoyousPanther,0,2024-08-07T17:13:12Z,Day2
Control,HopefulLemur,0,112918256982048752,LavishHare,0,2024-08-07T17:14:04Z,Day2
Control,HopefulLemur,0,112917966288085328,MotivatedOcelot,0,2024-08-07T17:16:25Z,Day2
Control,ImaginativeFlamingo,0,112921807043124528,AwesomeCricket,0,2024-08-07T17:29:54Z,Day2
Control,LuminousHornet,0,112917365501293216,BeneficialCrayfish,0,2024-08-07T17:30:26Z,Day2
Control,LuminousHornet,0,112921807043124528,AwesomeCricket,0,2024-08-07T17:34:07Z,Day2
Control,LuminousHornet,0,112918600861539680,ForgivingSquid,0,2024-08-07T17:34:32Z,Day2
Control,LuminousHornet,0,112918285572012016,AmiableCat,0,2024-08-07T17:34:44Z,Day2
Control,LuminousHornet,0,112918736004143216,GratefulOstrich,0,2024-08-07T17:35:31Z,Day2
Control,LuminousHornet,0,112917400199755296,PersistentWombat,0,2024-08-07T17:36:36Z,Day2
Control,ImaginativeFlamingo,0,112920397163597120,GenerousHummingbird,0,2024-08-07T17:38:56Z,Day2
Control,LuminousHornet,0,112917481803679936,ReliableMacaw,0,2024-08-07T17:40:14Z,Day2
Control,LuminousHornet,0,112917659432806688,AwesomeCricket,0,2024-08-07T17:40:39Z,Day2
Control,LuminousHornet,0,112921370989925776,BalancedQuoll,0,2024-08-07T17:43:04Z,Day2
Control,InnovativeOtter,0,112921816182509840,IndependentIguana,0,2024-08-07T17:43:46Z,Day2
Control,InnovativeOtter,0,112921170047068816,QuickMonkey,0,2024-08-07T17:43:52Z,Day2
Control,NeatViper,0,112920978176457088,EncouragingTrout,0,2024-08-07T17:45:48Z,Day2
Control,NeatViper,0,112917415089688080,KnowledgeableRabbit,0,2024-08-07T17:50:41Z,Day2
Control,InnovativeOtter,0,112921943042405568,ImaginativeFlamingo,0,2024-08-07T17:52:38Z,Day2
Control,InnovativeOtter,0,112921807043124528,AwesomeCricket,0,2024-08-07T17:52:45Z,Day2
Control,ImaginativeFlamingo,0,112921330340743696,FantasticSeahorse,0,2024-08-07T17:52:47Z,Day2
Control,LuminousHornet,0,112917465477977680,KnowledgeableRabbit,0,2024-08-07T17:54:42Z,Day2
Control,LuminousHornet,0,112921998719400528,PassionateOwl,0,2024-08-07T18:01:00Z,Day2
Control,EncouragingTrout,0,112921804728240720,HopefulLemur,0,2024-08-07T18:08:57Z,Day2
Control,EncouragingTrout,0,112917888552348880,NeatViper,0,2024-08-07T18:09:12Z,Day2
Control,EncouragingTrout,0,112922012467166688,LuminousHornet,0,2024-08-07T18:09:18Z,Day2
Control,EncouragingTrout,0,112921934015404896,LuminousHornet,0,2024-08-07T18:09:23Z,Day2
Control,EncouragingTrout,0,112921908682750096,PassionateOwl,0,2024-08-07T18:09:24Z,Day2
Control,ImaginativeFlamingo,0,112918838178884784,ForgivingSquid,0,2024-08-07T18:14:57Z,Day2
Control,AwesomeCricket,0,112921920294998704,ImaginativeFlamingo,0,2024-08-07T18:54:23Z,Day2
Control,AwesomeCricket,0,112921968125853104,LuminousHornet,0,2024-08-07T19:05:34Z,Day2
Control,AwesomeCricket,0,112921590978094240,CompassionateGazelle,0,2024-08-07T19:08:43Z,Day2
Control,QuickMonkey,0,112922087153712736,EncouragingTrout,0,2024-08-07T19:13:09Z,Day2
Control,LuminousHornet,0,112921491428967584,IndependentIguana,0,2024-08-07T19:19:15Z,Day2
Control,LuminousHornet,0,112919345897483696,CharitableGibbon,0,2024-08-07T19:24:28Z,Day2
Control,QuickMonkey,0,112921308649767632,BrightKiwi,0,2024-08-07T19:25:39Z,Day2
Control,LuminousHornet,0,112919301474457328,CharitableGibbon,0,2024-08-07T19:26:38Z,Day2
Control,LuminousHornet,0,112918779024780688,ForgivingSquid,0,2024-08-07T19:29:06Z,Day2
Control,InnovativeOtter,0,112922415663533968,IndependentIguana,0,2024-08-07T19:36:26Z,Day2
Control,InnovativeOtter,0,112922415068429024,IndependentIguana,0,2024-08-07T19:36:29Z,Day2
Control,LuminousHornet,0,112922396628125968,InspiringReindeer,0,2024-08-07T19:39:31Z,Day2
Control,LuminousHornet,0,112922155057015456,HappyDuck,0,2024-08-07T19:42:19Z,Day2
Control,LuminousHornet,0,112922113636480880,InspiringReindeer,0,2024-08-07T19:44:19Z,Day2
Control,LuminousHornet,0,112922097124312560,InspiringReindeer,0,2024-08-07T19:46:54Z,Day2
Control,LuminousHornet,0,112922094894797136,CharitableGibbon,0,2024-08-07T19:48:13Z,Day2
Control,LuminousHornet,0,112922083935969728,ImaginativeFlamingo,0,2024-08-07T19:48:31Z,Day2
Control,InspiringReindeer,0,112922464832991104,LuminousHornet,0,2024-08-07T19:48:36Z,Day2
Control,InnovativeOtter,0,112922446738499376,GloriousBison,0,2024-08-07T19:53:11Z,Day2
Control,InnovativeOtter,0,112922424683695376,IndependentIguana,0,2024-08-07T19:53:15Z,Day2
Control,ImaginativeFlamingo,0,112922473668296176,LuminousHornet,0,2024-08-07T20:03:47Z,Day2
Control,BenevolentWhale,0,112922421103405408,IndependentIguana,0,2024-08-07T20:06:05Z,Day2
Control,IdealPuma,0,112922421103405408,IndependentIguana,0,2024-08-07T20:06:34Z,Day2
Control,VibrantJellyfish,0,112918192296849120,AmiableCat,0,2024-08-07T20:06:47Z,Day2
Control,IdealPuma,0,112922415663533968,IndependentIguana,0,2024-08-07T20:06:48Z,Day2
Control,VibrantJellyfish,0,112922446738499376,GloriousBison,0,2024-08-07T20:07:38Z,Day2
Control,VibrantJellyfish,0,112922570367115840,CapableWildebeest,0,2024-08-07T20:21:48Z,Day2
Control,IndependentIguana,0,112922551144960512,VibrantJellyfish,0,2024-08-07T20:23:52Z,Day2
Control,IndependentIguana,0,112922547813371792,BenevolentWhale,0,2024-08-07T20:24:09Z,Day2
Control,IndependentIguana,0,112922360168457152,LuminousHornet,0,2024-08-07T20:24:34Z,Day2
Control,IndependentIguana,0,112922330744435648,QuickMonkey,0,2024-08-07T20:24:40Z,Day2
Control,VibrantJellyfish,0,112922612433549600,InspiringReindeer,0,2024-08-07T20:26:08Z,Day2
Control,CapableWildebeest,0,112922597497651536,VibrantJellyfish,0,2024-08-07T20:27:04Z,Day2
Control,InspiringReindeer,0,112922615284957168,VibrantJellyfish,0,2024-08-07T20:27:26Z,Day2
Control,IndependentIguana,0,112922600209155248,LovingButterfly,0,2024-08-07T20:27:43Z,Day2
Control,IndependentIguana,0,112922578484291776,LovingButterfly,0,2024-08-07T20:28:03Z,Day2
Control,IndependentIguana,0,112922570367115840,CapableWildebeest,0,2024-08-07T20:28:08Z,Day2
Control,LovingButterfly,0,112922583649831216,VibrantJellyfish,0,2024-08-07T20:28:17Z,Day2
Control,QuickMonkey,0,112922597497651536,VibrantJellyfish,0,2024-08-07T20:28:30Z,Day2
Control,LovingButterfly,0,112922626049589728,VibrantJellyfish,0,2024-08-07T20:29:08Z,Day2
Control,IndependentIguana,0,112920397163597120,GenerousHummingbird,0,2024-08-07T20:29:42Z,Day2
Control,VibrantJellyfish,0,112922624219205184,InspiringReindeer,0,2024-08-07T20:30:05Z,Day2
Control,VibrantJellyfish,0,112922618801258992,CapableWildebeest,0,2024-08-07T20:30:28Z,Day2
Control,LovingButterfly,0,112922632632730288,TenderEchidna,0,2024-08-07T20:31:31Z,Day2
Control,GloriousBison,0,112922527243854880,PassionateOwl,0,2024-08-07T20:36:02Z,Day2
Control,VibrantJellyfish,0,112922667058189872,IndependentIguana,0,2024-08-07T20:39:34Z,Day2
Control,IndependentIguana,0,112922655888704032,VibrantJellyfish,0,2024-08-07T20:39:47Z,Day2
Control,IndependentIguana,0,112922661318604432,VibrantJellyfish,0,2024-08-07T20:40:13Z,Day2
Control,InnovativeOtter,0,112922655888704032,VibrantJellyfish,0,2024-08-07T20:41:03Z,Day2
Control,VibrantJellyfish,0,112922424683695376,IndependentIguana,0,2024-08-07T20:45:38Z,Day2
Control,IndependentIguana,0,112922670395761008,QuickMonkey,0,2024-08-07T20:46:15Z,Day2
Control,HopefulLemur,0,112922421103405408,IndependentIguana,0,2024-08-07T20:49:51Z,Day2
Control,IndependentIguana,0,112922709170473056,HopefulLemur,0,2024-08-07T20:50:14Z,Day2
Control,FlexiblePuffin,0,112922708951733184,IndependentIguana,0,2024-08-07T20:52:36Z,Day2
Control,VibrantJellyfish,0,112922727033486480,IndependentIguana,0,2024-08-07T20:55:05Z,Day2
Control,IndependentIguana,0,112922735547147440,HopefulLemur,0,2024-08-07T21:00:20Z,Day2
Control,IndependentIguana,0,112922747314945040,HopefulLemur,0,2024-08-07T21:00:23Z,Day2
Control,IndependentIguana,0,112922744637399856,TenderEchidna,0,2024-08-07T21:02:54Z,Day2
Control,HopefulLemur,0,112922762419017824,IndependentIguana,0,2024-08-07T21:03:46Z,Day2
Control,MindfulEel,0,112922744637399856,TenderEchidna,0,2024-08-07T21:35:53Z,Day2
Control,HopefulLemur,0,112922903020733168,GracefulShrimp,0,2024-08-07T21:41:21Z,Day2
Control,GratefulOstrich,0,112921659517851184,InnovativeOtter,0,2024-08-07T21:43:32Z,Day2
Control,GratefulOstrich,0,112920404611720624,GenerousHummingbird,0,2024-08-07T21:45:56Z,Day2
Control,BalancedQuoll,0,112922926573358944,JoyousPanther,0,2024-08-07T21:48:35Z,Day2
Control,AwesomeCricket,0,112922697189981952,ReliableMacaw,0,2024-08-07T21:48:36Z,Day2
Control,AwesomeCricket,0,112922941571322624,ReliableMacaw,0,2024-08-07T21:50:05Z,Day2
Control,ReliableMacaw,0,112922958473302928,CleverHawk,0,2024-08-07T21:53:41Z,Day2
Control,AwesomeCricket,0,112922548478669328,IdealPuma,0,2024-08-07T21:54:55Z,Day2
Control,QuickMonkey,0,112922926573358944,JoyousPanther,0,2024-08-07T21:55:12Z,Day2
Control,CapableWildebeest,0,112922963696046400,AwesomeCricket,0,2024-08-07T21:57:28Z,Day2
Control,GratefulOstrich,0,112922681356951152,FlexiblePuffin,0,2024-08-07T21:59:49Z,Day2
Control,IndependentIguana,0,112922943567660144,AwesomeCricket,0,2024-08-07T22:00:31Z,Day2
Control,AwesomeCricket,0,112922926573358944,JoyousPanther,0,2024-08-07T22:00:59Z,Day2
Control,NeatViper,0,112922926573358944,JoyousPanther,0,2024-08-07T22:01:03Z,Day2
Control,IndependentIguana,0,112922981645296992,CleverHawk,0,2024-08-07T22:01:38Z,Day2
Control,JoyousPanther,0,112922988197286832,AwesomeCricket,0,2024-08-07T22:02:05Z,Day2
Control,CleverHawk,0,112922987942680992,ImaginativeFlamingo,0,2024-08-07T22:02:56Z,Day2
Control,CapableWildebeest,0,112922987942680992,ImaginativeFlamingo,0,2024-08-07T22:05:06Z,Day2
Control,IndependentIguana,0,112922921567035264,MindfulEel,0,2024-08-07T22:07:15Z,Day2
Control,IndependentIguana,0,112922995083818512,NeatViper,0,2024-08-07T22:12:19Z,Day2
Control,PositiveGrasshopper,0,112922969944956672,JoyousPanther,0,2024-08-07T22:15:02Z,Day2
Control,GratefulOstrich,0,112922087153712736,EncouragingTrout,0,2024-08-07T22:15:58Z,Day2
Control,BenevolentWhale,0,112922903020733168,GracefulShrimp,0,2024-08-07T22:16:10Z,Day2
Control,InnovativeOtter,0,112922927046990032,GratefulOstrich,0,2024-08-07T22:16:31Z,Day2
Control,ExcitingHippopotamus,0,112923049557609664,IndependentIguana,0,2024-08-07T22:16:57Z,Day2
Control,BeneficialCrayfish,0,112918784109193216,ForgivingSquid,0,2024-08-07T22:18:10Z,Day2
Control,ExcitingHippopotamus,0,112922600209155248,LovingButterfly,0,2024-08-07T22:18:12Z,Day2
Control,ExcitingHippopotamus,0,112922570367115840,CapableWildebeest,0,2024-08-07T22:18:56Z,Day2
Control,GratefulOstrich,0,112923056582749264,FlexiblePuffin,0,2024-08-07T22:19:31Z,Day2
Control,MarvelousPorpoise,0,112923018830196304,GratefulOstrich,0,2024-08-07T22:20:10Z,Day2
Control,DependableParrot,0,112923049557609664,IndependentIguana,0,2024-08-07T22:22:12Z,Day2
Control,MarvelousPorpoise,0,112922386854451728,IndependentIguana,0,2024-08-07T22:23:14Z,Day2
Control,DependableParrot,0,112922818026409104,PositiveGrasshopper,0,2024-08-07T22:23:28Z,Day2
Control,ExcitingHippopotamus,0,112921326034826480,BalancedQuoll,0,2024-08-07T22:24:56Z,Day2
Control,BeneficialCrayfish,0,112922681356951152,FlexiblePuffin,0,2024-08-07T22:26:15Z,Day2
Control,BeneficialCrayfish,0,112922655888704032,VibrantJellyfish,0,2024-08-07T22:26:23Z,Day2
Control,BeneficialCrayfish,0,112922646794035408,IndependentIguana,0,2024-08-07T22:26:32Z,Day2
Control,ComposedPheasant,0,112922926573358944,JoyousPanther,0,2024-08-07T22:26:59Z,Day2
Control,BeneficialCrayfish,0,112922578484291776,LovingButterfly,0,2024-08-07T22:27:07Z,Day2
Control,ComposedPheasant,0,112922903020733168,GracefulShrimp,0,2024-08-07T22:27:21Z,Day2
Control,BeneficialCrayfish,0,112922548478669328,IdealPuma,0,2024-08-07T22:27:31Z,Day2
Control,VibrantJellyfish,0,112922694433315584,ReliableMacaw,0,2024-08-07T22:28:11Z,Day2
Control,CheerfulElephant,0,112922646794035408,IndependentIguana,0,2024-08-07T22:30:17Z,Day2
Control,BenevolentWhale,0,112922627420159584,FlexiblePuffin,0,2024-08-07T22:31:26Z,Day2
Control,BeneficialCrayfish,0,112922087153712736,EncouragingTrout,0,2024-08-07T22:32:23Z,Day2
Control,CheerfulElephant,0,112922681356951152,FlexiblePuffin,0,2024-08-07T22:33:30Z,Day2
Control,ExcitingHippopotamus,0,112918207706100016,AmiableCat,0,2024-08-07T22:33:52Z,Day2
Control,CheerfulElephant,0,112922424683695376,IndependentIguana,0,2024-08-07T22:34:32Z,Day2
Control,SplendidCheetah,0,112917511086344816,CleverHawk,0,2024-08-07T22:38:06Z,Day2
Control,SplendidCheetah,0,112917255496362048,AffectionateFinch,0,2024-08-07T22:38:18Z,Day2
Control,ExcitingHippopotamus,0,112922903020733168,GracefulShrimp,0,2024-08-07T22:41:01Z,Day2
Control,SplendidCheetah,0,112922935469646384,PositiveGrasshopper,0,2024-08-07T22:42:09Z,Day2
Control,SplendidCheetah,0,112922965407064032,QuickMonkey,0,2024-08-07T22:42:24Z,Day2
Control,SplendidCheetah,0,112922988197286832,AwesomeCricket,0,2024-08-07T22:42:29Z,Day2
Control,SplendidCheetah,0,112922926573358944,JoyousPanther,0,2024-08-07T22:42:37Z,Day2
Control,BeneficialCrayfish,0,112923153305895536,CheerfulElephant,0,2024-08-07T22:43:09Z,Day2
Control,SplendidCheetah,0,112922931665936128,GracefulShrimp,0,2024-08-07T22:43:17Z,Day2
Control,BeneficialCrayfish,0,112917761984827360,PassionateOwl,0,2024-08-07T22:43:38Z,Day2
Control,PassionateOwl,0,112923178659305696,BeneficialCrayfish,0,2024-08-07T22:52:00Z,Day2
Control,SplendidCheetah,0,112923188055995808,CleverHawk,0,2024-08-07T22:52:34Z,Day2
Control,SplendidCheetah,0,112922612433549600,InspiringReindeer,0,2024-08-07T22:57:34Z,Day2
Control,CheerfulElephant,0,112923188055995808,CleverHawk,0,2024-08-07T22:58:08Z,Day2
Control,CheerfulElephant,0,112923203521244784,SplendidCheetah,0,2024-08-07T22:58:24Z,Day2
Control,CheerfulElephant,0,112922360168457152,LuminousHornet,0,2024-08-07T22:58:59Z,Day2
Control,SplendidCheetah,0,112917333364283728,LoyalDragon,0,2024-08-07T23:01:03Z,Day2
Control,SplendidCheetah,0,112922869067750192,MindfulEel,0,2024-08-07T23:02:10Z,Day2
Control,SplendidCheetah,0,112923120791430960,DiligentGiraffe,0,2024-08-07T23:03:41Z,Day2
Control,CleverHawk,0,112922969944956672,JoyousPanther,0,2024-08-07T23:07:12Z,Day2
Control,PersistentWombat,0,112922991809196432,JoyousPanther,0,2024-08-07T23:07:56Z,Day2
Control,PersistentWombat,0,112922903020733168,GracefulShrimp,0,2024-08-07T23:07:59Z,Day2
Control,CheerfulElephant,0,112923264310213584,SplendidCheetah,0,2024-08-07T23:17:38Z,Day2
Control,HonestPossum,0,112917985586109824,Admin,NA,2024-08-07T23:21:09Z,Day2
Control,HonestPossum,0,112923282161360864,VictoriousPenguin,0,2024-08-07T23:22:27Z,Day2
Control,VictoriousPenguin,0,112923306296894496,HonestPossum,0,2024-08-07T23:24:40Z,Day2
Control,CleverHawk,0,112923282161360864,VictoriousPenguin,0,2024-08-07T23:27:07Z,Day2
Control,HopefulLemur,0,112923266917676128,TalentedRhinoceros,0,2024-08-07T23:27:07Z,Day2
Control,HonestPossum,0,112923266917676128,TalentedRhinoceros,0,2024-08-07T23:27:33Z,Day2
Control,HonestPossum,0,112923221849523408,ObservantRaccoon,0,2024-08-07T23:27:46Z,Day2
Control,HonestPossum,0,112923207153866464,ZestfulMagpie,0,2024-08-07T23:27:48Z,Day2
Control,HonestPossum,0,112923020271291024,IndependentIguana,0,2024-08-07T23:28:26Z,Day2
Control,HonestPossum,0,112922818026409104,PositiveGrasshopper,0,2024-08-07T23:29:16Z,Day2
Control,FlourishingCondor,0,112917918327556704,DiligentGiraffe,0,2024-08-07T23:31:52Z,Day2
Control,FlourishingCondor,0,112917847902314720,GraciousDragonfly,0,2024-08-07T23:31:54Z,Day2
Control,HonestPossum,0,112923310459692736,FearlessRooster,0,2024-08-07T23:32:19Z,Day2
Control,HonestPossum,0,112923346246991840,CleverHawk,0,2024-08-07T23:32:20Z,Day2
Control,FlourishingCondor,0,112917749985192400,PassionateOwl,0,2024-08-07T23:33:01Z,Day2
Control,HopefulLemur,0,112922926573358944,JoyousPanther,0,2024-08-07T23:34:07Z,Day2
Control,VictoriousPenguin,0,112923332467294304,CleverHawk,0,2024-08-07T23:36:58Z,Day2
Control,QuickMonkey,0,112922818026409104,PositiveGrasshopper,0,2024-08-07T23:38:31Z,Day2
Control,UnderstandingManatee,0,112923049557609664,IndependentIguana,0,2024-08-07T23:40:21Z,Day2
Control,QuickMonkey,0,112923089304519072,DependableParrot,0,2024-08-07T23:48:17Z,Day2
Control,PersistentWombat,0,112923153305895536,CheerfulElephant,0,2024-08-07T23:54:07Z,Day2
Control,HelpfulEagle,0,112921370989925776,BalancedQuoll,0,2024-08-07T23:57:09Z,Day2
Control,FlourishingCondor,0,112922446738499376,GloriousBison,0,2024-08-07T23:57:46Z,Day2
Control,QuickMonkey,0,112917370802528352,GloriousBison,0,2024-08-07T23:59:30Z,Day2
Control,ExcitingHippopotamus,0,112923428706774416,PersistentWombat,0,2024-08-08T00:01:22Z,Day3
Control,EncouragingTrout,0,112923207153866464,ZestfulMagpie,0,2024-08-08T00:01:30Z,Day3
Control,EncouragingTrout,0,112923153305895536,CheerfulElephant,0,2024-08-08T00:01:31Z,Day3
Control,SunnySparrow,0,112923049557609664,IndependentIguana,0,2024-08-08T00:04:30Z,Day3
Control,QuickMonkey,0,112923441281996832,SunnySparrow,0,2024-08-08T00:07:15Z,Day3
Control,EncouragingTrout,0,112923428706774416,PersistentWombat,0,2024-08-08T00:08:03Z,Day3
Control,SunnySparrow,0,112922012467166688,LuminousHornet,0,2024-08-08T00:08:16Z,Day3
Control,ExcitingHippopotamus,0,112923485926776544,EncouragingTrout,0,2024-08-08T00:10:31Z,Day3
Control,EncouragingTrout,0,112923495001535424,CharitableGibbon,0,2024-08-08T00:12:23Z,Day3
Control,EncouragingTrout,0,112923509642088960,QuickMonkey,0,2024-08-08T00:14:23Z,Day3
Control,QuickMonkey,0,112923495001535424,CharitableGibbon,0,2024-08-08T00:21:53Z,Day3
Control,InspiringReindeer,0,112923495001535424,CharitableGibbon,0,2024-08-08T00:23:16Z,Day3
Control,EncouragingTrout,0,112923535477761920,KnowledgeableRabbit,0,2024-08-08T00:23:24Z,Day3
Control,EncouragingTrout,0,112923527954955312,QuickMonkey,0,2024-08-08T00:23:29Z,Day3
Control,RemarkableTurtle,0,112922424683695376,IndependentIguana,0,2024-08-08T00:43:18Z,Day3
Control,RemarkableTurtle,0,112923636794224352,CharitableGibbon,0,2024-08-08T00:53:34Z,Day3
Control,RemarkableTurtle,0,112923495001535424,CharitableGibbon,0,2024-08-08T00:54:29Z,Day3
Control,RemarkableTurtle,0,112923357963475056,QuickMonkey,0,2024-08-08T00:56:46Z,Day3
Control,RemarkableTurtle,0,112923266917676128,TalentedRhinoceros,0,2024-08-08T00:57:04Z,Day3
Control,LavishHare,0,112921641100729072,CompassionateGazelle,0,2024-08-08T00:59:08Z,Day3
Control,CheerfulElephant,0,112923560059479808,ImaginativeFlamingo,0,2024-08-08T00:59:24Z,Day3
Control,RemarkableTurtle,0,112923689100495728,QuickMonkey,0,2024-08-08T00:59:38Z,Day3
Control,BenevolentWhale,0,112923428706774416,PersistentWombat,0,2024-08-08T01:00:13Z,Day3
Control,LavishHare,0,112918600861539680,ForgivingSquid,0,2024-08-08T01:00:51Z,Day3
Control,LavishHare,0,112914273944497152,NA,0,2024-08-08T01:03:06Z,Day3
Control,LavishHare,0,112914273944497152,NA,0,2024-08-08T01:03:06Z,Day3
Control,LavishHare,0,112914273944497152,NA,0,2024-08-08T01:03:06Z,Day3
Control,LavishHare,0,112914273944497152,NA,0,2024-08-08T01:03:06Z,Day3
Control,LavishHare,0,112914273944497152,NA,0,2024-08-08T01:03:06Z,Day3
Control,LavishHare,0,112914273944497152,NA,0,2024-08-08T01:03:06Z,Day3
Control,LavishHare,0,112914273944497152,NA,0,2024-08-08T01:03:06Z,Day3
Control,LavishHare,0,112914273944497152,NA,0,2024-08-08T01:03:06Z,Day3
Control,LavishHare,0,112914273944497152,NA,0,2024-08-08T01:03:06Z,Day3
Control,RemarkableTurtle,0,112923701408318592,SpiritedSalamander,0,2024-08-08T01:03:59Z,Day3
Control,ExceptionalBumblebee,0,112923569345394640,SpiritedSalamander,0,2024-08-08T01:06:27Z,Day3
Control,LavishHare,0,112923494366388176,EncouragingTrout,0,2024-08-08T01:06:31Z,Day3
Control,LavishHare,0,112923428706774416,PersistentWombat,0,2024-08-08T01:09:40Z,Day3
Control,EncouragingTrout,0,112923612669468432,RemarkableTurtle,0,2024-08-08T01:12:12Z,Day3
Control,EncouragingTrout,0,112923494366388176,EncouragingTrout,0,2024-08-08T01:12:13Z,Day3
Control,EncouragingTrout,0,112923701408318592,SpiritedSalamander,0,2024-08-08T01:12:20Z,Day3
Control,EncouragingTrout,0,112923602912316720,SpiritedSalamander,0,2024-08-08T01:12:26Z,Day3
Control,EncouragingTrout,0,112923576887410432,QuickMonkey,0,2024-08-08T01:13:09Z,Day3
Control,EncouragingTrout,0,112923636794224352,CharitableGibbon,0,2024-08-08T01:16:30Z,Day3
Control,KindheartedDonkey,0,112917603054346352,PlayfulDeer,0,2024-08-08T01:23:23Z,Day3
Control,ExcitingHippopotamus,0,112923789258354160,LavishHare,0,2024-08-08T01:25:39Z,Day3
Control,ExcitingHippopotamus,0,112923556212167648,InspiringReindeer,0,2024-08-08T01:25:58Z,Day3
Control,ExcitingHippopotamus,0,112923545252073360,SunnySparrow,0,2024-08-08T01:26:04Z,Day3
Control,ExcitingHippopotamus,0,112923529890657104,KnowledgeableRabbit,0,2024-08-08T01:26:09Z,Day3
Control,ExcitingHippopotamus,0,112923805863509824,SereneFerret,0,2024-08-08T01:29:17Z,Day3
Control,KindheartedDonkey,0,112923266917676128,TalentedRhinoceros,0,2024-08-08T01:31:25Z,Day3
Control,KindheartedDonkey,0,112923221849523408,ObservantRaccoon,0,2024-08-08T01:31:40Z,Day3
Control,KindheartedDonkey,0,112923207153866464,ZestfulMagpie,0,2024-08-08T01:32:22Z,Day3
Control,SereneFerret,0,112917262444511440,CapableWildebeest,0,2024-08-08T01:34:06Z,Day3
Control,SereneFerret,0,112917227965768432,SereneFerret,0,2024-08-08T01:34:25Z,Day3
Control,CapableWildebeest,0,112923810593116576,ExcitingHippopotamus,0,2024-08-08T01:34:58Z,Day3
Control,SpiritedSalamander,0,112923745726469120,KindheartedDonkey,0,2024-08-08T01:36:21Z,Day3
Control,IndependentIguana,0,112923623105958240,RemarkableTurtle,0,2024-08-08T01:36:39Z,Day3
Control,IndependentIguana,0,112923513777367344,FlourishingCondor,0,2024-08-08T01:37:04Z,Day3
Control,KindheartedDonkey,0,112923074685542832,BeneficialCrayfish,0,2024-08-08T01:38:29Z,Day3
Control,EncouragingTrout,0,112923848048610016,SereneFerret,0,2024-08-08T01:40:11Z,Day3
Control,KindheartedDonkey,0,112923266040050048,ZenPig,0,2024-08-08T01:40:15Z,Day3
Control,EncouragingTrout,0,112923847207012336,CharitableGibbon,0,2024-08-08T01:40:55Z,Day3
Control,EncouragingTrout,0,112923810593116576,ExcitingHippopotamus,0,2024-08-08T01:40:58Z,Day3
Control,EncouragingTrout,0,112923805863509824,SereneFerret,0,2024-08-08T01:41:05Z,Day3
Control,SereneFerret,0,112923701408318592,SpiritedSalamander,0,2024-08-08T01:41:21Z,Day3
Control,KindheartedDonkey,0,112922818026409104,PositiveGrasshopper,0,2024-08-08T01:43:04Z,Day3
Control,SereneFerret,0,112923592505518384,SpiritedSalamander,0,2024-08-08T01:43:04Z,Day3
Control,SpiritedSalamander,0,112923854890320480,EagerPelican,0,2024-08-08T01:44:31Z,Day3
Control,SpiritedSalamander,0,112923847207012336,CharitableGibbon,0,2024-08-08T01:44:44Z,Day3
Control,KindheartedDonkey,0,112922681356951152,FlexiblePuffin,0,2024-08-08T01:45:19Z,Day3
Control,GraciousDragonfly,0,112923847207012336,CharitableGibbon,0,2024-08-08T01:46:19Z,Day3
Control,KindheartedDonkey,0,112922578484291776,LovingButterfly,0,2024-08-08T01:48:44Z,Day3
Control,ImaginativeFlamingo,0,112923800461494144,KindheartedDonkey,0,2024-08-08T01:54:28Z,Day3
Control,EncouragingTrout,0,112923906943333632,GraciousDragonfly,0,2024-08-08T01:56:25Z,Day3
Control,EncouragingTrout,0,112923898620918000,SereneFerret,0,2024-08-08T01:56:50Z,Day3
Control,EncouragingTrout,0,112923752304751232,EncouragingTrout,0,2024-08-08T01:57:00Z,Day3
Control,SereneFerret,0,112923428706774416,PersistentWombat,0,2024-08-08T01:57:14Z,Day3
Control,TenaciousIbis,0,112922926573358944,JoyousPanther,0,2024-08-08T01:57:47Z,Day3
Control,ImaginativeFlamingo,0,112923805863509824,SereneFerret,0,2024-08-08T01:59:11Z,Day3
Control,IndependentIguana,0,112923636794224352,CharitableGibbon,0,2024-08-08T01:59:32Z,Day3
Control,IndependentIguana,0,112923847207012336,CharitableGibbon,0,2024-08-08T01:59:50Z,Day3
Control,IndependentIguana,0,112923433949324640,FlourishingCondor,0,2024-08-08T02:02:12Z,Day3
Control,ImaginativeFlamingo,0,112923889882589376,SereneFerret,0,2024-08-08T02:02:58Z,Day3
Control,TenaciousIbis,0,112923495001535424,CharitableGibbon,0,2024-08-08T02:07:43Z,Day3
Control,TenaciousIbis,0,112922087153712736,EncouragingTrout,0,2024-08-08T02:09:30Z,Day3
Control,IndependentIguana,0,112923423234346800,SunnySparrow,0,2024-08-08T02:09:40Z,Day3
Control,GraciousDragonfly,0,112923428706774416,PersistentWombat,0,2024-08-08T02:09:54Z,Day3
Control,Admin,NA,112923805274599536,LavishHare,0,2024-08-08T02:12:05Z,Day3
Control,IndependentIguana,0,112923246915467456,SplendidCheetah,0,2024-08-08T02:12:07Z,Day3
Control,AmiableCat,0,112918736004143216,GratefulOstrich,0,2024-08-08T02:13:42Z,Day3
Control,CapableWildebeest,0,112923936822851744,BlissfulDog,0,2024-08-08T02:14:08Z,Day3
Control,GraciousDragonfly,0,112923994081033152,CapableWildebeest,0,2024-08-08T02:17:00Z,Day3
Control,GraciousDragonfly,0,112924002538327200,NurturingLlama,0,2024-08-08T02:19:51Z,Day3
Control,IndependentIguana,0,112923135864288608,ObservantRaccoon,0,2024-08-08T02:21:12Z,Day3
Control,AmiableCat,0,112924000875662128,CarefreeJackal,0,2024-08-08T02:22:05Z,Day3
Control,IndependentIguana,0,112923120791430960,DiligentGiraffe,0,2024-08-08T02:23:35Z,Day3
Control,IndependentIguana,0,112923880371228048,KindheartedDonkey,0,2024-08-08T02:26:47Z,Day3
Control,IndependentIguana,0,112923848048610016,SereneFerret,0,2024-08-08T02:27:22Z,Day3
Control,AmiableCat,0,112923298912111552,TalentedRhinoceros,0,2024-08-08T02:30:12Z,Day3
Control,IndependentIguana,0,112923805863509824,SereneFerret,0,2024-08-08T02:39:49Z,Day3
Control,IndependentIguana,0,112923810593116576,ExcitingHippopotamus,0,2024-08-08T02:39:54Z,Day3
Control,GraciousDragonfly,0,112924071400710240,BlissfulDog,0,2024-08-08T02:41:45Z,Day3
Control,AmiableCat,0,112924087764303216,GraciousDragonfly,0,2024-08-08T02:45:14Z,Day3
Control,AmiableCat,0,112923961537529952,PassionateOwl,0,2024-08-08T02:47:28Z,Day3
Control,GraciousDragonfly,0,112924113713609328,AmiableCat,0,2024-08-08T02:50:58Z,Day3
Control,AmiableCat,0,112923994543815504,PassionateOwl,0,2024-08-08T02:52:41Z,Day3
Control,PeacefulMongoose,0,112918707761572640,ForgivingSquid,0,2024-08-08T02:52:51Z,Day3
Control,PeacefulMongoose,0,112918798686625216,FlexiblePuffin,0,2024-08-08T02:52:55Z,Day3
Control,AmiableCat,0,112924128533364928,GraciousDragonfly,0,2024-08-08T02:52:56Z,Day3
Control,PeacefulMongoose,0,112919400891845056,LivelyGorilla,0,2024-08-08T02:52:58Z,Day3
Control,PeacefulMongoose,0,112923994081033152,CapableWildebeest,0,2024-08-08T02:53:24Z,Day3
Control,TenaciousIbis,0,112923847207012336,CharitableGibbon,0,2024-08-08T02:53:43Z,Day3
Control,GraciousDragonfly,0,112924135195550784,AmiableCat,0,2024-08-08T02:54:00Z,Day3
Control,PersistentWombat,0,112921959830314944,LuminousHornet,0,2024-08-08T02:58:34Z,Day3
Control,PersistentWombat,0,112923494366388176,EncouragingTrout,0,2024-08-08T03:00:47Z,Day3
Control,PersistentWombat,0,112923916624417200,SereneFerret,0,2024-08-08T03:01:16Z,Day3
Control,GraciousDragonfly,0,112924178634516160,ForgivingSquid,0,2024-08-08T03:06:29Z,Day3
Control,BenevolentWhale,0,112924178634516160,ForgivingSquid,0,2024-08-08T03:07:50Z,Day3
Control,PlayfulDeer,0,112923786118629408,KindheartedDonkey,0,2024-08-08T03:08:54Z,Day3
Control,PlayfulDeer,0,112918247272902080,CapableWildebeest,0,2024-08-08T03:09:02Z,Day3
Control,PlayfulDeer,0,112918116759879968,FearlessRooster,0,2024-08-08T03:11:29Z,Day3
Control,PlayfulDeer,0,112924178634516160,ForgivingSquid,0,2024-08-08T03:12:09Z,Day3
Control,PlayfulDeer,0,112924173855061152,AmiableCat,0,2024-08-08T03:14:25Z,Day3
Control,PlayfulDeer,0,112924024531126192,AmiableCat,0,2024-08-08T03:19:29Z,Day3
Control,MarvelousPorpoise,0,112924178634516160,ForgivingSquid,0,2024-08-08T03:21:12Z,Day3
Control,MarvelousPorpoise,0,112923495001535424,CharitableGibbon,0,2024-08-08T03:25:23Z,Day3
Control,MarvelousPorpoise,0,112923636794224352,CharitableGibbon,0,2024-08-08T03:25:25Z,Day3
Control,MarvelousPorpoise,0,112924055183327008,AmiableCat,0,2024-08-08T03:26:06Z,Day3
Control,ForgivingSquid,0,112924104477080736,AmiableCat,0,2024-08-08T03:30:23Z,Day3
Control,MarvelousPorpoise,0,112924086637006880,AmiableCat,0,2024-08-08T03:32:15Z,Day3
Control,MarvelousPorpoise,0,112923842895235840,KindheartedDonkey,0,2024-08-08T03:32:36Z,Day3
Control,ForgivingSquid,0,112923221849523408,ObservantRaccoon,0,2024-08-08T03:34:09Z,Day3
Control,PeacefulMongoose,0,112923049557609664,IndependentIguana,0,2024-08-08T03:35:41Z,Day3
Control,PeacefulMongoose,0,112923805863509824,SereneFerret,0,2024-08-08T03:36:14Z,Day3
Control,ForgivingSquid,0,112922931665936128,GracefulShrimp,0,2024-08-08T03:40:43Z,Day3
Control,ForgivingSquid,0,112922991809196432,JoyousPanther,0,2024-08-08T03:40:56Z,Day3
Control,IndependentIguana,0,112923264310213584,SplendidCheetah,0,2024-08-08T03:49:11Z,Day3
Control,MarvelousPorpoise,0,112924371122714560,DaringBandicoot,0,2024-08-08T04:00:53Z,Day3
Control,PlayfulDeer,0,112924018440303968,IndependentIguana,0,2024-08-08T04:14:54Z,Day3
Control,PlayfulDeer,0,112924457215499376,DaringBandicoot,0,2024-08-08T04:15:29Z,Day3
Control,PlayfulDeer,0,112924009509708368,IndependentIguana,0,2024-08-08T04:32:52Z,Day3
Control,PlayfulDeer,0,112923994081033152,CapableWildebeest,0,2024-08-08T04:36:58Z,Day3
Control,PlayfulDeer,0,112917985586109824,Admin,NA,2024-08-08T04:40:13Z,Day3
Control,PlayfulDeer,0,112923452948656864,CharitableGibbon,0,2024-08-08T04:45:33Z,Day3
Control,JoyousPanther,0,112923355429843712,HopefulLemur,0,2024-08-08T04:49:23Z,Day3
Control,JoyousPanther,0,112923047590749216,KnowledgeableRabbit,0,2024-08-08T04:49:54Z,Day3
Control,PlayfulDeer,0,112924546689411360,JubilantLeopard,0,2024-08-08T05:34:54Z,Day3
Control,FabulousTortoise,0,112924317931097712,DaringBandicoot,0,2024-08-08T10:40:59Z,Day3
Control,FabulousTortoise,0,112923906943333632,GraciousDragonfly,0,2024-08-08T10:48:47Z,Day3
Control,FabulousTortoise,0,112923847207012336,CharitableGibbon,0,2024-08-08T10:48:58Z,Day3
Control,FabulousTortoise,0,112918054897365440,DaringBandicoot,0,2024-08-08T10:51:34Z,Day3
Control,FabulousTortoise,0,112917871817380832,RemarkableTurtle,0,2024-08-08T10:55:09Z,Day3
Control,InnovativeOtter,0,112926116668157184,CharitableGibbon,0,2024-08-08T11:33:19Z,Day3
Control,DependableParrot,0,112926116668157184,CharitableGibbon,0,2024-08-08T11:40:54Z,Day3
Control,DependableParrot,0,112923994081033152,CapableWildebeest,0,2024-08-08T11:45:12Z,Day3
Control,ExceptionalBumblebee,0,112926116668157184,CharitableGibbon,0,2024-08-08T12:05:11Z,Day3
Control,ExceptionalBumblebee,0,112924000875662128,CarefreeJackal,0,2024-08-08T12:14:52Z,Day3
Control,ExceptionalBumblebee,0,112923428706774416,PersistentWombat,0,2024-08-08T12:19:51Z,Day3
Control,ExceptionalBumblebee,0,112923332467294304,CleverHawk,0,2024-08-08T12:23:17Z,Day3
Control,InnovativeOtter,0,112926150492880640,CharitableGibbon,0,2024-08-08T12:47:02Z,Day3
Control,PersistentWombat,0,112924770342979920,PlayfulDeer,0,2024-08-08T13:12:19Z,Day3
Control,PersistentWombat,0,112926323406143536,ExceptionalBumblebee,0,2024-08-08T13:12:37Z,Day3
Control,InnovativeOtter,0,112926578846276720,TalentedRhinoceros,0,2024-08-08T13:18:32Z,Day3
Control,InnovativeOtter,0,112926827670822304,GenuineBaboon,0,2024-08-08T14:31:51Z,Day3
Control,InnovativeOtter,0,112924546689411360,JubilantLeopard,0,2024-08-08T14:32:50Z,Day3
Control,GenuineBaboon,0,112926885166403168,InnovativeOtter,0,2024-08-08T14:44:15Z,Day3
Control,JoyousPanther,0,112926116668157184,CharitableGibbon,0,2024-08-08T14:46:56Z,Day3
Control,EncouragingTrout,0,112926800990812512,JoyousPanther,0,2024-08-08T15:04:05Z,Day3
Control,EncouragingTrout,0,112926827670822304,GenuineBaboon,0,2024-08-08T15:04:08Z,Day3
Control,EncouragingTrout,0,112926117992285152,BalancedQuoll,0,2024-08-08T15:04:16Z,Day3
Control,BenevolentWhale,0,112926116668157184,CharitableGibbon,0,2024-08-08T15:04:16Z,Day3
Control,EncouragingTrout,0,112924878375858352,EnthusiasticPeacock,0,2024-08-08T15:04:23Z,Day3
Control,EncouragingTrout,0,112924546689411360,JubilantLeopard,0,2024-08-08T15:04:26Z,Day3
Control,EncouragingTrout,0,112924457215499376,DaringBandicoot,0,2024-08-08T15:04:28Z,Day3
Control,NeatViper,0,112926117992285152,BalancedQuoll,0,2024-08-08T15:16:15Z,Day3
Control,DynamicPython,0,112926116668157184,CharitableGibbon,0,2024-08-08T15:18:02Z,Day3
Control,DynamicPython,0,112924000875662128,CarefreeJackal,0,2024-08-08T15:21:12Z,Day3
Control,DynamicPython,0,112923469013737632,ExcitingHippopotamus,0,2024-08-08T15:23:55Z,Day3
Control,DynamicPython,0,112923391207957088,CleverHawk,0,2024-08-08T15:24:34Z,Day3
Control,DynamicPython,0,112920371452697536,GenerousHummingbird,0,2024-08-08T15:33:48Z,Day3
Control,InnovativeOtter,0,112927010674487648,EncouragingTrout,0,2024-08-08T15:52:14Z,Day3
Control,PassionateOwl,0,112924317931097712,DaringBandicoot,0,2024-08-08T16:02:59Z,Day3
Control,PassionateOwl,0,112927253244454272,TenderEchidna,0,2024-08-08T16:14:32Z,Day3
Control,PassionateOwl,0,112927165849395344,ZenPig,0,2024-08-08T16:14:35Z,Day3
Control,QuickMonkey,0,112923826583859472,CapableWildebeest,0,2024-08-08T16:24:12Z,Day3
Control,QuickMonkey,0,112923882819008032,SereneFerret,0,2024-08-08T16:24:13Z,Day3
Control,BrightKiwi,0,112921650730635120,EagerPelican,0,2024-08-08T16:25:02Z,Day3
Control,BrightKiwi,0,112927339240352592,BenevolentWhale,0,2024-08-08T16:28:08Z,Day3
Control,BenevolentWhale,0,112927345082030992,BrightKiwi,0,2024-08-08T16:29:13Z,Day3
Control,CompassionateGazelle,0,112927311354001920,GenerousHummingbird,0,2024-08-08T16:31:10Z,Day3
Control,ComposedPheasant,0,112924457215499376,DaringBandicoot,0,2024-08-08T16:40:21Z,Day3
Control,ComposedPheasant,0,112923961537529952,PassionateOwl,0,2024-08-08T16:46:20Z,Day3
Control,PeacefulMongoose,0,112926117992285152,BalancedQuoll,0,2024-08-08T16:52:23Z,Day3
Control,EncouragingTrout,0,112927238220395072,CompassionateGazelle,0,2024-08-08T16:54:38Z,Day3
Control,EncouragingTrout,0,112927206102696640,InnovativeOtter,0,2024-08-08T16:54:38Z,Day3
Control,EncouragingTrout,0,112927253244454272,TenderEchidna,0,2024-08-08T16:54:43Z,Day3
Control,EncouragingTrout,0,112927288168676384,NeatViper,0,2024-08-08T16:54:44Z,Day3
Control,EncouragingTrout,0,112927298391802512,NeatViper,0,2024-08-08T16:54:44Z,Day3
Control,EncouragingTrout,0,112927308408124448,GratefulOstrich,0,2024-08-08T16:54:48Z,Day3
Control,EncouragingTrout,0,112927010674487648,EncouragingTrout,0,2024-08-08T16:54:52Z,Day3
Control,InnovativeOtter,0,112927306430153456,GenuineBaboon,0,2024-08-08T16:55:00Z,Day3
Control,EncouragingTrout,0,112927324231237088,BrightKiwi,0,2024-08-08T16:55:00Z,Day3
Control,EncouragingTrout,0,112927317183769616,BrightKiwi,0,2024-08-08T16:55:02Z,Day3
Control,EncouragingTrout,0,112927314530903296,BrightKiwi,0,2024-08-08T16:55:03Z,Day3
Control,EncouragingTrout,0,112927310773036432,BrightKiwi,0,2024-08-08T16:55:18Z,Day3
Control,InnovativeOtter,0,112927252659667280,CompassionateGazelle,0,2024-08-08T16:55:56Z,Day3
Control,ComposedPheasant,0,112923111182172800,ObservantRaccoon,0,2024-08-08T17:00:51Z,Day3
Control,EncouragingTrout,0,112927448735183328,GenuineBaboon,0,2024-08-08T17:02:09Z,Day3
Control,EncouragingTrout,0,112927452838362224,EncouragingTrout,0,2024-08-08T17:02:09Z,Day3
Control,EncouragingTrout,0,112927475142951824,EncouragingTrout,0,2024-08-08T17:02:10Z,Day3
Control,EncouragingTrout,0,112927311354001920,GenerousHummingbird,0,2024-08-08T17:02:11Z,Day3
Control,NurturingLlama,0,112923994081033152,CapableWildebeest,0,2024-08-08T17:03:07Z,Day3
Control,BrightKiwi,0,112927475142951824,EncouragingTrout,0,2024-08-08T17:03:40Z,Day3
Control,EncouragingTrout,0,112921650730635120,EagerPelican,0,2024-08-08T17:08:17Z,Day3
Control,EncouragingTrout,0,112927339240352592,BenevolentWhale,0,2024-08-08T17:08:19Z,Day3
Control,PassionateOwl,0,112927413211615952,ComposedPheasant,0,2024-08-08T17:09:22Z,Day3
Control,CapableWildebeest,0,112924197845109424,ZenPig,0,2024-08-08T17:16:53Z,Day3
Control,CapableWildebeest,0,112924552082226896,PlayfulDeer,0,2024-08-08T17:17:06Z,Day3
Control,EncouragingTrout,0,112927495827554592,TenderEchidna,0,2024-08-08T17:25:06Z,Day3
Control,IndependentIguana,0,112927551543095984,SupportiveCrocodile,0,2024-08-08T17:27:40Z,Day3
Control,CapableWildebeest,0,112927581922888592,BrightKiwi,0,2024-08-08T17:29:25Z,Day3
Control,CapableWildebeest,0,112927583063252496,UnderstandingManatee,0,2024-08-08T17:30:06Z,Day3
Control,MagnanimousCow,0,112927495349540432,BenevolentWhale,0,2024-08-08T17:30:48Z,Day3
Control,CapableWildebeest,0,112927330381292480,QuickMonkey,0,2024-08-08T17:31:14Z,Day3
Control,CapableWildebeest,0,112927260232070304,GenerousHummingbird,0,2024-08-08T17:31:19Z,Day3
Control,IndependentIguana,0,112927565759561056,UnderstandingManatee,0,2024-08-08T17:34:10Z,Day3
Control,IndependentIguana,0,112927322719154400,CompassionateGazelle,0,2024-08-08T17:34:15Z,Day3
Control,BrightKiwi,0,112927549355100592,EncouragingTrout,0,2024-08-08T17:37:34Z,Day3
Control,EnchantingTiger,0,112927610764355936,BrightKiwi,0,2024-08-08T17:39:07Z,Day3
Control,EnchantingTiger,0,112927608096631168,IndependentIguana,0,2024-08-08T17:39:12Z,Day3
Control,IndependentIguana,0,112927603500611728,UnderstandingManatee,0,2024-08-08T17:39:56Z,Day3
Control,IndependentIguana,0,112927625484581744,EnchantingTiger,0,2024-08-08T17:41:22Z,Day3
Control,EnchantingTiger,0,112917966752312432,GenuineBaboon,0,2024-08-08T17:45:41Z,Day3
Control,IndependentIguana,0,112927651764949072,GenuineBaboon,0,2024-08-08T17:47:08Z,Day3
Control,EnchantingTiger,0,112927651764949072,GenuineBaboon,0,2024-08-08T17:48:40Z,Day3
Control,EnchantingTiger,0,112927649476771824,IndependentIguana,0,2024-08-08T17:48:51Z,Day3
Control,EnchantingTiger,0,112927599856143776,IndependentIguana,0,2024-08-08T17:49:28Z,Day3
Control,IndependentIguana,0,112927660604937120,EnchantingTiger,0,2024-08-08T17:49:32Z,Day3
Control,EnchantingTiger,0,112927595775105376,BrightKiwi,0,2024-08-08T17:49:37Z,Day3
Control,EnchantingTiger,0,112927582257615568,EncouragingTrout,0,2024-08-08T17:49:41Z,Day3
Control,EnchantingTiger,0,112927543466078704,EncouragingTrout,0,2024-08-08T17:49:45Z,Day3
Control,EnchantingTiger,0,112927592204224256,TalentedRhinoceros,0,2024-08-08T17:50:58Z,Day3
Control,InnovativeOtter,0,112927649476771824,IndependentIguana,0,2024-08-08T17:53:13Z,Day3
Control,EnchantingTiger,0,112927663164995008,IndependentIguana,0,2024-08-08T17:53:27Z,Day3
Control,IndependentIguana,0,112927542202566624,SupportiveCrocodile,0,2024-08-08T17:53:40Z,Day3
Control,IndependentIguana,0,112927592204224256,TalentedRhinoceros,0,2024-08-08T17:53:48Z,Day3
Control,EnchantingTiger,0,112927663308541184,MagnanimousCow,0,2024-08-08T17:54:13Z,Day3
Control,EnchantingTiger,0,112927602562236848,BrightKiwi,0,2024-08-08T17:55:24Z,Day3
Control,EnchantingTiger,0,112927489373631728,UnderstandingManatee,0,2024-08-08T17:56:13Z,Day3
Control,EnchantingTiger,0,112927541889104352,BrightKiwi,0,2024-08-08T17:56:28Z,Day3
Control,EnchantingTiger,0,112927564834952736,CapableWildebeest,0,2024-08-08T17:57:30Z,Day3
Control,EnchantingTiger,0,112927581922888592,BrightKiwi,0,2024-08-08T17:57:31Z,Day3
Control,EnchantingTiger,0,112927583063252496,UnderstandingManatee,0,2024-08-08T17:58:37Z,Day3
Control,EnchantingTiger,0,112927576008430288,CapableWildebeest,0,2024-08-08T17:59:55Z,Day3
Control,EnchantingTiger,0,112927599934394048,UnderstandingManatee,0,2024-08-08T18:00:11Z,Day3
Control,InnovativeOtter,0,112927686682348848,GracefulShrimp,0,2024-08-08T18:00:13Z,Day3
Control,EnchantingTiger,0,112927639200654608,BrightKiwi,0,2024-08-08T18:00:15Z,Day3
Control,IdealPuma,0,112927253244454272,TenderEchidna,0,2024-08-08T18:00:28Z,Day3
Control,EnchantingTiger,0,112927686682348848,GracefulShrimp,0,2024-08-08T18:00:41Z,Day3
Control,EnchantingTiger,0,112927448735183328,GenuineBaboon,0,2024-08-08T18:01:12Z,Day3
Control,EnchantingTiger,0,112927495349540432,BenevolentWhale,0,2024-08-08T18:01:20Z,Day3
Control,IndependentIguana,0,112927686682348848,GracefulShrimp,0,2024-08-08T18:01:32Z,Day3
Control,EnchantingTiger,0,112927703989729904,IndependentIguana,0,2024-08-08T18:03:19Z,Day3
Control,IndependentIguana,0,112927717846921552,EnchantingTiger,0,2024-08-08T18:04:04Z,Day3
Control,EnchantingTiger,0,112927709924095744,GracefulShrimp,0,2024-08-08T18:04:56Z,Day3
Control,EnchantingTiger,0,112927721640432800,IndependentIguana,0,2024-08-08T18:06:15Z,Day3
Control,IndependentIguana,0,112927733444040416,EnchantingTiger,0,2024-08-08T18:09:00Z,Day3
Control,EnchantingTiger,0,112927739203269936,IndependentIguana,0,2024-08-08T18:10:03Z,Day3
Control,LuminousHornet,0,112927703989729904,IndependentIguana,0,2024-08-08T18:12:58Z,Day3
Control,EnchantingTiger,0,112927750128553088,IndependentIguana,0,2024-08-08T18:15:22Z,Day3
Control,IndependentIguana,0,112927475142951824,EncouragingTrout,0,2024-08-08T18:15:58Z,Day3
Control,IndependentIguana,0,112927489373631728,UnderstandingManatee,0,2024-08-08T18:16:13Z,Day3
Control,LuminousHornet,0,112927495827554592,TenderEchidna,0,2024-08-08T18:16:29Z,Day3
Control,IndependentIguana,0,112927761954607472,LuminousHornet,0,2024-08-08T18:16:59Z,Day3
Control,EnchantingTiger,0,112927736381871936,IndependentIguana,0,2024-08-08T18:17:50Z,Day3
Control,EnchantingTiger,0,112927731594670544,IndependentIguana,0,2024-08-08T18:17:54Z,Day3
Control,IndependentIguana,0,112927709924095744,GracefulShrimp,0,2024-08-08T18:20:16Z,Day3
Control,LuminousHornet,0,112923012325853440,IndependentIguana,0,2024-08-08T18:20:24Z,Day3
Control,IndependentIguana,0,112927768618989968,EnchantingTiger,0,2024-08-08T18:21:27Z,Day3
Control,LuminousHornet,0,112927774435858896,IndependentIguana,0,2024-08-08T18:22:07Z,Day3
Control,IndependentIguana,0,112927788931979728,LuminousHornet,0,2024-08-08T18:22:59Z,Day3
Control,AwesomeCricket,0,112923003529098736,CapableWildebeest,0,2024-08-08T18:23:15Z,Day3
Control,AwesomeCricket,0,112922987924529248,IndependentIguana,0,2024-08-08T18:23:27Z,Day3
Control,LuminousHornet,0,112927273983071360,GenerousHummingbird,0,2024-08-08T18:23:47Z,Day3
Control,EnchantingTiger,0,112927792262138848,IndependentIguana,0,2024-08-08T18:23:52Z,Day3
Control,IndependentIguana,0,112927795477305424,LuminousHornet,0,2024-08-08T18:24:32Z,Day3
Control,LuminousHornet,0,112922012467166688,LuminousHornet,0,2024-08-08T18:25:42Z,Day3
Control,LuminousHornet,0,112923414558191184,QuickMonkey,0,2024-08-08T18:27:28Z,Day3
Control,LuminousHornet,0,112923410095436224,UnderstandingManatee,0,2024-08-08T18:28:32Z,Day3
Control,IndependentIguana,0,112927814710425872,QuickMonkey,0,2024-08-08T18:28:49Z,Day3
Control,LuminousHornet,0,112923115879084496,BeneficialCrayfish,0,2024-08-08T18:28:54Z,Day3
Control,EnchantingTiger,0,112921478603917328,CheerfulElephant,0,2024-08-08T18:30:32Z,Day3
Control,LuminousHornet,0,112923089304519072,DependableParrot,0,2024-08-08T18:31:19Z,Day3
Control,LuminousHornet,0,112923069062864768,DependableParrot,0,2024-08-08T18:31:42Z,Day3
Control,QuickMonkey,0,112927824674049232,IndependentIguana,0,2024-08-08T18:31:51Z,Day3
Control,AwesomeCricket,0,112927495349540432,BenevolentWhale,0,2024-08-08T18:32:02Z,Day3
Control,EnchantingTiger,0,112927810273776528,LuminousHornet,0,2024-08-08T18:33:23Z,Day3
Control,IndependentIguana,0,112927834790847392,GracefulShrimp,0,2024-08-08T18:34:00Z,Day3
Control,IndependentIguana,0,112927829630646192,QuickMonkey,0,2024-08-08T18:34:31Z,Day3
Control,IndependentIguana,0,112927810273776528,LuminousHornet,0,2024-08-08T18:36:00Z,Day3
Control,LuminousHornet,0,112927841809351392,EnchantingTiger,0,2024-08-08T18:36:53Z,Day3
Control,IndependentIguana,0,112927847507245952,AwesomeCricket,0,2024-08-08T18:36:59Z,Day3
Control,IndependentIguana,0,112927452838362224,EncouragingTrout,0,2024-08-08T18:38:31Z,Day3
Control,LuminousHornet,0,112927798963134944,IndependentIguana,0,2024-08-08T18:38:45Z,Day3
Control,IndependentIguana,0,112927310773036432,BrightKiwi,0,2024-08-08T18:40:05Z,Day3
Control,LuminousHornet,0,112923032048441824,KnowledgeableRabbit,0,2024-08-08T18:40:07Z,Day3
Control,LuminousHornet,0,112922469611707536,InspiringReindeer,0,2024-08-08T18:41:13Z,Day3
Control,IndependentIguana,0,112926931958083504,GenuineBaboon,0,2024-08-08T18:41:16Z,Day3
Control,AwesomeCricket,0,112927495827554592,TenderEchidna,0,2024-08-08T18:41:26Z,Day3
Control,IndependentIguana,0,112926578846276720,TalentedRhinoceros,0,2024-08-08T18:41:54Z,Day3
Control,ImaginativeFlamingo,0,112927847507245952,AwesomeCricket,0,2024-08-08T18:42:03Z,Day3
Control,LuminousHornet,0,112917389155832544,BeneficialCrayfish,0,2024-08-08T18:43:22Z,Day3
Control,IndependentIguana,0,112924878375858352,EnthusiasticPeacock,0,2024-08-08T18:43:42Z,Day3
Control,LuminousHornet,0,112927847507245952,AwesomeCricket,0,2024-08-08T18:43:59Z,Day3
Control,IndependentIguana,0,112924371122714560,DaringBandicoot,0,2024-08-08T18:44:26Z,Day3
Control,LuminousHornet,0,112927686682348848,GracefulShrimp,0,2024-08-08T18:46:38Z,Day3
Control,IndependentIguana,0,112927860537934080,QuickMonkey,0,2024-08-08T18:46:46Z,Day3
Control,AwesomeCricket,0,112927870777681696,ImaginativeFlamingo,0,2024-08-08T18:46:47Z,Day3
Control,AwesomeCricket,0,112927884542034496,LuminousHornet,0,2024-08-08T18:47:03Z,Day3
Control,AwesomeCricket,0,112924457215499376,DaringBandicoot,0,2024-08-08T18:51:39Z,Day3
Control,HopefulLemur,0,112927290942220160,GenerousHummingbird,0,2024-08-08T18:55:25Z,Day3
Control,AwesomeCricket,0,112927189323881360,CompassionateGazelle,0,2024-08-08T18:55:48Z,Day3
Control,DynamicPython,0,112927489373631728,UnderstandingManatee,0,2024-08-08T19:00:44Z,Day3
Control,AwesomeCricket,0,112924000875662128,CarefreeJackal,0,2024-08-08T19:04:24Z,Day3
Control,HopefulLemur,0,112927847507245952,AwesomeCricket,0,2024-08-08T19:14:45Z,Day3
Control,AwesomeCricket,0,112924173855061152,AmiableCat,0,2024-08-08T19:17:27Z,Day3
Control,IndependentIguana,0,112927926615643392,QuickMonkey,0,2024-08-08T19:33:26Z,Day3
Control,CapableWildebeest,0,112927697282957888,EnchantingTiger,0,2024-08-08T19:34:28Z,Day3
Control,CapableWildebeest,0,112927599934394048,UnderstandingManatee,0,2024-08-08T19:34:49Z,Day3
Control,InnovativeOtter,0,112927810273776528,LuminousHornet,0,2024-08-08T19:37:52Z,Day3
Control,IndependentIguana,0,112927887642142624,PassionateOwl,0,2024-08-08T19:42:01Z,Day3
Control,VictoriousPenguin,0,112924046710911120,AmiableCat,0,2024-08-08T19:42:52Z,Day3
Control,VictoriousPenguin,0,112927709924095744,GracefulShrimp,0,2024-08-08T19:43:44Z,Day3
Control,HopefulLemur,0,112927649476771824,IndependentIguana,0,2024-08-08T19:59:03Z,Day3
Control,HopefulLemur,0,112927489373631728,UnderstandingManatee,0,2024-08-08T19:59:33Z,Day3
Control,AmiableCat,0,112928109143994848,VictoriousPenguin,0,2024-08-08T20:01:02Z,Day3
Control,AmiableCat,0,112924597041248784,PassionateOwl,0,2024-08-08T20:04:13Z,Day3
Control,AmiableCat,0,112924271194422624,ForgivingSquid,0,2024-08-08T20:04:20Z,Day3
Control,AmiableCat,0,112927731594670544,IndependentIguana,0,2024-08-08T20:04:28Z,Day3
Control,AmiableCat,0,112927703989729904,IndependentIguana,0,2024-08-08T20:04:35Z,Day3
Control,AmiableCat,0,112927592204224256,TalentedRhinoceros,0,2024-08-08T20:05:17Z,Day3
Control,AmiableCat,0,112927847507245952,AwesomeCricket,0,2024-08-08T20:10:48Z,Day3
Control,CapableWildebeest,0,112928226413924432,AmiableCat,0,2024-08-08T20:24:33Z,Day3
Control,UnderstandingManatee,0,112928212683654928,AmiableCat,0,2024-08-08T20:26:10Z,Day3
Control,UnderstandingManatee,0,112927844927391072,LuminousHornet,0,2024-08-08T20:27:10Z,Day3
Control,UnderstandingManatee,0,112928298866544992,HopefulLemur,0,2024-08-08T20:31:46Z,Day3
Control,QuickMonkey,0,112928077899734416,IndependentIguana,0,2024-08-08T20:42:43Z,Day3
Control,CourageousWolverine,0,112928351902147200,UnderstandingManatee,0,2024-08-08T20:45:34Z,Day3
Control,InnovativeOtter,0,112928226413924432,AmiableCat,0,2024-08-08T20:57:51Z,Day3
Control,IndependentIguana,0,112928344027116912,QuickMonkey,0,2024-08-08T20:58:21Z,Day3
Control,AwesomeCricket,0,112928199330125536,PositiveGrasshopper,0,2024-08-08T20:58:28Z,Day3
Control,AwesomeCricket,0,112928167713621856,HopefulLemur,0,2024-08-08T20:58:48Z,Day3
Control,AwesomeCricket,0,112928092007104864,FlexiblePuffin,0,2024-08-08T20:58:56Z,Day3
Control,IndependentIguana,0,112928226413924432,AmiableCat,0,2024-08-08T20:59:44Z,Day3
Control,InnovativeOtter,0,112928351719501072,GloriousBison,0,2024-08-08T21:04:49Z,Day3
Control,EncouragingTrout,0,112928350288859456,CourageousWolverine,0,2024-08-08T21:06:04Z,Day3
Control,EncouragingTrout,0,112928435988106528,FlexiblePuffin,0,2024-08-08T21:06:37Z,Day3
Control,EncouragingTrout,0,112927736381871936,IndependentIguana,0,2024-08-08T21:07:26Z,Day3
Control,EncouragingTrout,0,112927731594670544,IndependentIguana,0,2024-08-08T21:07:31Z,Day3
Control,EncouragingTrout,0,112927709924095744,GracefulShrimp,0,2024-08-08T21:07:35Z,Day3
Control,EncouragingTrout,0,112928411544694064,ZestfulMagpie,0,2024-08-08T21:12:39Z,Day3
Control,EncouragingTrout,0,112928469140869472,EncouragingTrout,0,2024-08-08T21:16:30Z,Day3
Control,EncouragingTrout,0,112928453993393760,EncouragingTrout,0,2024-08-08T21:16:32Z,Day3
Control,BalancedQuoll,0,112927686682348848,GracefulShrimp,0,2024-08-08T21:30:15Z,Day3
Control,BeneficialCrayfish,0,112923953529349104,TenaciousIbis,0,2024-08-08T21:37:54Z,Day3
Control,BeneficialCrayfish,0,112923813710076240,SereneFerret,0,2024-08-08T21:40:22Z,Day3
Control,CheerfulElephant,0,112924878375858352,EnthusiasticPeacock,0,2024-08-08T21:46:49Z,Day3
Control,CheerfulElephant,0,112926116668157184,CharitableGibbon,0,2024-08-08T21:46:51Z,Day3
Control,BeneficialCrayfish,0,112928435988106528,FlexiblePuffin,0,2024-08-08T21:47:53Z,Day3
Control,BeneficialCrayfish,0,112927495827554592,TenderEchidna,0,2024-08-08T21:56:18Z,Day3
Control,CheerfulElephant,0,112928532431523520,IndependentIguana,0,2024-08-08T22:03:41Z,Day3
Control,IndependentIguana,0,112928594568811120,BeneficialCrayfish,0,2024-08-08T22:07:23Z,Day3
Control,IndependentIguana,0,112928614157851408,BeneficialCrayfish,0,2024-08-08T22:08:38Z,Day3
Control,CheerfulElephant,0,112927847507245952,AwesomeCricket,0,2024-08-08T22:19:48Z,Day3
Control,CheerfulElephant,0,112927649476771824,IndependentIguana,0,2024-08-08T22:23:35Z,Day3
Control,LovingButterfly,0,112928720151045248,CheerfulElephant,0,2024-08-08T22:24:37Z,Day3
Control,LovingButterfly,0,112928747397948240,DiligentGiraffe,0,2024-08-08T22:25:58Z,Day3
Control,LovingButterfly,0,112928779412526976,EnergeticStingray,0,2024-08-08T22:34:23Z,Day3
Control,NeatViper,0,112928747397948240,DiligentGiraffe,0,2024-08-08T22:34:27Z,Day3
Control,AwesomeCricket,0,112928776833375744,CheerfulElephant,0,2024-08-08T22:38:01Z,Day3
Control,DependableParrot,0,112928739195052320,LovingButterfly,0,2024-08-08T22:40:06Z,Day3
Control,DependableParrot,0,112928532431523520,IndependentIguana,0,2024-08-08T22:42:05Z,Day3
Control,DependableParrot,0,112928411544694064,ZestfulMagpie,0,2024-08-08T22:43:04Z,Day3
Control,LovingButterfly,0,112922600209155248,LovingButterfly,0,2024-08-08T22:45:49Z,Day3
Control,DependableParrot,0,112927847507245952,AwesomeCricket,0,2024-08-08T22:47:08Z,Day3
Control,FlourishingCondor,0,112923963789227648,PassionateOwl,0,2024-08-08T22:47:16Z,Day3
Control,FlourishingCondor,0,112923949782840880,IndependentIguana,0,2024-08-08T22:47:31Z,Day3
Control,FlourishingCondor,0,112923874818500496,IndependentIguana,0,2024-08-08T22:47:42Z,Day3
Control,FlourishingCondor,0,112923849102246304,IndependentIguana,0,2024-08-08T22:47:43Z,Day3
Control,AwesomeCricket,0,112928532431523520,IndependentIguana,0,2024-08-08T22:48:24Z,Day3
Control,AwesomeCricket,0,112928435988106528,FlexiblePuffin,0,2024-08-08T22:50:20Z,Day3
Control,CleverHawk,0,112928831669052928,DependableParrot,0,2024-08-08T22:51:20Z,Day3
Control,CleverHawk,0,112928776833375744,CheerfulElephant,0,2024-08-08T22:51:23Z,Day3
Control,CapableWildebeest,0,112928831669052928,DependableParrot,0,2024-08-08T22:51:24Z,Day3
Control,CapableWildebeest,0,112928776833375744,CheerfulElephant,0,2024-08-08T22:53:04Z,Day3
Control,BenevolentWhale,0,112928776833375744,CheerfulElephant,0,2024-08-08T22:54:34Z,Day3
Control,TenderEchidna,0,112928831669052928,DependableParrot,0,2024-08-08T22:57:53Z,Day3
Control,LovingButterfly,0,112917304580721472,VibrantJellyfish,0,2024-08-08T22:58:20Z,Day3
Control,ExcitingHippopotamus,0,112928226413924432,AmiableCat,0,2024-08-08T23:03:04Z,Day3
Control,ExcitingHippopotamus,0,112928903844167040,CapableWildebeest,0,2024-08-08T23:05:36Z,Day3
Control,CleverHawk,0,112927768618989968,EnchantingTiger,0,2024-08-08T23:07:24Z,Day3
Control,CapableWildebeest,0,112928913418748528,ObservantRaccoon,0,2024-08-08T23:08:58Z,Day3
Control,ExcitingHippopotamus,0,112927847507245952,AwesomeCricket,0,2024-08-08T23:09:35Z,Day3
Control,ExcitingHippopotamus,0,112927731594670544,IndependentIguana,0,2024-08-08T23:11:36Z,Day3
Control,HonestPossum,0,112927709924095744,GracefulShrimp,0,2024-08-08T23:15:22Z,Day3
Control,IndependentIguana,0,112928837004023728,AwesomeCricket,0,2024-08-08T23:15:41Z,Day3
Control,HonestPossum,0,112914273944497152,NA,0,2024-08-08T23:16:28Z,Day3
Control,HonestPossum,0,112914273944497152,NA,0,2024-08-08T23:16:28Z,Day3
Control,HonestPossum,0,112914273944497152,NA,0,2024-08-08T23:16:28Z,Day3
Control,HonestPossum,0,112914273944497152,NA,0,2024-08-08T23:16:28Z,Day3
Control,HonestPossum,0,112914273944497152,NA,0,2024-08-08T23:16:28Z,Day3
Control,HonestPossum,0,112914273944497152,NA,0,2024-08-08T23:16:28Z,Day3
Control,HonestPossum,0,112914273944497152,NA,0,2024-08-08T23:16:28Z,Day3
Control,HonestPossum,0,112914273944497152,NA,0,2024-08-08T23:16:28Z,Day3
Control,HonestPossum,0,112914273944497152,NA,0,2024-08-08T23:16:28Z,Day3
Control,BrightKiwi,0,112928932314316064,BenevolentWhale,0,2024-08-08T23:16:59Z,Day3
Control,IndependentIguana,0,112928932314316064,BenevolentWhale,0,2024-08-08T23:17:51Z,Day3
Control,IndependentIguana,0,112928903844167040,CapableWildebeest,0,2024-08-08T23:18:08Z,Day3
Control,HonestPossum,0,112928411544694064,ZestfulMagpie,0,2024-08-08T23:18:17Z,Day3
Control,HonestPossum,0,112924086637006880,AmiableCat,0,2024-08-08T23:18:43Z,Day3
Control,HonestPossum,0,112923118735655760,DiligentGiraffe,0,2024-08-08T23:18:48Z,Day3
Control,IndependentIguana,0,112928889543961568,BenevolentWhale,0,2024-08-08T23:19:42Z,Day3
Control,HonestPossum,0,112928932314316064,BenevolentWhale,0,2024-08-08T23:19:45Z,Day3
Control,CapableWildebeest,0,112928950137123184,FlourishingCondor,0,2024-08-08T23:19:55Z,Day3
Control,HonestPossum,0,112928889543961568,BenevolentWhale,0,2024-08-08T23:19:59Z,Day3
Control,IndependentIguana,0,112928720151045248,CheerfulElephant,0,2024-08-08T23:20:03Z,Day3
Control,CapableWildebeest,0,112928932314316064,BenevolentWhale,0,2024-08-08T23:20:18Z,Day3
Control,IndependentIguana,0,112928956585393904,ExceptionalBumblebee,0,2024-08-08T23:20:46Z,Day3
Control,FlourishingCondor,0,112928960664517504,CapableWildebeest,0,2024-08-08T23:20:51Z,Day3
Control,CapableWildebeest,0,112928957175697728,ExcitingHippopotamus,0,2024-08-08T23:21:14Z,Day3
Control,CapableWildebeest,0,112928739195052320,LovingButterfly,0,2024-08-08T23:21:21Z,Day3
Control,CapableWildebeest,0,112928438714173072,EncouragingTrout,0,2024-08-08T23:21:42Z,Day3
Control,JoyousPanther,0,112928776833375744,CheerfulElephant,0,2024-08-08T23:24:43Z,Day3
Control,BenevolentWhale,0,112928983782113776,FlourishingCondor,0,2024-08-08T23:25:56Z,Day3
Control,ExceptionalBumblebee,0,112928633233592784,ZestfulMagpie,0,2024-08-08T23:26:03Z,Day3
Control,ExcitingHippopotamus,0,112927686682348848,GracefulShrimp,0,2024-08-08T23:27:45Z,Day3
Control,ExceptionalBumblebee,0,112927877831604112,AwesomeCricket,0,2024-08-08T23:33:27Z,Day3
Control,ExceptionalBumblebee,0,112927714100474896,EnchantingTiger,0,2024-08-08T23:34:05Z,Day3
Control,ExcitingHippopotamus,0,112928979275902320,FearlessRooster,0,2024-08-08T23:35:28Z,Day3
Control,SunnySparrow,0,112928889543961568,BenevolentWhale,0,2024-08-08T23:35:33Z,Day3
Control,ExcitingHippopotamus,0,112928986523559344,ObservantRaccoon,0,2024-08-08T23:35:37Z,Day3
Control,ExcitingHippopotamus,0,112929020575980448,ImaginativeFlamingo,0,2024-08-08T23:35:40Z,Day3
Control,SunnySparrow,0,112928614157851408,BeneficialCrayfish,0,2024-08-08T23:37:44Z,Day3
Control,SunnySparrow,0,112927649476771824,IndependentIguana,0,2024-08-08T23:39:47Z,Day3
Control,PlayfulDeer,0,112927824101036864,IdealPuma,0,2024-08-08T23:40:17Z,Day3
Control,ExcitingHippopotamus,0,112928776833375744,CheerfulElephant,0,2024-08-08T23:40:26Z,Day3
Control,PlayfulDeer,0,112926323406143536,ExceptionalBumblebee,0,2024-08-08T23:41:01Z,Day3
Control,ExcitingHippopotamus,0,112927649476771824,IndependentIguana,0,2024-08-08T23:41:04Z,Day3
Control,ExceptionalBumblebee,0,112929049919013808,CleverHawk,0,2024-08-08T23:42:45Z,Day3
Control,ExcitingHippopotamus,0,112928831669052928,DependableParrot,0,2024-08-08T23:43:17Z,Day3
Control,CheerfulElephant,0,112929045656051536,CleverHawk,0,2024-08-08T23:43:21Z,Day3
Control,SunnySparrow,0,112927495827554592,TenderEchidna,0,2024-08-08T23:43:39Z,Day3
Control,ExcitingHippopotamus,0,112929042437282192,CheerfulElephant,0,2024-08-08T23:44:02Z,Day3
Control,PlayfulDeer,0,112929042437282192,CheerfulElephant,0,2024-08-08T23:45:51Z,Day3
Control,ExcitingHippopotamus,0,112929037056308368,ExceptionalBumblebee,0,2024-08-08T23:46:07Z,Day3
Control,ExceptionalBumblebee,0,112929060248003040,PlayfulDeer,0,2024-08-08T23:46:33Z,Day3
Control,CleverHawk,0,112927649476771824,IndependentIguana,0,2024-08-08T23:48:41Z,Day3
Control,PlayfulDeer,0,112929070681932960,QuickMonkey,0,2024-08-08T23:49:04Z,Day3
Control,HelpfulEagle,0,112927847507245952,AwesomeCricket,0,2024-08-08T23:49:29Z,Day3
Control,PlayfulDeer,0,112929019256968624,SunnySparrow,0,2024-08-08T23:50:16Z,Day3
Control,QuickMonkey,0,112929042437282192,CheerfulElephant,0,2024-08-08T23:50:31Z,Day3
Control,HelpfulEagle,0,112926116668157184,CharitableGibbon,0,2024-08-08T23:52:57Z,Day3
Control,CheerfulElephant,0,112929073985044240,PlayfulDeer,0,2024-08-08T23:54:22Z,Day3
Control,CheerfulElephant,0,112929087330928160,QuickMonkey,0,2024-08-08T23:54:29Z,Day3
Control,QuickMonkey,0,112929084257529920,CleverHawk,0,2024-08-08T23:54:48Z,Day3
Control,CleverHawk,0,112927993964397744,HopefulLemur,0,2024-08-08T23:55:49Z,Day3
Control,PersistentWombat,0,112929042437282192,CheerfulElephant,0,2024-08-08T23:56:14Z,Day3
Control,PersistentWombat,0,112929037056308368,ExceptionalBumblebee,0,2024-08-08T23:56:32Z,Day3
Control,PersistentWombat,0,112928889543961568,BenevolentWhale,0,2024-08-08T23:58:04Z,Day3
Control,BrilliantMeerkat,0,112929070681932960,QuickMonkey,0,2024-08-08T23:59:19Z,Day3
Control,BrilliantMeerkat,0,112929042437282192,CheerfulElephant,0,2024-08-08T23:59:34Z,Day3
Control,ImaginativeFlamingo,0,112929042437282192,CheerfulElephant,0,2024-08-09T00:00:54Z,Day4
Control,BrilliantMeerkat,0,112929037056308368,ExceptionalBumblebee,0,2024-08-09T00:01:05Z,Day4
Control,ExcitingHippopotamus,0,112929089657449440,FearlessRooster,0,2024-08-09T00:02:15Z,Day4
Control,BrilliantMeerkat,0,112928932314316064,BenevolentWhale,0,2024-08-09T00:02:24Z,Day4
Control,EagerPelican,0,112929128976459856,GratefulOstrich,0,2024-08-09T00:03:33Z,Day4
Control,PlayfulDeer,0,112929149731570848,LoyalDragon,0,2024-08-09T00:09:21Z,Day4
Control,BrilliantMeerkat,0,112917468926549520,SpiritedSalamander,0,2024-08-09T00:11:49Z,Day4
Control,BrilliantMeerkat,0,112917403939506912,LoyalDragon,0,2024-08-09T00:12:00Z,Day4
Control,BrilliantMeerkat,0,112917367141618112,LuminousHornet,0,2024-08-09T00:12:05Z,Day4
Control,PlayfulDeer,0,112929158496291040,BrilliantMeerkat,0,2024-08-09T00:12:27Z,Day4
Control,GratefulOstrich,0,112929019256968624,SunnySparrow,0,2024-08-09T00:13:05Z,Day4
Control,BrilliantMeerkat,0,112929171195539568,PlayfulDeer,0,2024-08-09T00:14:03Z,Day4
Control,GratefulOstrich,0,112929192883174304,LoyalDragon,0,2024-08-09T00:19:12Z,Day4
Control,InnovativeOtter,0,112927993964397744,HopefulLemur,0,2024-08-09T00:20:27Z,Day4
Control,InnovativeOtter,0,112928932314316064,BenevolentWhale,0,2024-08-09T00:20:44Z,Day4
Control,RemarkableTurtle,0,112929019256968624,SunnySparrow,0,2024-08-09T00:25:02Z,Day4
Control,MarvelousPorpoise,0,112929055840270976,CleverHawk,0,2024-08-09T00:25:59Z,Day4
Control,RemarkableTurtle,0,112928532431523520,IndependentIguana,0,2024-08-09T00:27:12Z,Day4
Control,PlayfulDeer,0,112929245992441552,PersistentWombat,0,2024-08-09T00:35:13Z,Day4
Control,GratefulOstrich,0,112929245992441552,PersistentWombat,0,2024-08-09T00:40:15Z,Day4
Control,MarvelousPorpoise,0,112927774435858896,IndependentIguana,0,2024-08-09T00:40:19Z,Day4
Control,MarvelousPorpoise,0,112927551543095984,SupportiveCrocodile,0,2024-08-09T00:40:33Z,Day4
Control,EncouragingTrout,0,112929245992441552,PersistentWombat,0,2024-08-09T00:42:27Z,Day4
Control,LavishHare,0,112929245992441552,PersistentWombat,0,2024-08-09T00:43:22Z,Day4
Control,MarvelousPorpoise,0,112929245992441552,PersistentWombat,0,2024-08-09T00:44:23Z,Day4
Control,CapableWildebeest,0,112929221766766240,GratefulOstrich,0,2024-08-09T00:46:12Z,Day4
Control,CapableWildebeest,0,112929220114540688,RemarkableTurtle,0,2024-08-09T00:46:15Z,Day4
Control,CapableWildebeest,0,112929108087926944,FearlessRooster,0,2024-08-09T00:46:29Z,Day4
Control,CapableWildebeest,0,112929065387851232,CleverHawk,0,2024-08-09T00:46:38Z,Day4
Control,EncouragingTrout,0,112929188842035680,LoyalDragon,0,2024-08-09T00:47:06Z,Day4
Control,CheerfulElephant,0,112929153466675472,BrilliantMeerkat,0,2024-08-09T00:48:08Z,Day4
Control,CheerfulElephant,0,112929125765751056,BenevolentWhale,0,2024-08-09T00:48:09Z,Day4
Control,CheerfulElephant,0,112929121898817360,ImaginativeFlamingo,0,2024-08-09T00:48:32Z,Day4
Control,GratefulOstrich,0,112929289078871120,MarvelousPorpoise,0,2024-08-09T00:48:43Z,Day4
Control,NeatViper,0,112929245992441552,PersistentWombat,0,2024-08-09T00:50:46Z,Day4
Control,MarvelousPorpoise,0,112927740307350992,IdealPuma,0,2024-08-09T00:51:57Z,Day4
Control,IndependentIguana,0,112929079005169056,CleverHawk,0,2024-08-09T00:52:11Z,Day4
Control,EncouragingTrout,0,112929149731570848,LoyalDragon,0,2024-08-09T00:52:38Z,Day4
Control,EncouragingTrout,0,112929145170128464,LoyalDragon,0,2024-08-09T00:52:40Z,Day4
Control,IndependentIguana,0,112929318153581856,EncouragingTrout,0,2024-08-09T00:52:40Z,Day4
Control,EncouragingTrout,0,112929141488874432,LoyalDragon,0,2024-08-09T00:52:41Z,Day4
Control,IndependentIguana,0,112929298810584368,EncouragingTrout,0,2024-08-09T00:52:47Z,Day4
Control,IndependentIguana,0,112929245992441552,PersistentWombat,0,2024-08-09T00:52:55Z,Day4
Control,IndependentIguana,0,112929070681932960,QuickMonkey,0,2024-08-09T00:53:23Z,Day4
Control,MarvelousPorpoise,0,112927489373631728,UnderstandingManatee,0,2024-08-09T00:53:31Z,Day4
Control,IndependentIguana,0,112929037056308368,ExceptionalBumblebee,0,2024-08-09T00:53:31Z,Day4
Control,IndependentIguana,0,112928957175697728,ExcitingHippopotamus,0,2024-08-09T00:54:02Z,Day4
Control,LavishHare,0,112928932314316064,BenevolentWhale,0,2024-08-09T00:54:36Z,Day4
Control,EncouragingTrout,0,112929328960920224,GratefulOstrich,0,2024-08-09T00:55:18Z,Day4
Control,EncouragingTrout,0,112929338555336544,QuickMonkey,0,2024-08-09T00:57:39Z,Day4
Control,IndependentIguana,0,112929343361163280,EncouragingTrout,0,2024-08-09T00:58:36Z,Day4
Control,PlayfulDeer,0,112929343361163280,EncouragingTrout,0,2024-08-09T00:58:53Z,Day4
Control,MarvelousPorpoise,0,112929328960920224,GratefulOstrich,0,2024-08-09T00:58:54Z,Day4
Control,PlayfulDeer,0,112929318153581856,EncouragingTrout,0,2024-08-09T00:59:08Z,Day4
Control,MarvelousPorpoise,0,112927736381871936,IndependentIguana,0,2024-08-09T01:02:05Z,Day4
Control,EncouragingTrout,0,112929359161705040,MarvelousPorpoise,0,2024-08-09T01:02:09Z,Day4
Control,GraciousDragonfly,0,112926815029962736,GenuineBaboon,0,2024-08-09T01:05:00Z,Day4
Control,GraciousDragonfly,0,112924210187298560,ZenPig,0,2024-08-09T01:06:02Z,Day4
Control,EncouragingTrout,0,112929360350963424,IndependentIguana,0,2024-08-09T01:07:01Z,Day4
Control,IndependentIguana,0,112929380293652320,EncouragingTrout,0,2024-08-09T01:07:35Z,Day4
Control,MarvelousPorpoise,0,112929372258001728,EncouragingTrout,0,2024-08-09T01:08:07Z,Day4
Control,EncouragingTrout,0,112929386259672512,IndependentIguana,0,2024-08-09T01:08:09Z,Day4
Control,PlayfulDeer,0,112929392586222032,EncouragingTrout,0,2024-08-09T01:10:51Z,Day4
Control,EncouragingTrout,0,112929395459970832,GratefulOstrich,0,2024-08-09T01:11:30Z,Day4
Control,MarvelousPorpoise,0,112927703989729904,IndependentIguana,0,2024-08-09T01:13:55Z,Day4
Control,EncouragingTrout,0,112929407440746496,CapableWildebeest,0,2024-08-09T01:14:13Z,Day4
Control,LavishHare,0,112926578846276720,TalentedRhinoceros,0,2024-08-09T01:14:15Z,Day4
Control,GraciousDragonfly,0,112929411097173424,CheerfulElephant,0,2024-08-09T01:15:17Z,Day4
Control,MarvelousPorpoise,0,112927010674487648,EncouragingTrout,0,2024-08-09T01:15:31Z,Day4
Control,GraciousDragonfly,0,112924271194422624,ForgivingSquid,0,2024-08-09T01:17:16Z,Day4
Control,MarvelousPorpoise,0,112929417530197040,GraciousDragonfly,0,2024-08-09T01:17:31Z,Day4
Control,ExcitingHippopotamus,0,112929411097173424,CheerfulElephant,0,2024-08-09T01:28:28Z,Day4
Control,SplendidCheetah,0,112924360438866256,IndependentIguana,0,2024-08-09T01:28:36Z,Day4
Control,GraciousDragonfly,0,112929245992441552,PersistentWombat,0,2024-08-09T01:28:51Z,Day4
Control,UnderstandingManatee,0,112928363922172912,CourageousWolverine,0,2024-08-09T01:29:43Z,Day4
Control,SplendidCheetah,0,112929312545642032,EncouragingTrout,0,2024-08-09T01:30:23Z,Day4
Control,EncouragingTrout,0,112929470960853968,TenderEchidna,0,2024-08-09T01:32:51Z,Day4
Control,EncouragingTrout,0,112929487494486848,SplendidCheetah,0,2024-08-09T01:34:02Z,Day4
Control,GraciousDragonfly,0,112929468532817328,ExcitingHippopotamus,0,2024-08-09T01:34:38Z,Day4
Control,GraciousDragonfly,0,112929480023763920,TenderEchidna,0,2024-08-09T01:34:52Z,Day4
Control,JubilantLeopard,0,112925916818525328,FabulousTortoise,0,2024-08-09T01:37:42Z,Day4
Control,JubilantLeopard,0,112924770342979920,PlayfulDeer,0,2024-08-09T01:38:08Z,Day4
Control,TenaciousIbis,0,112929495131000112,GraciousDragonfly,0,2024-08-09T01:41:30Z,Day4
Control,GraciousDragonfly,0,112929042437282192,CheerfulElephant,0,2024-08-09T01:43:34Z,Day4
Control,GraciousDragonfly,0,112929055840270976,CleverHawk,0,2024-08-09T01:43:52Z,Day4
Control,PlayfulDeer,0,112929480023763920,TenderEchidna,0,2024-08-09T01:43:58Z,Day4
Control,PlayfulDeer,0,112929468532817328,ExcitingHippopotamus,0,2024-08-09T01:44:04Z,Day4
Control,TenaciousIbis,0,112929042437282192,CheerfulElephant,0,2024-08-09T01:45:53Z,Day4
Control,PlayfulDeer,0,112929432645992928,MarvelousPorpoise,0,2024-08-09T01:45:56Z,Day4
Control,SplendidCheetah,0,112929495131000112,GraciousDragonfly,0,2024-08-09T01:47:58Z,Day4
Control,KindheartedDonkey,0,112929480023763920,TenderEchidna,0,2024-08-09T01:48:43Z,Day4
Control,PlayfulDeer,0,112929411097173424,CheerfulElephant,0,2024-08-09T01:48:56Z,Day4
Control,SplendidCheetah,0,112929546463667872,PlayfulDeer,0,2024-08-09T01:49:40Z,Day4
Control,GraciousDragonfly,0,112929548128802304,SplendidCheetah,0,2024-08-09T01:50:44Z,Day4
Control,IndependentIguana,0,112929480023763920,TenderEchidna,0,2024-08-09T01:51:11Z,Day4
Control,IndependentIguana,0,112929468532817328,ExcitingHippopotamus,0,2024-08-09T01:51:14Z,Day4
Control,IndependentIguana,0,112929411097173424,CheerfulElephant,0,2024-08-09T01:51:28Z,Day4
Control,PlayfulDeer,0,112929145170128464,LoyalDragon,0,2024-08-09T01:51:33Z,Day4
Control,KindheartedDonkey,0,112929318153581856,EncouragingTrout,0,2024-08-09T01:52:51Z,Day4
Control,KindheartedDonkey,0,112929188842035680,LoyalDragon,0,2024-08-09T01:54:15Z,Day4
Control,IndependentIguana,0,112929562078013200,KindheartedDonkey,0,2024-08-09T01:55:02Z,Day4
Control,IndependentIguana,0,112929554773879136,KindheartedDonkey,0,2024-08-09T01:55:11Z,Day4
Control,IndependentIguana,0,112929487494486848,SplendidCheetah,0,2024-08-09T01:55:18Z,Day4
Control,SplendidCheetah,0,112929380293652320,EncouragingTrout,0,2024-08-09T01:55:42Z,Day4
Control,KindheartedDonkey,0,112928903844167040,CapableWildebeest,0,2024-08-09T01:56:37Z,Day4
Control,IndependentIguana,0,112929304542491360,RemarkableTurtle,0,2024-08-09T01:57:03Z,Day4
Control,SplendidCheetah,0,112929409285931184,GraciousDragonfly,0,2024-08-09T01:57:56Z,Day4
Control,SplendidCheetah,0,112927814710425872,QuickMonkey,0,2024-08-09T01:58:35Z,Day4
Control,SplendidCheetah,0,112928077899734416,IndependentIguana,0,2024-08-09T01:59:17Z,Day4
Control,IndependentIguana,0,112929580013506816,SplendidCheetah,0,2024-08-09T02:00:31Z,Day4
Control,SplendidCheetah,0,112927824674049232,IndependentIguana,0,2024-08-09T02:01:06Z,Day4
Control,IndependentIguana,0,112929562530331056,TenaciousIbis,0,2024-08-09T02:01:59Z,Day4
Control,PassionateOwl,0,112929455383223312,GraciousDragonfly,0,2024-08-09T02:02:02Z,Day4
Control,SplendidCheetah,0,112929163101233408,MagnificentAardvark,0,2024-08-09T02:03:14Z,Day4
Control,IndependentIguana,0,112929618270563616,KindheartedDonkey,0,2024-08-09T02:08:13Z,Day4
Control,IndependentIguana,0,112929610590918128,GraciousDragonfly,0,2024-08-09T02:08:24Z,Day4
Control,PassionateOwl,0,112929245992441552,PersistentWombat,0,2024-08-09T02:09:58Z,Day4
Control,PassionateOwl,0,112929481961265856,GraciousDragonfly,0,2024-08-09T02:12:46Z,Day4
Control,KindheartedDonkey,0,112924317931097712,DaringBandicoot,0,2024-08-09T02:15:02Z,Day4
Control,CapableWildebeest,0,112929480023763920,TenderEchidna,0,2024-08-09T02:21:02Z,Day4
Control,CapableWildebeest,0,112929468532817328,ExcitingHippopotamus,0,2024-08-09T02:21:05Z,Day4
Control,CapableWildebeest,0,112929576853102096,KindheartedDonkey,0,2024-08-09T02:21:29Z,Day4
Control,CapableWildebeest,0,112929552422164416,PlayfulDeer,0,2024-08-09T02:22:38Z,Day4
Control,KindheartedDonkey,0,112929123941351568,LoyalDragon,0,2024-08-09T02:22:45Z,Day4
Control,KindheartedDonkey,0,112928358960955776,QuickMonkey,0,2024-08-09T02:23:02Z,Day4
Control,KindheartedDonkey,0,112928077278768480,PositiveGrasshopper,0,2024-08-09T02:23:09Z,Day4
Control,GraciousDragonfly,0,112929672513682272,CapableWildebeest,0,2024-08-09T02:23:10Z,Day4
Control,KindheartedDonkey,0,112927977984087824,HopefulLemur,0,2024-08-09T02:23:26Z,Day4
Control,KindheartedDonkey,0,112924047202704224,IndependentIguana,0,2024-08-09T02:23:35Z,Day4
Control,SereneFerret,0,112927371197040912,QuickMonkey,0,2024-08-09T02:41:39Z,Day4
Control,TenaciousIbis,0,112929359161705040,MarvelousPorpoise,0,2024-08-09T02:51:12Z,Day4
Control,IndependentIguana,0,112929790134850736,SereneFerret,0,2024-08-09T02:51:13Z,Day4
Control,IndependentIguana,0,112929650204917424,GraciousDragonfly,0,2024-08-09T02:51:36Z,Day4
Control,SereneFerret,0,112929245992441552,PersistentWombat,0,2024-08-09T02:52:06Z,Day4
Control,ForgivingSquid,0,112929650204917424,GraciousDragonfly,0,2024-08-09T02:59:42Z,Day4
Control,ForgivingSquid,0,112929830308705712,SereneFerret,0,2024-08-09T03:14:34Z,Day4
Control,TenaciousIbis,0,112928776833375744,CheerfulElephant,0,2024-08-09T03:16:18Z,Day4
Control,IndependentIguana,0,112929898194427824,SereneFerret,0,2024-08-09T03:20:03Z,Day4
Control,IndependentIguana,0,112929884639673936,SereneFerret,0,2024-08-09T03:20:15Z,Day4
Control,IndependentIguana,0,112929872444403616,ForgivingSquid,0,2024-08-09T03:20:41Z,Day4
Control,GraciousDragonfly,0,112929798765704160,IndependentIguana,0,2024-08-09T03:25:17Z,Day4
Control,GraciousDragonfly,0,112929872444403616,ForgivingSquid,0,2024-08-09T03:25:22Z,Day4
Control,IndependentIguana,0,112929907268805072,SereneFerret,0,2024-08-09T03:29:24Z,Day4
Control,ForgivingSquid,0,112929123941351568,LoyalDragon,0,2024-08-09T03:35:19Z,Day4
Control,ForgivingSquid,0,112929030250061312,FabulousTortoise,0,2024-08-09T03:35:25Z,Day4
Control,ForgivingSquid,0,112928676554690208,TenderEchidna,0,2024-08-09T03:35:30Z,Day4
Control,TenaciousIbis,0,112927863678534976,IndependentIguana,0,2024-08-09T03:37:00Z,Day4
Control,TenaciousIbis,0,112929621247003216,IndependentIguana,0,2024-08-09T03:50:07Z,Day4
Control,CapableWildebeest,0,112929959555867120,ForgivingSquid,0,2024-08-09T04:29:18Z,Day4
Control,LovingButterfly,0,112928929689683504,FlourishingCondor,0,2024-08-09T04:31:40Z,Day4
Control,TenaciousIbis,0,112929591982296592,GraciousDragonfly,0,2024-08-09T04:42:58Z,Day4
Control,HonestPossum,0,112929149731570848,LoyalDragon,0,2024-08-09T04:58:44Z,Day4
Control,HonestPossum,0,112922655888704032,VibrantJellyfish,0,2024-08-09T05:00:16Z,Day4
Control,HonestPossum,0,112930238737975808,CharitableGibbon,0,2024-08-09T05:00:29Z,Day4
Control,HonestPossum,0,112929907268805072,SereneFerret,0,2024-08-09T05:01:39Z,Day4
Control,HonestPossum,0,112929902851350304,DaringBandicoot,0,2024-08-09T05:02:47Z,Day4
Control,HonestPossum,0,112929360350963424,IndependentIguana,0,2024-08-09T05:03:43Z,Day4
Control,EnchantingTiger,0,112928293434969296,UnderstandingManatee,0,2024-08-09T06:28:04Z,Day4
Control,EnchantingTiger,0,112927854163876992,LuminousHornet,0,2024-08-09T06:28:12Z,Day4
Control,EnchantingTiger,0,112929079005169056,CleverHawk,0,2024-08-09T06:30:54Z,Day4
Control,EnchantingTiger,0,112930238737975808,CharitableGibbon,0,2024-08-09T06:31:26Z,Day4
Control,EnchantingTiger,0,112930346403443248,HonestPossum,0,2024-08-09T06:32:32Z,Day4
Control,EnchantingTiger,0,112930318413616832,HonestPossum,0,2024-08-09T06:32:33Z,Day4
Control,EnchantingTiger,0,112930189387781872,CapableWildebeest,0,2024-08-09T06:33:35Z,Day4
Control,EnchantingTiger,0,112929907268805072,SereneFerret,0,2024-08-09T06:38:05Z,Day4
Control,EnchantingTiger,0,112929863585488320,ForgivingSquid,0,2024-08-09T06:38:35Z,Day4
Control,EnchantingTiger,0,112929823133183568,ForgivingSquid,0,2024-08-09T06:38:53Z,Day4
Control,EnchantingTiger,0,112929650204917424,GraciousDragonfly,0,2024-08-09T06:40:34Z,Day4
Control,EnchantingTiger,0,112929591325984624,IndependentIguana,0,2024-08-09T06:41:29Z,Day4
Control,IndependentIguana,0,112930670104591216,EnchantingTiger,0,2024-08-09T06:42:10Z,Day4
Control,IndependentIguana,0,112930694989766320,EnchantingTiger,0,2024-08-09T06:42:13Z,Day4
Control,EnchantingTiger,0,112929610590918128,GraciousDragonfly,0,2024-08-09T06:42:25Z,Day4
Control,EnchantingTiger,0,112929562530331056,TenaciousIbis,0,2024-08-09T06:43:14Z,Day4
Control,EnchantingTiger,0,112929591982296592,GraciousDragonfly,0,2024-08-09T06:43:26Z,Day4
Control,EnchantingTiger,0,112929621247003216,IndependentIguana,0,2024-08-09T06:43:32Z,Day4
Control,EnchantingTiger,0,112929776734480800,SereneFerret,0,2024-08-09T06:43:33Z,Day4
Control,EnchantingTiger,0,112929997021013072,PeacefulMongoose,0,2024-08-09T06:43:36Z,Day4
Control,EnchantingTiger,0,112929468532817328,ExcitingHippopotamus,0,2024-08-09T06:46:20Z,Day4
Control,EnchantingTiger,0,112929495131000112,GraciousDragonfly,0,2024-08-09T06:46:31Z,Day4
Control,EnchantingTiger,0,112929480023763920,TenderEchidna,0,2024-08-09T06:46:33Z,Day4
Control,EnchantingTiger,0,112929548128802304,SplendidCheetah,0,2024-08-09T06:46:36Z,Day4
Control,EnchantingTiger,0,112929432645992928,MarvelousPorpoise,0,2024-08-09T06:47:05Z,Day4
Control,EnchantingTiger,0,112929360350963424,IndependentIguana,0,2024-08-09T06:48:32Z,Day4
Control,EnchantingTiger,0,112929359161705040,MarvelousPorpoise,0,2024-08-09T06:49:37Z,Day4
Control,EnchantingTiger,0,112929245992441552,PersistentWombat,0,2024-08-09T06:50:53Z,Day4
Control,EnchantingTiger,0,112929296378695808,MarvelousPorpoise,0,2024-08-09T06:52:27Z,Day4
Control,EnchantingTiger,0,112929263988295760,MagnificentAardvark,0,2024-08-09T06:52:30Z,Day4
Control,EnchantingTiger,0,112929572696126400,ConsiderateYabby,0,2024-08-09T06:52:35Z,Day4
Control,EnchantingTiger,0,112930329477972352,HonestPossum,0,2024-08-09T06:52:38Z,Day4
Control,EnchantingTiger,0,112929188842035680,LoyalDragon,0,2024-08-09T06:53:47Z,Day4
Control,EnchantingTiger,0,112929481961265856,GraciousDragonfly,0,2024-08-09T06:55:02Z,Day4
Control,EnchantingTiger,0,112929158496291040,BrilliantMeerkat,0,2024-08-09T06:55:56Z,Day4
Control,EnchantingTiger,0,112929149731570848,LoyalDragon,0,2024-08-09T06:56:02Z,Day4
Control,EnchantingTiger,0,112929145170128464,LoyalDragon,0,2024-08-09T06:56:08Z,Day4
Control,EnchantingTiger,0,112929192883174304,LoyalDragon,0,2024-08-09T06:56:20Z,Day4
Control,EnchantingTiger,0,112929187240674768,GratefulOstrich,0,2024-08-09T06:56:23Z,Day4
Control,EnchantingTiger,0,112929192275497312,CheerfulElephant,0,2024-08-09T06:56:28Z,Day4
Control,EnchantingTiger,0,112929211282985520,MarvelousPorpoise,0,2024-08-09T06:56:42Z,Day4
Control,EnchantingTiger,0,112929215121620960,RemarkableTurtle,0,2024-08-09T06:56:47Z,Day4
Control,EnchantingTiger,0,112929250868114912,PlayfulDeer,0,2024-08-09T06:57:00Z,Day4
Control,EnchantingTiger,0,112929528991692736,SplendidCheetah,0,2024-08-09T06:57:19Z,Day4
Control,EnchantingTiger,0,112929838860314048,SereneFerret,0,2024-08-09T06:57:35Z,Day4
Control,EnchantingTiger,0,112929781344939136,DaringBandicoot,0,2024-08-09T06:57:36Z,Day4
Control,EnchantingTiger,0,112929141488874432,LoyalDragon,0,2024-08-09T06:57:46Z,Day4
Control,EnchantingTiger,0,112929181238886832,LoyalDragon,0,2024-08-09T06:57:56Z,Day4
Control,EnchantingTiger,0,112929135363486016,MagnificentAardvark,0,2024-08-09T07:00:01Z,Day4
Control,EnchantingTiger,0,112929164266531696,QuickMonkey,0,2024-08-09T07:00:12Z,Day4
Control,EnchantingTiger,0,112929176693752976,MagnificentAardvark,0,2024-08-09T07:00:19Z,Day4
Control,EnchantingTiger,0,112929205914141376,QuickMonkey,0,2024-08-09T07:00:32Z,Day4
Control,EnchantingTiger,0,112929136223879840,LoyalDragon,0,2024-08-09T07:00:39Z,Day4
Control,EnchantingTiger,0,112929164040189824,GratefulOstrich,0,2024-08-09T07:00:51Z,Day4
Control,EnchantingTiger,0,112929178801310656,QuickMonkey,0,2024-08-09T07:00:53Z,Day4
Control,EnchantingTiger,0,112929214519532192,QuickMonkey,0,2024-08-09T07:01:02Z,Day4
Control,EnchantingTiger,0,112929247410644016,GratefulOstrich,0,2024-08-09T07:01:04Z,Day4
Control,EnchantingTiger,0,112929338555336544,QuickMonkey,0,2024-08-09T07:01:10Z,Day4
Control,EnchantingTiger,0,112929042437282192,CheerfulElephant,0,2024-08-09T07:01:18Z,Day4
Control,EnchantingTiger,0,112929037056308368,ExceptionalBumblebee,0,2024-08-09T07:01:28Z,Day4
Control,EnchantingTiger,0,112928957175697728,ExcitingHippopotamus,0,2024-08-09T07:01:54Z,Day4
Control,EnchantingTiger,0,112928932314316064,BenevolentWhale,0,2024-08-09T07:01:57Z,Day4
Control,EnchantingTiger,0,112928903844167040,CapableWildebeest,0,2024-08-09T07:02:07Z,Day4
Control,EnchantingTiger,0,112928889543961568,BenevolentWhale,0,2024-08-09T07:02:22Z,Day4
Control,EnchantingTiger,0,112928831669052928,DependableParrot,0,2024-08-09T07:02:54Z,Day4
Control,EnchantingTiger,0,112928776833375744,CheerfulElephant,0,2024-08-09T07:03:29Z,Day4
Control,EnchantingTiger,0,112928720151045248,CheerfulElephant,0,2024-08-09T07:03:30Z,Day4
Control,EnchantingTiger,0,112929878254569840,SereneFerret,0,2024-08-09T07:04:30Z,Day4
Control,BalancedQuoll,0,112930670104591216,EnchantingTiger,0,2024-08-09T07:51:16Z,Day4
Control,FabulousTortoise,0,112924128533364928,GraciousDragonfly,0,2024-08-09T09:10:58Z,Day4
Control,FabulousTortoise,0,112930670104591216,EnchantingTiger,0,2024-08-09T09:16:48Z,Day4
Control,FabulousTortoise,0,112929273596460704,MarvelousPorpoise,0,2024-08-09T09:27:34Z,Day4
Control,IndependentIguana,0,112931823589103904,GenerousHummingbird,0,2024-08-09T11:50:40Z,Day4
Control,IndependentIguana,0,112931267861592304,ZenPig,0,2024-08-09T11:53:56Z,Day4
Control,DependableParrot,0,112928849152591680,CheerfulElephant,0,2024-08-09T12:49:48Z,Day4
Control,DependableParrot,0,112929069281016528,HelpfulEagle,0,2024-08-09T12:49:49Z,Day4
Control,DependableParrot,0,112929104432268448,BrilliantMeerkat,0,2024-08-09T12:49:50Z,Day4
Control,DependableParrot,0,112929240840732016,RemarkableTurtle,0,2024-08-09T12:49:52Z,Day4
Control,DependableParrot,0,112929596674243792,KindheartedDonkey,0,2024-08-09T12:49:54Z,Day4
Control,DependableParrot,0,112931823589103904,GenerousHummingbird,0,2024-08-09T12:50:04Z,Day4
Control,DependableParrot,0,112930974994410656,BalancedQuoll,0,2024-08-09T12:50:26Z,Day4
Control,InnovativeOtter,0,112932155781311632,IndependentIguana,0,2024-08-09T12:56:06Z,Day4
Control,InnovativeOtter,0,112931823589103904,GenerousHummingbird,0,2024-08-09T12:56:08Z,Day4
Control,ExceptionalBumblebee,0,112930974994410656,BalancedQuoll,0,2024-08-09T13:12:19Z,Day4
Control,AwesomeCricket,0,112928922571409584,ExcitingHippopotamus,0,2024-08-09T13:15:04Z,Day4
Control,AwesomeCricket,0,112931823589103904,GenerousHummingbird,0,2024-08-09T13:18:43Z,Day4
Control,AwesomeCricket,0,112930974994410656,BalancedQuoll,0,2024-08-09T13:19:19Z,Day4
Control,AwesomeCricket,0,112930670104591216,EnchantingTiger,0,2024-08-09T13:22:20Z,Day4
Control,AwesomeCricket,0,112929919656076336,ForgivingSquid,0,2024-08-09T13:26:42Z,Day4
Control,AwesomeCricket,0,112929863585488320,ForgivingSquid,0,2024-08-09T13:27:22Z,Day4
Control,AwesomeCricket,0,112929562530331056,TenaciousIbis,0,2024-08-09T13:28:08Z,Day4
Control,AwesomeCricket,0,112929495131000112,GraciousDragonfly,0,2024-08-09T13:31:09Z,Day4
Control,AwesomeCricket,0,112929380293652320,EncouragingTrout,0,2024-08-09T13:32:26Z,Day4
Control,AwesomeCricket,0,112929359161705040,MarvelousPorpoise,0,2024-08-09T13:33:13Z,Day4
Control,AwesomeCricket,0,112930731567214848,EnchantingTiger,0,2024-08-09T13:33:29Z,Day4
Control,AwesomeCricket,0,112929554773879136,KindheartedDonkey,0,2024-08-09T13:33:43Z,Day4
Control,AwesomeCricket,0,112929245992441552,PersistentWombat,0,2024-08-09T13:35:52Z,Day4
Control,AwesomeCricket,0,112929171195539568,PlayfulDeer,0,2024-08-09T13:36:43Z,Day4
Control,AwesomeCricket,0,112929163101233408,MagnificentAardvark,0,2024-08-09T13:42:39Z,Day4
Control,AwesomeCricket,0,112929042437282192,CheerfulElephant,0,2024-08-09T13:48:06Z,Day4
Control,AwesomeCricket,0,112929037056308368,ExceptionalBumblebee,0,2024-08-09T13:48:34Z,Day4
Control,AwesomeCricket,0,112929019256968624,SunnySparrow,0,2024-08-09T13:48:51Z,Day4
Control,AwesomeCricket,0,112928903844167040,CapableWildebeest,0,2024-08-09T13:49:14Z,Day4
Control,AwesomeCricket,0,112928889543961568,BenevolentWhale,0,2024-08-09T13:49:51Z,Day4
Control,AwesomeCricket,0,112928932314316064,BenevolentWhale,0,2024-08-09T13:49:58Z,Day4
Control,IndependentIguana,0,112932285881283184,InnovativeOtter,0,2024-08-09T13:50:37Z,Day4
Control,JoyousPanther,0,112930024355720640,ForgivingSquid,0,2024-08-09T13:54:37Z,Day4
Control,JoyousPanther,0,112930676214656384,EnchantingTiger,0,2024-08-09T13:55:35Z,Day4
Control,IndependentIguana,0,112932382957081264,KnowledgeableRabbit,0,2024-08-09T13:55:35Z,Day4
Control,JoyousPanther,0,112932288771426688,AwesomeCricket,0,2024-08-09T13:55:39Z,Day4
Control,AwesomeCricket,0,112928949474324672,IndependentIguana,0,2024-08-09T13:56:25Z,Day4
Control,ZenPig,0,112932447288402928,TalentedRhinoceros,0,2024-08-09T14:08:03Z,Day4
Control,IndependentIguana,0,112932417808526688,HappyDuck,0,2024-08-09T14:29:07Z,Day4
Control,IndependentIguana,0,112932536431902016,CharitableGibbon,0,2024-08-09T14:29:32Z,Day4
Control,IndependentIguana,0,112932447288402928,TalentedRhinoceros,0,2024-08-09T14:29:37Z,Day4
Control,IndependentIguana,0,112932440508172320,ZenPig,0,2024-08-09T14:29:42Z,Day4
Control,CharitableGibbon,0,112932536431902016,CharitableGibbon,0,2024-08-09T14:29:50Z,Day4
Control,CheerfulElephant,0,112932155781311632,IndependentIguana,0,2024-08-09T14:47:51Z,Day4
Control,CheerfulElephant,0,112930670104591216,EnchantingTiger,0,2024-08-09T14:49:45Z,Day4
Control,CheerfulElephant,0,112930189387781872,CapableWildebeest,0,2024-08-09T14:49:53Z,Day4
Control,ImaginativeFlamingo,0,112932414736272352,IndependentIguana,0,2024-08-09T14:58:55Z,Day4
Control,EncouragingTrout,0,112929769270944368,DaringBandicoot,0,2024-08-09T15:03:03Z,Day4
Control,EncouragingTrout,0,112929851647590464,NeatViper,0,2024-08-09T15:03:04Z,Day4
Control,EncouragingTrout,0,112929627634002128,KindheartedDonkey,0,2024-08-09T15:03:09Z,Day4
Control,EncouragingTrout,0,112929596149814752,IndependentIguana,0,2024-08-09T15:03:16Z,Day4
Control,EncouragingTrout,0,112932658951337744,EnthusiasticPeacock,0,2024-08-09T15:03:39Z,Day4
Control,DependableParrot,0,112932624937466144,BenevolentWhale,0,2024-08-09T15:04:02Z,Day4
Control,DependableParrot,0,112932553628902400,IndependentIguana,0,2024-08-09T15:04:09Z,Day4
Control,FabulousTortoise,0,112932553628902400,IndependentIguana,0,2024-08-09T15:04:10Z,Day4
Control,EncouragingTrout,0,112932624937466144,BenevolentWhale,0,2024-08-09T15:04:17Z,Day4
Control,CheerfulElephant,0,112932624937466144,BenevolentWhale,0,2024-08-09T15:04:19Z,Day4
Control,CheerfulElephant,0,112932553628902400,IndependentIguana,0,2024-08-09T15:04:36Z,Day4
Control,DynamicPython,0,112927686682348848,GracefulShrimp,0,2024-08-09T15:05:28Z,Day4
Control,EncouragingTrout,0,112932642078367120,ImaginativeFlamingo,0,2024-08-09T15:06:39Z,Day4
Control,ComposedPheasant,0,112932624937466144,BenevolentWhale,0,2024-08-09T15:08:07Z,Day4
Control,DynamicPython,0,112923994081033152,CapableWildebeest,0,2024-08-09T15:09:45Z,Day4
Control,EnthusiasticPeacock,0,112932656668070720,TenderEchidna,0,2024-08-09T15:14:17Z,Day4
Control,IndependentIguana,0,112932553628902400,IndependentIguana,0,2024-08-09T15:19:17Z,Day4
Control,EncouragingTrout,0,112932553628902400,IndependentIguana,0,2024-08-09T15:19:37Z,Day4
Control,IndependentIguana,0,112932658951337744,EnthusiasticPeacock,0,2024-08-09T15:19:54Z,Day4
Control,IndependentIguana,0,112932624937466144,BenevolentWhale,0,2024-08-09T15:20:02Z,Day4
Control,IndependentIguana,0,112932543275069520,CharitableGibbon,0,2024-08-09T15:20:13Z,Day4
Control,CheerfulElephant,0,112932414736272352,IndependentIguana,0,2024-08-09T15:20:47Z,Day4
Control,EncouragingTrout,0,112932543275069520,CharitableGibbon,0,2024-08-09T15:21:26Z,Day4
Control,EncouragingTrout,0,112932536431902016,CharitableGibbon,0,2024-08-09T15:21:29Z,Day4
Control,EncouragingTrout,0,112932440508172320,ZenPig,0,2024-08-09T15:21:36Z,Day4
Control,IdealPuma,0,112927898553170704,GracefulShrimp,0,2024-08-09T15:23:49Z,Day4
Control,DynamicPython,0,112920958437262688,EncouragingTrout,0,2024-08-09T15:25:41Z,Day4
Control,HopefulLemur,0,112932698892536976,TenderEchidna,0,2024-08-09T15:27:28Z,Day4
Control,HopefulLemur,0,112932764269911008,EncouragingTrout,0,2024-08-09T15:28:04Z,Day4
Control,IdealPuma,0,112932764269911008,EncouragingTrout,0,2024-08-09T15:28:57Z,Day4
Control,IndependentIguana,0,112932764269911008,EncouragingTrout,0,2024-08-09T15:31:05Z,Day4
Control,IndependentIguana,0,112932759055099088,HopefulLemur,0,2024-08-09T15:31:09Z,Day4
Control,IndependentIguana,0,112932758403317696,EncouragingTrout,0,2024-08-09T15:31:18Z,Day4
Control,IndependentIguana,0,112932746766825376,EncouragingTrout,0,2024-08-09T15:31:22Z,Day4
Control,IndependentIguana,0,112932770132541472,IdealPuma,0,2024-08-09T15:32:30Z,Day4
Control,EncouragingTrout,0,112932778388709824,HopefulLemur,0,2024-08-09T15:33:03Z,Day4
Control,CheerfulElephant,0,112932707986684960,ImaginativeFlamingo,0,2024-08-09T15:33:09Z,Day4
Control,EncouragingTrout,0,112932759055099088,HopefulLemur,0,2024-08-09T15:33:58Z,Day4
Control,EncouragingTrout,0,112932803617610912,HopefulLemur,0,2024-08-09T15:37:37Z,Day4
Control,IdealPuma,0,112932815642541616,HopefulLemur,0,2024-08-09T15:41:28Z,Day4
Control,EncouragingTrout,0,112932819403094128,CheerfulElephant,0,2024-08-09T15:41:39Z,Day4
Control,EncouragingTrout,0,112932815642541616,HopefulLemur,0,2024-08-09T15:44:00Z,Day4
Control,EncouragingTrout,0,112929411097173424,CheerfulElephant,0,2024-08-09T15:46:04Z,Day4
Control,EncouragingTrout,0,112929417530197040,GraciousDragonfly,0,2024-08-09T15:46:19Z,Day4
Control,EncouragingTrout,0,112932853386930224,CompassionateGazelle,0,2024-08-09T15:50:01Z,Day4
Control,SpiritedSalamander,0,112932758403317696,EncouragingTrout,0,2024-08-09T15:50:15Z,Day4
Control,EncouragingTrout,0,112932426076459072,SpiritedSalamander,0,2024-08-09T15:50:24Z,Day4
Control,IdealPuma,0,112932853762100272,EncouragingTrout,0,2024-08-09T15:53:05Z,Day4
Control,IdealPuma,0,112932819403094128,CheerfulElephant,0,2024-08-09T15:53:08Z,Day4
Control,GratefulOstrich,0,112932853762100272,EncouragingTrout,0,2024-08-09T15:53:48Z,Day4
Control,GratefulOstrich,0,112932764269911008,EncouragingTrout,0,2024-08-09T15:56:32Z,Day4
Control,IndependentIguana,0,112932853762100272,EncouragingTrout,0,2024-08-09T15:56:37Z,Day4
Control,IndependentIguana,0,112932819403094128,CheerfulElephant,0,2024-08-09T15:56:41Z,Day4
Control,GratefulOstrich,0,112932819403094128,CheerfulElephant,0,2024-08-09T16:13:15Z,Day4
Control,PlayfulDeer,0,112929807373923728,ForgivingSquid,0,2024-08-09T16:14:52Z,Day4
Control,PlayfulDeer,0,112929568471807008,SplendidCheetah,0,2024-08-09T16:15:24Z,Day4
Control,PlayfulDeer,0,112932938548982320,GratefulOstrich,0,2024-08-09T16:21:11Z,Day4
Control,InnovativeOtter,0,112932714149144896,ImaginativeFlamingo,0,2024-08-09T16:32:40Z,Day4
Control,PlayfulDeer,0,112932853762100272,EncouragingTrout,0,2024-08-09T16:32:48Z,Day4
Control,PlayfulDeer,0,112932819403094128,CheerfulElephant,0,2024-08-09T16:32:59Z,Day4
Control,GratefulOstrich,0,112933020758056848,PlayfulDeer,0,2024-08-09T16:33:35Z,Day4
Control,EncouragingTrout,0,112932877053324704,GratefulOstrich,0,2024-08-09T16:44:04Z,Day4
Control,IndependentIguana,0,112932910924107008,CompassionateGazelle,0,2024-08-09T16:51:32Z,Day4
Control,IndependentIguana,0,112932938548982320,GratefulOstrich,0,2024-08-09T16:52:53Z,Day4
Control,IndependentIguana,0,112932855042588624,IdealPuma,0,2024-08-09T16:58:08Z,Day4
Control,CapableWildebeest,0,112933020758056848,PlayfulDeer,0,2024-08-09T17:09:26Z,Day4
Control,CapableWildebeest,0,112932853762100272,EncouragingTrout,0,2024-08-09T17:09:54Z,Day4
Control,CapableWildebeest,0,112932819403094128,CheerfulElephant,0,2024-08-09T17:10:02Z,Day4
Control,GratefulOstrich,0,112933172321264112,IndependentIguana,0,2024-08-09T17:24:17Z,Day4
Control,ImaginativeFlamingo,0,112933228435245456,InspiringReindeer,0,2024-08-09T17:36:06Z,Day4
Control,DependableParrot,0,112933020758056848,PlayfulDeer,0,2024-08-09T17:36:22Z,Day4
Control,DependableParrot,0,112932758403317696,EncouragingTrout,0,2024-08-09T17:37:09Z,Day4
Control,QuickMonkey,0,112932910924107008,CompassionateGazelle,0,2024-08-09T17:38:01Z,Day4
Control,InspiringReindeer,0,112933266293536208,ImaginativeFlamingo,0,2024-08-09T17:39:39Z,Day4
Control,BenevolentWhale,0,112933283625564640,InspiringReindeer,0,2024-08-09T17:40:34Z,Day4
Control,BenevolentWhale,0,112933282191709184,InspiringReindeer,0,2024-08-09T17:40:42Z,Day4
Control,IndependentIguana,0,112933266243902832,SupportiveCrocodile,0,2024-08-09T17:40:44Z,Day4
Control,IndependentIguana,0,112933229826808560,GratefulOstrich,0,2024-08-09T17:40:51Z,Day4
Control,CapableWildebeest,0,112933283625564640,InspiringReindeer,0,2024-08-09T17:40:59Z,Day4
Control,IndependentIguana,0,112933283625564640,InspiringReindeer,0,2024-08-09T17:42:02Z,Day4
Control,IndependentIguana,0,112933351953596112,EagerPelican,0,2024-08-09T18:03:20Z,Day4
Control,IndependentIguana,0,112933379059025104,GenuineBaboon,0,2024-08-09T18:03:45Z,Day4
Control,PlayfulDeer,0,112933293639637632,QuickMonkey,0,2024-08-09T18:11:03Z,Day4
Control,PlayfulDeer,0,112933415303438912,BlissfulDog,0,2024-08-09T18:15:54Z,Day4
Control,PlayfulDeer,0,112933351953596112,EagerPelican,0,2024-08-09T18:18:50Z,Day4
Control,CourageousWolverine,0,112933448659838592,BlissfulDog,0,2024-08-09T18:21:30Z,Day4
Control,PlayfulDeer,0,112933283625564640,InspiringReindeer,0,2024-08-09T18:21:36Z,Day4
Control,PlayfulDeer,0,112933282191709184,InspiringReindeer,0,2024-08-09T18:23:00Z,Day4
Control,PlayfulDeer,0,112933533489873648,FlexiblePuffin,0,2024-08-09T18:46:29Z,Day4
Control,CapableWildebeest,0,112933533489873648,FlexiblePuffin,0,2024-08-09T18:46:49Z,Day4
Control,IndependentIguana,0,112933505737822304,CourageousWolverine,0,2024-08-09T18:48:24Z,Day4
Control,IndependentIguana,0,112933533489873648,FlexiblePuffin,0,2024-08-09T18:49:09Z,Day4
Control,IndependentIguana,0,112933415303438912,BlissfulDog,0,2024-08-09T18:49:17Z,Day4
Control,LuminousHornet,0,112928249182386640,BlissfulDog,0,2024-08-09T18:53:48Z,Day4
Control,EncouragingTrout,0,112933253175789600,CapableWildebeest,0,2024-08-09T18:57:38Z,Day4
Control,IndependentIguana,0,112933591002418112,InnovativeOtter,0,2024-08-09T18:57:43Z,Day4
Control,ComposedPheasant,0,112932853762100272,EncouragingTrout,0,2024-08-09T18:57:50Z,Day4
Control,ComposedPheasant,0,112932819403094128,CheerfulElephant,0,2024-08-09T18:57:53Z,Day4
Control,EncouragingTrout,0,112933593641154416,LuminousHornet,0,2024-08-09T18:58:09Z,Day4
Control,ComposedPheasant,0,112932553628902400,IndependentIguana,0,2024-08-09T18:58:44Z,Day4
Control,LuminousHornet,0,112933578641020016,IndependentIguana,0,2024-08-09T18:59:08Z,Day4
Control,ComposedPheasant,0,112932440508172320,ZenPig,0,2024-08-09T18:59:18Z,Day4
Control,IndependentIguana,0,112933593641154416,LuminousHornet,0,2024-08-09T18:59:50Z,Day4
Control,LuminousHornet,0,112933351953596112,EagerPelican,0,2024-08-09T19:00:07Z,Day4
Control,LuminousHornet,0,112933283625564640,InspiringReindeer,0,2024-08-09T19:00:38Z,Day4
Control,ComposedPheasant,0,112933351953596112,EagerPelican,0,2024-08-09T19:00:57Z,Day4
Control,LuminousHornet,0,112933172321264112,IndependentIguana,0,2024-08-09T19:01:25Z,Day4
Control,LuminousHornet,0,112932853762100272,EncouragingTrout,0,2024-08-09T19:01:49Z,Day4
Control,LuminousHornet,0,112932797956966800,IdealPuma,0,2024-08-09T19:02:33Z,Day4
Control,LuminousHornet,0,112932819403094128,CheerfulElephant,0,2024-08-09T19:02:44Z,Day4
Control,LuminousHornet,0,112932764269911008,EncouragingTrout,0,2024-08-09T19:03:21Z,Day4
Control,LuminousHornet,0,112932733065055216,EncouragingTrout,0,2024-08-09T19:04:05Z,Day4
Control,LuminousHornet,0,112932658951337744,EnthusiasticPeacock,0,2024-08-09T19:04:18Z,Day4
Control,LuminousHornet,0,112932656668070720,TenderEchidna,0,2024-08-09T19:04:28Z,Day4
Control,LuminousHornet,0,112932624937466144,BenevolentWhale,0,2024-08-09T19:05:13Z,Day4
Control,ComposedPheasant,0,112933593641154416,LuminousHornet,0,2024-08-09T19:05:14Z,Day4
Control,LuminousHornet,0,112932553628902400,IndependentIguana,0,2024-08-09T19:05:28Z,Day4
Control,LuminousHornet,0,112932543275069520,CharitableGibbon,0,2024-08-09T19:05:45Z,Day4
Control,LuminousHornet,0,112932471908833168,ZenPig,0,2024-08-09T19:06:17Z,Day4
Control,LuminousHornet,0,112932440508172320,ZenPig,0,2024-08-09T19:06:44Z,Day4
Control,LuminousHornet,0,112932426076459072,SpiritedSalamander,0,2024-08-09T19:06:50Z,Day4
Control,LuminousHornet,0,112932414736272352,IndependentIguana,0,2024-08-09T19:07:06Z,Day4
Control,LuminousHornet,0,112932155781311632,IndependentIguana,0,2024-08-09T19:07:20Z,Day4
Control,LuminousHornet,0,112931408314526672,BubblyNightingale,0,2024-08-09T19:07:28Z,Day4
Control,LuminousHornet,0,112930670104591216,EnchantingTiger,0,2024-08-09T19:07:54Z,Day4
Control,LuminousHornet,0,112931267861592304,ZenPig,0,2024-08-09T19:08:12Z,Day4
Control,LuminousHornet,0,112930189387781872,CapableWildebeest,0,2024-08-09T19:08:34Z,Day4
Control,LuminousHornet,0,112929823133183568,ForgivingSquid,0,2024-08-09T19:09:02Z,Day4
Control,LuminousHornet,0,112929650204917424,GraciousDragonfly,0,2024-08-09T19:09:06Z,Day4
Control,LuminousHornet,0,112929411097173424,CheerfulElephant,0,2024-08-09T19:09:31Z,Day4
Control,LuminousHornet,0,112928529278313360,BeneficialCrayfish,0,2024-08-09T19:11:10Z,Day4
Control,ComposedPheasant,0,112930670104591216,EnchantingTiger,0,2024-08-09T19:11:16Z,Day4
Control,LuminousHornet,0,112923058566184416,GratefulOstrich,0,2024-08-09T19:11:45Z,Day4
Control,ComposedPheasant,0,112928226413924432,AmiableCat,0,2024-08-09T19:11:58Z,Day4
Control,LuminousHornet,0,112933621283889056,ComposedPheasant,0,2024-08-09T19:12:21Z,Day4
Control,LuminousHornet,0,112933616037428816,IndependentIguana,0,2024-08-09T19:12:43Z,Day4
Control,IndependentIguana,0,112933653738133040,LuminousHornet,0,2024-08-09T19:13:55Z,Day4
Control,LuminousHornet,0,112933657669426112,IndependentIguana,0,2024-08-09T19:14:25Z,Day4
Control,LuminousHornet,0,112933624981435584,NurturingLlama,0,2024-08-09T19:14:50Z,Day4
Control,IndependentIguana,0,112933659130362720,LuminousHornet,0,2024-08-09T19:14:51Z,Day4
Control,CapableWildebeest,0,112933588106161920,ComposedPheasant,0,2024-08-09T19:15:33Z,Day4
Control,CapableWildebeest,0,112933578641020016,IndependentIguana,0,2024-08-09T19:16:00Z,Day4
Control,DynamicPython,0,112933588106161920,ComposedPheasant,0,2024-08-09T19:16:16Z,Day4
Control,DynamicPython,0,112933282191709184,InspiringReindeer,0,2024-08-09T19:16:48Z,Day4
Control,RemarkableTurtle,0,112933593641154416,LuminousHornet,0,2024-08-09T19:21:25Z,Day4
Control,IndependentIguana,0,112933682108435504,HopefulLemur,0,2024-08-09T19:22:53Z,Day4
Control,FabulousTortoise,0,112933690260538240,CapableWildebeest,0,2024-08-09T19:23:06Z,Day4
Control,IndependentIguana,0,112933690260538240,CapableWildebeest,0,2024-08-09T19:23:11Z,Day4
Control,IndependentIguana,0,112933697227837776,BenevolentWhale,0,2024-08-09T19:24:40Z,Day4
Control,BenevolentWhale,0,112933690260538240,CapableWildebeest,0,2024-08-09T19:24:49Z,Day4
Control,RemarkableTurtle,0,112933283625564640,InspiringReindeer,0,2024-08-09T19:24:52Z,Day4
Control,IndependentIguana,0,112933703653753104,RemarkableTurtle,0,2024-08-09T19:26:19Z,Day4
Control,RemarkableTurtle,0,112933690260538240,CapableWildebeest,0,2024-08-09T19:31:36Z,Day4
Control,ComposedPheasant,0,112933690260538240,CapableWildebeest,0,2024-08-09T19:52:57Z,Day4
Control,PlayfulDeer,0,112933579885872288,QuickMonkey,0,2024-08-09T19:57:25Z,Day4
Control,CapableWildebeest,0,112933746507166512,InnovativeOtter,0,2024-08-09T19:58:00Z,Day4
Control,CapableWildebeest,0,112933712013808032,BlissfulDog,0,2024-08-09T19:58:01Z,Day4
Control,PlayfulDeer,0,112933754088317888,DynamicPython,0,2024-08-09T20:04:54Z,Day4
Control,PlayfulDeer,0,112933712013808032,BlissfulDog,0,2024-08-09T20:05:11Z,Day4
Control,PlayfulDeer,0,112933690260538240,CapableWildebeest,0,2024-08-09T20:06:58Z,Day4
Control,PlayfulDeer,0,112933621283889056,ComposedPheasant,0,2024-08-09T20:11:49Z,Day4
Control,PlayfulDeer,0,112933593641154416,LuminousHornet,0,2024-08-09T20:12:04Z,Day4
Control,AmiableCat,0,112929795153858800,ForgivingSquid,0,2024-08-09T20:12:30Z,Day4
Control,ImaginativeFlamingo,0,112933690260538240,CapableWildebeest,0,2024-08-09T20:12:32Z,Day4
Control,PlayfulDeer,0,112933588106161920,ComposedPheasant,0,2024-08-09T20:12:32Z,Day4
Control,AmiableCat,0,112929455383223312,GraciousDragonfly,0,2024-08-09T20:13:50Z,Day4
Control,PlayfulDeer,0,112933578641020016,IndependentIguana,0,2024-08-09T20:15:02Z,Day4
Control,IndependentIguana,0,112933887359567136,GracefulShrimp,0,2024-08-09T20:15:03Z,Day4
Control,IndependentIguana,0,112933754088317888,DynamicPython,0,2024-08-09T20:15:10Z,Day4
Control,AmiableCat,0,112933621283889056,ComposedPheasant,0,2024-08-09T20:15:10Z,Day4
Control,IndependentIguana,0,112933712013808032,BlissfulDog,0,2024-08-09T20:15:15Z,Day4
Control,AmiableCat,0,112933895204655152,IndependentIguana,0,2024-08-09T20:15:17Z,Day4
Control,AmiableCat,0,112933445132901184,CourageousWolverine,0,2024-08-09T20:15:39Z,Day4
Control,AmiableCat,0,112933283625564640,InspiringReindeer,0,2024-08-09T20:16:02Z,Day4
Control,AmiableCat,0,112932819403094128,CheerfulElephant,0,2024-08-09T20:16:31Z,Day4
Control,CapableWildebeest,0,112933881521524160,PlayfulDeer,0,2024-08-09T20:17:39Z,Day4
Control,AmiableCat,0,112932758403317696,EncouragingTrout,0,2024-08-09T20:19:13Z,Day4
Control,AmiableCat,0,112932715984612768,EnthusiasticPeacock,0,2024-08-09T20:19:35Z,Day4
Control,AmiableCat,0,112933099547062544,IndependentIguana,0,2024-08-09T20:20:09Z,Day4
Control,LovingButterfly,0,112932819403094128,CheerfulElephant,0,2024-08-09T20:20:34Z,Day4
Control,AmiableCat,0,112931255173002576,FabulousTortoise,0,2024-08-09T20:21:00Z,Day4
Control,AmiableCat,0,112929591325984624,IndependentIguana,0,2024-08-09T20:21:11Z,Day4
Control,AmiableCat,0,112929562530331056,TenaciousIbis,0,2024-08-09T20:21:22Z,Day4
Control,AmiableCat,0,112929591982296592,GraciousDragonfly,0,2024-08-09T20:21:31Z,Day4
Control,AmiableCat,0,112932306798981216,AwesomeCricket,0,2024-08-09T20:21:49Z,Day4
Control,AmiableCat,0,112928957175697728,ExcitingHippopotamus,0,2024-08-09T20:22:30Z,Day4
Control,AmiableCat,0,112933925246244848,PositiveGrasshopper,0,2024-08-09T20:23:03Z,Day4
Control,AmiableCat,0,112928720151045248,CheerfulElephant,0,2024-08-09T20:23:12Z,Day4
Control,QuickMonkey,0,112933844537300832,PlayfulDeer,0,2024-08-09T20:23:21Z,Day4
Control,AmiableCat,0,112928747397948240,DiligentGiraffe,0,2024-08-09T20:23:31Z,Day4
Control,AmiableCat,0,112928810371074576,DependableParrot,0,2024-08-09T20:23:38Z,Day4
Control,AmiableCat,0,112929305084310256,HappyDuck,0,2024-08-09T20:23:44Z,Day4
Control,PlayfulDeer,0,112933895204655152,IndependentIguana,0,2024-08-09T20:23:50Z,Day4
Control,AmiableCat,0,112927877831604112,AwesomeCricket,0,2024-08-09T20:24:40Z,Day4
Control,DependableParrot,0,112933593641154416,LuminousHornet,0,2024-08-09T20:24:42Z,Day4
Control,DependableParrot,0,112933690260538240,CapableWildebeest,0,2024-08-09T20:25:05Z,Day4
Control,LovingButterfly,0,112933621283889056,ComposedPheasant,0,2024-08-09T20:25:47Z,Day4
Control,InspiringReindeer,0,112933877014098128,ImaginativeFlamingo,0,2024-08-09T20:26:40Z,Day4
Control,PlayfulDeer,0,112933945678018864,AmiableCat,0,2024-08-09T20:28:01Z,Day4
Control,NeatViper,0,112933945678018864,AmiableCat,0,2024-08-09T20:28:15Z,Day4
Control,AmiableCat,0,112933948579348240,DependableParrot,0,2024-08-09T20:28:37Z,Day4
Control,PositiveGrasshopper,0,112933948579348240,DependableParrot,0,2024-08-09T20:28:59Z,Day4
Control,PlayfulDeer,0,112933948579348240,DependableParrot,0,2024-08-09T20:29:03Z,Day4
Control,PositiveGrasshopper,0,112933945678018864,AmiableCat,0,2024-08-09T20:29:16Z,Day4
Control,DependableParrot,0,112933895204655152,IndependentIguana,0,2024-08-09T20:29:36Z,Day4
Control,PassionateOwl,0,112931302699424240,FabulousTortoise,0,2024-08-09T20:30:01Z,Day4
Control,PassionateOwl,0,112929795153858800,ForgivingSquid,0,2024-08-09T20:30:06Z,Day4
Control,PassionateOwl,0,112933948579348240,DependableParrot,0,2024-08-09T20:30:24Z,Day4
Control,DependableParrot,0,112933578641020016,IndependentIguana,0,2024-08-09T20:31:58Z,Day4
Control,EncouragingTrout,0,112933690260538240,CapableWildebeest,0,2024-08-09T20:32:40Z,Day4
Control,EncouragingTrout,0,112933712013808032,BlissfulDog,0,2024-08-09T20:32:41Z,Day4
Control,EncouragingTrout,0,112933754088317888,DynamicPython,0,2024-08-09T20:32:42Z,Day4
Control,EncouragingTrout,0,112933642401181040,LuminousHornet,0,2024-08-09T20:33:12Z,Day4
Control,VibrantJellyfish,0,112927314309923008,CompassionateGazelle,0,2024-08-09T20:33:24Z,Day4
Control,VibrantJellyfish,0,112923426869846544,SunnySparrow,0,2024-08-09T20:33:29Z,Day4
Control,EncouragingTrout,0,112933615594835552,LuminousHornet,0,2024-08-09T20:33:30Z,Day4
Control,VibrantJellyfish,0,112923350666075008,HonestPossum,0,2024-08-09T20:33:32Z,Day4
Control,AmiableCat,0,112933593641154416,LuminousHornet,0,2024-08-09T20:34:51Z,Day4
Control,PlayfulDeer,0,112933949170381888,QuickMonkey,0,2024-08-09T20:36:31Z,Day4
Control,AmiableCat,0,112933690260538240,CapableWildebeest,0,2024-08-09T20:37:33Z,Day4
Control,DependableParrot,0,112933978614653728,PlayfulDeer,0,2024-08-09T20:37:45Z,Day4
Control,AmiableCat,0,112932853762100272,EncouragingTrout,0,2024-08-09T20:37:47Z,Day4
Control,DependableParrot,0,112933973526240432,VibrantJellyfish,0,2024-08-09T20:38:02Z,Day4
Control,EncouragingTrout,0,112933911953977968,AmiableCat,0,2024-08-09T20:38:14Z,Day4
Control,AmiableCat,0,112927189323881360,CompassionateGazelle,0,2024-08-09T20:39:31Z,Day4
Control,GenuineBaboon,0,112933895204655152,IndependentIguana,0,2024-08-09T20:39:33Z,Day4
Control,AmiableCat,0,112927948496074848,AwesomeCricket,0,2024-08-09T20:39:44Z,Day4
Control,VibrantJellyfish,0,112933911953977968,AmiableCat,0,2024-08-09T20:39:53Z,Day4
Control,VibrantJellyfish,0,112933887359567136,GracefulShrimp,0,2024-08-09T20:40:15Z,Day4
Control,GenuineBaboon,0,112933948579348240,DependableParrot,0,2024-08-09T20:40:29Z,Day4
Control,GenuineBaboon,0,112933690260538240,CapableWildebeest,0,2024-08-09T20:41:06Z,Day4
Control,AmiableCat,0,112923469013737632,ExcitingHippopotamus,0,2024-08-09T20:41:31Z,Day4
Control,AmiableCat,0,112927489373631728,UnderstandingManatee,0,2024-08-09T20:41:48Z,Day4
Control,CarefreeJackal,0,112923391207957088,CleverHawk,0,2024-08-09T20:42:00Z,Day4
Control,VibrantJellyfish,0,112933754088317888,DynamicPython,0,2024-08-09T20:43:47Z,Day4
Control,VibrantJellyfish,0,112933712013808032,BlissfulDog,0,2024-08-09T20:43:52Z,Day4
Control,AmiableCat,0,112934011233822336,CarefreeJackal,0,2024-08-09T20:44:55Z,Day4
Control,VibrantJellyfish,0,112934011007834240,AmiableCat,0,2024-08-09T20:44:56Z,Day4
Control,PlayfulDeer,0,112934011233822336,CarefreeJackal,0,2024-08-09T20:45:49Z,Day4
Control,LovingButterfly,0,112928932314316064,BenevolentWhale,0,2024-08-09T20:45:56Z,Day4
Control,PlayfulDeer,0,112933985578694944,VibrantJellyfish,0,2024-08-09T20:46:50Z,Day4
Control,PlayfulDeer,0,112934021806669328,GenuineBaboon,0,2024-08-09T20:47:04Z,Day4
Control,PassionateOwl,0,112934021806669328,GenuineBaboon,0,2024-08-09T20:47:24Z,Day4
Control,GenuineBaboon,0,112933391405923760,IndependentIguana,0,2024-08-09T20:47:28Z,Day4
Control,LovingButterfly,0,112934021806669328,GenuineBaboon,0,2024-08-09T20:47:36Z,Day4
Control,PassionateOwl,0,112934011007834240,AmiableCat,0,2024-08-09T20:47:37Z,Day4
Control,VibrantJellyfish,0,112934021806669328,GenuineBaboon,0,2024-08-09T20:51:07Z,Day4
Control,VibrantJellyfish,0,112933172321264112,IndependentIguana,0,2024-08-09T20:54:15Z,Day4
Control,VibrantJellyfish,0,112932764269911008,EncouragingTrout,0,2024-08-09T20:54:47Z,Day4
Control,VibrantJellyfish,0,112932553628902400,IndependentIguana,0,2024-08-09T20:55:29Z,Day4
Control,VibrantJellyfish,0,112932414736272352,IndependentIguana,0,2024-08-09T20:55:36Z,Day4
Control,VibrantJellyfish,0,112932770132541472,IdealPuma,0,2024-08-09T20:56:41Z,Day4
Control,CapableWildebeest,0,112934021806669328,GenuineBaboon,0,2024-08-09T21:00:39Z,Day4
Control,CapableWildebeest,0,112933895204655152,IndependentIguana,0,2024-08-09T21:00:42Z,Day4
Control,VibrantJellyfish,0,112933895204655152,IndependentIguana,0,2024-08-09T21:02:15Z,Day4
Control,VibrantJellyfish,0,112933578641020016,IndependentIguana,0,2024-08-09T21:02:36Z,Day4
Control,PlayfulDeer,0,112933930866732800,LovingButterfly,0,2024-08-09T21:02:39Z,Day4
Control,PlayfulDeer,0,112933911953977968,AmiableCat,0,2024-08-09T21:02:51Z,Day4
Control,IndependentIguana,0,112933908758748816,PlayfulDeer,0,2024-08-09T21:04:48Z,Day4
Control,CapableWildebeest,0,112933978614653728,PlayfulDeer,0,2024-08-09T21:09:36Z,Day4
Control,CapableWildebeest,0,112933948579348240,DependableParrot,0,2024-08-09T21:09:41Z,Day4
Control,CleverHawk,0,112934021806669328,GenuineBaboon,0,2024-08-09T21:10:36Z,Day4
Control,CleverHawk,0,112933978614653728,PlayfulDeer,0,2024-08-09T21:11:47Z,Day4
Control,FlourishingCondor,0,112929006661694608,CapableWildebeest,0,2024-08-09T21:13:18Z,Day4
Control,BeneficialCrayfish,0,112934102653360288,PassionateOwl,0,2024-08-09T21:13:25Z,Day4
Control,FlourishingCondor,0,112929061976420320,CleverHawk,0,2024-08-09T21:13:28Z,Day4
Control,BeneficialCrayfish,0,112933911953977968,AmiableCat,0,2024-08-09T21:13:48Z,Day4
Control,CleverHawk,0,112933690260538240,CapableWildebeest,0,2024-08-09T21:13:59Z,Day4
Control,BeneficialCrayfish,0,112933985578694944,VibrantJellyfish,0,2024-08-09T21:14:13Z,Day4
Control,CleverHawk,0,112933593641154416,LuminousHornet,0,2024-08-09T21:14:44Z,Day4
Control,CleverHawk,0,112933588106161920,ComposedPheasant,0,2024-08-09T21:14:51Z,Day4
Control,CleverHawk,0,112933578641020016,IndependentIguana,0,2024-08-09T21:15:01Z,Day4
Control,FlourishingCondor,0,112933621283889056,ComposedPheasant,0,2024-08-09T21:15:30Z,Day4
Control,FlourishingCondor,0,112933945678018864,AmiableCat,0,2024-08-09T21:16:36Z,Day4
Control,BrightKiwi,0,112934021806669328,GenuineBaboon,0,2024-08-09T21:18:12Z,Day4
Control,QuickMonkey,0,112934015788108464,PlayfulDeer,0,2024-08-09T21:18:49Z,Day4
Control,CleverHawk,0,112932624937466144,BenevolentWhale,0,2024-08-09T21:19:00Z,Day4
Control,CleverHawk,0,112934148620349984,BrightKiwi,0,2024-08-09T21:19:42Z,Day4
Control,CleverHawk,0,112934146782797728,SpiritedSalamander,0,2024-08-09T21:19:45Z,Day4
Control,BrightKiwi,0,112934151995366576,BrightKiwi,0,2024-08-09T21:20:09Z,Day4
Control,CleverHawk,0,112934156147562080,BeneficialCrayfish,0,2024-08-09T21:21:19Z,Day4
Control,InspiringReindeer,0,112933698039376016,HopefulLemur,0,2024-08-09T21:23:23Z,Day4
Control,EncouragingTrout,0,112934156147562080,BeneficialCrayfish,0,2024-08-09T21:23:34Z,Day4
Control,EncouragingTrout,0,112934148620349984,BrightKiwi,0,2024-08-09T21:23:40Z,Day4
Control,EncouragingTrout,0,112934146782797728,SpiritedSalamander,0,2024-08-09T21:23:42Z,Day4
Control,EncouragingTrout,0,112934021806669328,GenuineBaboon,0,2024-08-09T21:23:47Z,Day4
Control,BeneficialCrayfish,0,112934146782797728,SpiritedSalamander,0,2024-08-09T21:24:24Z,Day4
Control,FlexiblePuffin,0,112934146782797728,SpiritedSalamander,0,2024-08-09T21:26:48Z,Day4
Control,FlexiblePuffin,0,112934148620349984,BrightKiwi,0,2024-08-09T21:26:50Z,Day4
Control,FlexiblePuffin,0,112934021806669328,GenuineBaboon,0,2024-08-09T21:26:53Z,Day4
Control,FlourishingCondor,0,112934176404436912,FlexiblePuffin,0,2024-08-09T21:27:38Z,Day4
Control,AwesomeCricket,0,112933911953977968,AmiableCat,0,2024-08-09T21:28:34Z,Day4
Control,AwesomeCricket,0,112933690260538240,CapableWildebeest,0,2024-08-09T21:29:44Z,Day4
Control,EnchantingTiger,0,112932453004779856,UnderstandingManatee,0,2024-08-09T21:29:56Z,Day4
Control,EnchantingTiger,0,112931836672680016,GenerousHummingbird,0,2024-08-09T21:30:12Z,Day4
Control,EnchantingTiger,0,112931260098455216,ZenPig,0,2024-08-09T21:30:16Z,Day4
Control,EncouragingTrout,0,112934189881133024,BeneficialCrayfish,0,2024-08-09T21:30:47Z,Day4
Control,EncouragingTrout,0,112934176404436912,FlexiblePuffin,0,2024-08-09T21:30:57Z,Day4
Control,BeneficialCrayfish,0,112934188897082784,BrightKiwi,0,2024-08-09T21:31:43Z,Day4
Control,FlourishingCondor,0,112934189881133024,BeneficialCrayfish,0,2024-08-09T21:33:49Z,Day4
Control,AwesomeCricket,0,112933588106161920,ComposedPheasant,0,2024-08-09T21:34:14Z,Day4
Control,AwesomeCricket,0,112933351953596112,EagerPelican,0,2024-08-09T21:35:19Z,Day4
Control,AwesomeCricket,0,112933283625564640,InspiringReindeer,0,2024-08-09T21:35:37Z,Day4
Control,BeneficialCrayfish,0,112933948579348240,DependableParrot,0,2024-08-09T21:39:11Z,Day4
Control,BeneficialCrayfish,0,112929042437282192,CheerfulElephant,0,2024-08-09T21:41:14Z,Day4
Control,BeneficialCrayfish,0,112928565439667328,KnowledgeableRabbit,0,2024-08-09T21:41:51Z,Day4
Control,AwesomeCricket,0,112932853762100272,EncouragingTrout,0,2024-08-09T21:41:57Z,Day4
Control,AwesomeCricket,0,112932819403094128,CheerfulElephant,0,2024-08-09T21:41:58Z,Day4
Control,BeneficialCrayfish,0,112934245357895760,FlexiblePuffin,0,2024-08-09T21:45:13Z,Day4
Control,UnderstandingManatee,0,112934191567696960,EnchantingTiger,0,2024-08-09T21:45:58Z,Day4
Control,BeneficialCrayfish,0,112928748986219552,DiligentGiraffe,0,2024-08-09T21:48:48Z,Day4
Control,AwesomeCricket,0,112932536431902016,CharitableGibbon,0,2024-08-09T21:49:45Z,Day4
Control,AwesomeCricket,0,112932543275069520,CharitableGibbon,0,2024-08-09T21:49:48Z,Day4
Control,BeneficialCrayfish,0,112928751598585488,DiligentGiraffe,0,2024-08-09T21:51:07Z,Day4
Control,BeneficialCrayfish,0,112928809362151728,AwesomeCricket,0,2024-08-09T21:51:14Z,Day4
Control,BeneficialCrayfish,0,112934246753404224,BenevolentWhale,0,2024-08-09T21:52:09Z,Day4
Control,MarvelousPorpoise,0,112929785017486160,SereneFerret,0,2024-08-09T21:55:04Z,Day4
Control,MarvelousPorpoise,0,112932751046483456,HopefulLemur,0,2024-08-09T21:55:37Z,Day4
Control,FlourishingCondor,0,112933948579348240,DependableParrot,0,2024-08-09T21:55:43Z,Day4
Control,MarvelousPorpoise,0,112932853762100272,EncouragingTrout,0,2024-08-09T21:56:05Z,Day4
Control,ExcitingHippopotamus,0,112934011233822336,CarefreeJackal,0,2024-08-09T21:59:49Z,Day4
Control,ExcitingHippopotamus,0,112934021806669328,GenuineBaboon,0,2024-08-09T21:59:53Z,Day4
Control,ExcitingHippopotamus,0,112933948579348240,DependableParrot,0,2024-08-09T22:00:19Z,Day4
Control,CleverHawk,0,112934247140419024,UnderstandingManatee,0,2024-08-09T22:02:23Z,Day4
Control,ExcitingHippopotamus,0,112931408314526672,BubblyNightingale,0,2024-08-09T22:05:57Z,Day4
Control,ExcitingHippopotamus,0,112934310238666944,BenevolentWhale,0,2024-08-09T22:09:58Z,Day4
Control,ExcitingHippopotamus,0,112934247140419024,UnderstandingManatee,0,2024-08-09T22:10:16Z,Day4
Control,ExcitingHippopotamus,0,112934176404436912,FlexiblePuffin,0,2024-08-09T22:14:57Z,Day4
Control,ExcitingHippopotamus,0,112934148620349984,BrightKiwi,0,2024-08-09T22:15:16Z,Day4
Control,QuickMonkey,0,112934268474881888,FlourishingCondor,0,2024-08-09T22:16:00Z,Day4
Control,PlayfulDeer,0,112934152858199072,QuickMonkey,0,2024-08-09T22:26:52Z,Day4
Control,FlourishingCondor,0,112934375078774896,QuickMonkey,0,2024-08-09T22:35:29Z,Day4
Control,CapableWildebeest,0,112934463449832096,BenevolentWhale,0,2024-08-09T22:59:29Z,Day4
Control,EncouragingTrout,0,112934542900852800,CapableWildebeest,0,2024-08-09T23:00:42Z,Day4
Control,FlexiblePuffin,0,112934463449832096,BenevolentWhale,0,2024-08-09T23:02:58Z,Day4
Control,FlexiblePuffin,0,112934402396054064,EagerPelican,0,2024-08-09T23:03:15Z,Day4
Control,FlexiblePuffin,0,112934397184365008,EnthusiasticPeacock,0,2024-08-09T23:03:17Z,Day4
Control,EncouragingTrout,0,112934463449832096,BenevolentWhale,0,2024-08-09T23:12:42Z,Day4
Control,EncouragingTrout,0,112934402396054064,EagerPelican,0,2024-08-09T23:12:44Z,Day4
Control,CapableWildebeest,0,112934596726113632,EncouragingTrout,0,2024-08-09T23:22:47Z,Day4
Control,CapableWildebeest,0,112934402396054064,EagerPelican,0,2024-08-09T23:22:52Z,Day4
Control,CapableWildebeest,0,112934397184365008,EnthusiasticPeacock,0,2024-08-09T23:22:54Z,Day4
Control,CapableWildebeest,0,112934369475478592,FlexiblePuffin,0,2024-08-09T23:23:04Z,Day4
Control,CapableWildebeest,0,112934365260524272,ExcitingHippopotamus,0,2024-08-09T23:23:05Z,Day4
Control,CapableWildebeest,0,112934361473548992,GracefulShrimp,0,2024-08-09T23:23:13Z,Day4
Control,CapableWildebeest,0,112934310238666944,BenevolentWhale,0,2024-08-09T23:23:18Z,Day4
Control,CapableWildebeest,0,112934247140419024,UnderstandingManatee,0,2024-08-09T23:23:39Z,Day4
Control,CapableWildebeest,0,112934246753404224,BenevolentWhale,0,2024-08-09T23:23:42Z,Day4
Control,CapableWildebeest,0,112934189881133024,BeneficialCrayfish,0,2024-08-09T23:23:45Z,Day4
Control,EncouragingTrout,0,112934638622814576,BrilliantMeerkat,0,2024-08-09T23:24:08Z,Day4
Control,BrilliantMeerkat,0,112934246753404224,BenevolentWhale,0,2024-08-09T23:24:38Z,Day4
Control,BrilliantMeerkat,0,112933985578694944,VibrantJellyfish,0,2024-08-09T23:24:55Z,Day4
Control,BrilliantMeerkat,0,112929809079029328,SereneFerret,0,2024-08-09T23:27:32Z,Day4
Control,BrilliantMeerkat,0,112929181238886832,LoyalDragon,0,2024-08-09T23:28:22Z,Day4
Control,CapableWildebeest,0,112934638622814576,BrilliantMeerkat,0,2024-08-09T23:32:26Z,Day4
Control,CapableWildebeest,0,112934636264890224,EncouragingTrout,0,2024-08-09T23:32:28Z,Day4
Control,GraciousDragonfly,0,112934638622814576,BrilliantMeerkat,0,2024-08-09T23:44:28Z,Day4
Control,GraciousDragonfly,0,112934636264890224,EncouragingTrout,0,2024-08-09T23:44:31Z,Day4
Control,GraciousDragonfly,0,112934596726113632,EncouragingTrout,0,2024-08-09T23:44:32Z,Day4
Control,AwesomeCricket,0,112934189881133024,BeneficialCrayfish,0,2024-08-09T23:44:32Z,Day4
Control,GraciousDragonfly,0,112934463449832096,BenevolentWhale,0,2024-08-09T23:44:34Z,Day4
Control,GraciousDragonfly,0,112934402396054064,EagerPelican,0,2024-08-09T23:44:35Z,Day4
Control,GraciousDragonfly,0,112934397184365008,EnthusiasticPeacock,0,2024-08-09T23:44:37Z,Day4
Control,AwesomeCricket,0,112934176404436912,FlexiblePuffin,0,2024-08-09T23:44:38Z,Day4
Control,GraciousDragonfly,0,112934369475478592,FlexiblePuffin,0,2024-08-09T23:44:39Z,Day4
Control,GraciousDragonfly,0,112934365260524272,ExcitingHippopotamus,0,2024-08-09T23:44:42Z,Day4
Control,GraciousDragonfly,0,112934739080602528,QuickMonkey,0,2024-08-09T23:49:40Z,Day4
Control,QuickMonkey,0,112933690260538240,CapableWildebeest,0,2024-08-09T23:50:03Z,Day4
Control,CapableWildebeest,0,112934739080602528,QuickMonkey,0,2024-08-09T23:50:17Z,Day4
Control,CapableWildebeest,0,112934724324436992,GraciousDragonfly,0,2024-08-09T23:50:20Z,Day4
Control,IdealPuma,0,112933246637281936,CapableWildebeest,0,2024-08-09T23:52:23Z,Day4
Control,Admin,NA,112932471908833168,ZenPig,0,2024-08-09T23:52:25Z,Day4
Control,CapableWildebeest,0,112934781323688032,WarmKingfisher,0,2024-08-10T00:32:23Z,Day5
Control,CapableWildebeest,0,112934788785078688,BenevolentWhale,0,2024-08-10T00:32:25Z,Day5
Control,CapableWildebeest,0,112934836121972464,Admin,NA,2024-08-10T00:32:45Z,Day5
Control,CapableWildebeest,0,112934811991705184,WarmKingfisher,0,2024-08-10T00:32:54Z,Day5
Control,ForgivingSquid,0,112934463449832096,BenevolentWhale,0,2024-08-10T00:36:45Z,Day5
Control,ForgivingSquid,0,112934247140419024,UnderstandingManatee,0,2024-08-10T00:38:29Z,Day5
Control,ForgivingSquid,0,112934246753404224,BenevolentWhale,0,2024-08-10T00:39:35Z,Day5
Control,ForgivingSquid,0,112934011233822336,CarefreeJackal,0,2024-08-10T00:40:09Z,Day5
Control,ForgivingSquid,0,112933895204655152,IndependentIguana,0,2024-08-10T00:43:14Z,Day5
Control,QuickMonkey,0,112934930855624080,ForgivingSquid,0,2024-08-10T00:53:50Z,Day5
Control,ForgivingSquid,0,112933891297753376,AmiableCat,0,2024-08-10T01:16:31Z,Day5
Control,ForgivingSquid,0,112933565505809552,CourageousWolverine,0,2024-08-10T01:16:39Z,Day5
Control,ForgivingSquid,0,112932965599934672,PlayfulDeer,0,2024-08-10T01:16:52Z,Day5
Control,ForgivingSquid,0,112932917776334544,GracefulShrimp,0,2024-08-10T01:17:13Z,Day5
Control,ForgivingSquid,0,112932925294292144,GracefulShrimp,0,2024-08-10T01:17:29Z,Day5
Control,ForgivingSquid,0,112932288771426688,AwesomeCricket,0,2024-08-10T01:54:13Z,Day5
Control,ForgivingSquid,0,112930241974571088,JubilantLeopard,0,2024-08-10T01:57:29Z,Day5
Control,SplendidCheetah,0,112933945678018864,AmiableCat,0,2024-08-10T04:51:08Z,Day5
Control,SplendidCheetah,0,112934950098247776,ForgivingSquid,0,2024-08-10T04:51:25Z,Day5
Control,UnderstandingManatee,0,112934958169684720,ForgivingSquid,0,2024-08-10T05:27:50Z,Day5
Control,BalancedQuoll,0,112934930855624080,ForgivingSquid,0,2024-08-10T12:58:23Z,Day5
Control,BalancedQuoll,0,112934739080602528,QuickMonkey,0,2024-08-10T12:58:36Z,Day5
Control,DependableParrot,0,112934739080602528,QuickMonkey,0,2024-08-10T13:29:14Z,Day5
Control,QuaintWallaby,0,112932447288402928,TalentedRhinoceros,0,2024-08-10T17:19:42Z,Day5
Control,CapableWildebeest,0,112934930855624080,ForgivingSquid,0,2024-08-10T17:57:08Z,Day5
Control,QuickMonkey,0,112934463449832096,BenevolentWhale,0,2024-08-10T21:58:45Z,Day5
Control,Admin,NA,112940169192136880,AwesomeCricket,0,2024-08-10T22:57:37Z,Day5
Left,SympatheticQuokka,0,113075519240181392,CourageousPorpoise,0,2024-09-03T20:39:12Z,Day1
Left,NeatChicken,0,113075542523012576,CreativeTiger,0,2024-09-03T20:39:17Z,Day1
Left,SympatheticQuokka,0,113075533609790976,CaringGecko,0,2024-09-03T20:39:30Z,Day1
Left,NeatChicken,0,113075523642782416,JoyousFirefly,0,2024-09-03T20:39:43Z,Day1
Left,CaringGecko,0,113075536862166352,CourageousPorpoise,0,2024-09-03T20:41:55Z,Day1
Left,SympatheticQuokka,0,113075581171927728,EmpatheticDragonfly,0,2024-09-03T20:48:30Z,Day1
Left,NeatChicken,0,113075575780587520,DynamicSparrow,0,2024-09-03T20:49:31Z,Day1
Left,EmpatheticDragonfly,0,113075581171927728,EmpatheticDragonfly,0,2024-09-03T20:53:58Z,Day1
Left,NeatChicken,0,113075607785089376,LightheartedWoodpecker,0,2024-09-03T20:55:04Z,Day1
Left,NeatChicken,0,113075609981440608,AmbitiousManatee,0,2024-09-03T20:55:05Z,Day1
Left,NeatChicken,0,113075571889755760,DynamicSparrow,0,2024-09-03T20:55:10Z,Day1
Left,NeatChicken,0,113075563576862192,ExcellentMagpie,0,2024-09-03T20:55:12Z,Day1
Left,VictoriousKoala,0,113075581171927728,EmpatheticDragonfly,0,2024-09-03T20:55:21Z,Day1
Left,SincereNumbat,0,113075573311464352,WarmTurkey,0,2024-09-03T20:55:29Z,Day1
Left,NeatChicken,0,113075568897132800,VibrantMantis,0,2024-09-03T20:57:24Z,Day1
Left,IdealEel,0,113075614382202432,YouthfulPeacock,0,2024-09-03T20:57:29Z,Day1
Left,SincereNumbat,0,113075530549894496,CheerfulJackal,0,2024-09-03T20:57:35Z,Day1
Left,IdealEel,0,113075612010823920,EmpatheticDragonfly,0,2024-09-03T20:58:09Z,Day1
Left,SympatheticQuokka,0,113075624503132784,ConfidentPanther,0,2024-09-03T20:58:47Z,Day1
Left,SympatheticQuokka,0,113075601400351488,IdealEel,0,2024-09-03T20:59:06Z,Day1
Left,ConfidentPanther,0,113075636918482496,JoyousFirefly,0,2024-09-03T21:02:15Z,Day1
Left,CreativeTiger,0,113075597292551168,EmpatheticDragonfly,0,2024-09-03T21:04:32Z,Day1
Left,NeatChicken,0,113075642013667200,YouthfulPeacock,0,2024-09-03T21:05:13Z,Day1
Left,LightheartedWoodpecker,0,113075652560266256,AmbitiousManatee,0,2024-09-03T21:06:12Z,Day1
Left,LightheartedWoodpecker,0,113075651804244208,DynamicSparrow,0,2024-09-03T21:06:19Z,Day1
Left,LightheartedWoodpecker,0,113075609951957424,DynamicSparrow,0,2024-09-03T21:06:42Z,Day1
Left,CaringGecko,0,113075604810319408,MajesticPlatypus,0,2024-09-03T21:07:00Z,Day1
Left,Admin,NA,113075660143083936,HarmoniousCat,0,2024-09-03T21:08:41Z,Day1
Left,HarmoniousCat,0,113075653239970448,Admin,NA,2024-09-03T21:09:48Z,Day1
Left,IdealEel,0,113075653705503472,JoyousFirefly,0,2024-09-03T21:09:56Z,Day1
Left,IdealEel,0,113075665788313552,DynamicSparrow,0,2024-09-03T21:10:08Z,Day1
Left,Admin,NA,113075663283504576,WarmTurkey,0,2024-09-03T21:10:40Z,Day1
Left,AmbitiousManatee,0,113075653705503472,JoyousFirefly,0,2024-09-03T21:14:02Z,Day1
Left,LightheartedWoodpecker,0,113075567136405840,EmpatheticDragonfly,0,2024-09-03T21:14:26Z,Day1
Left,Admin,NA,113075688033045616,ConfidentPanther,0,2024-09-03T21:14:36Z,Day1
Left,MarvelousChimpanzee,0,113075680381926400,CaringGecko,0,2024-09-03T21:17:43Z,Day1
Left,Admin,NA,113075690047340144,ConfidentPanther,0,2024-09-03T21:17:45Z,Day1
Left,NeatChicken,0,113075690399879168,MajesticPlatypus,0,2024-09-03T21:19:55Z,Day1
Left,NeatChicken,0,113075680381926400,CaringGecko,0,2024-09-03T21:23:28Z,Day1
Left,BeneficialMacaw,0,113075715378646384,InsightfulHornet,0,2024-09-03T21:24:16Z,Day1
Left,LightheartedWoodpecker,0,113075712763258848,RespectfulOwl,0,2024-09-03T21:24:44Z,Day1
Left,HopefulBoa,0,113075604871666848,AmbitiousManatee,0,2024-09-03T21:25:17Z,Day1
Left,AmbitiousManatee,0,113075724263690720,CreativeTiger,0,2024-09-03T21:25:45Z,Day1
Left,IdealEel,0,113075729214386736,EncouragingLadybug,0,2024-09-03T21:29:14Z,Day1
Left,HopefulBoa,0,113075734224868224,JoyousFirefly,0,2024-09-03T21:29:17Z,Day1
Left,HopefulBoa,0,113075718634838352,DiligentKiwi,0,2024-09-03T21:29:56Z,Day1
Left,ConfidentPanther,0,113075750816428576,ImaginativeWolverine,0,2024-09-03T21:30:44Z,Day1
Left,ExcitingTurtle,0,113075750298252768,DevotedNightingale,1,2024-09-03T21:31:41Z,Day1
Left,ExcitingTurtle,0,113075723967476656,BeneficialMacaw,0,2024-09-03T21:32:20Z,Day1
Left,IdealEel,0,113075755876152208,NeatChicken,0,2024-09-03T21:32:39Z,Day1
Left,DiligentKiwi,0,113075758307580608,JoyfulNewt,0,2024-09-03T21:32:59Z,Day1
Left,DiligentKiwi,0,113075760697944144,HopefulBoa,0,2024-09-03T21:33:17Z,Day1
Left,IdealEel,0,113075754386416000,JoyfulNewt,0,2024-09-03T21:33:34Z,Day1
Left,ExcitingTurtle,0,113075718634838352,DiligentKiwi,0,2024-09-03T21:34:28Z,Day1
Left,ExcitingTurtle,0,113075715378646384,InsightfulHornet,0,2024-09-03T21:34:34Z,Day1
Left,ExcitingTurtle,0,113075734224868224,JoyousFirefly,0,2024-09-03T21:36:00Z,Day1
Left,ConfidentPanther,0,113075721363694992,IdealEel,0,2024-09-03T21:36:04Z,Day1
Left,ConfidentPanther,0,113075773599659536,HopefulBoa,0,2024-09-03T21:36:32Z,Day1
Left,IdealEel,0,113075763005066304,DevotedNightingale,1,2024-09-03T21:37:31Z,Day1
Left,IdealEel,0,113075778829127184,BeneficialMacaw,0,2024-09-03T21:37:44Z,Day1
Left,SmartGibbon,0,113075788802800272,EloquentOrangutan,0,2024-09-03T21:41:19Z,Day1
Left,ExcitingTurtle,0,113075698729041024,DazzlingLamb,0,2024-09-03T21:41:39Z,Day1
Left,HopefulBoa,0,113075790826587856,BeneficialMacaw,0,2024-09-03T21:41:54Z,Day1
Left,IdealEel,0,113075788588260528,BeneficialMacaw,0,2024-09-03T21:43:59Z,Day1
Left,HopefulBoa,0,113075764777173968,ExcitingTurtle,0,2024-09-03T21:44:36Z,Day1
Left,ExcitingTurtle,0,113075788802800272,EloquentOrangutan,0,2024-09-03T21:45:54Z,Day1
Left,ConfidentPanther,0,113075763005066304,DevotedNightingale,1,2024-09-03T21:46:53Z,Day1
Left,WarmTurkey,0,113075784207674672,DiligentKiwi,0,2024-09-03T21:47:41Z,Day1
Left,ConfidentPanther,0,113075788588260528,BeneficialMacaw,0,2024-09-03T21:47:59Z,Day1
Left,SmartGibbon,0,113075750298252768,DevotedNightingale,1,2024-09-03T21:48:31Z,Day1
Left,AmbitiousManatee,0,113075738310473888,HopefulBoa,0,2024-09-03T21:48:44Z,Day1
Left,SmartGibbon,0,113075775945526816,IdealEel,0,2024-09-03T21:48:48Z,Day1
Left,SmartGibbon,0,113075755559039952,JoyousFirefly,0,2024-09-03T21:48:54Z,Day1
Left,ConfidentPanther,0,113075803448680464,EagerYak,1,2024-09-03T21:49:01Z,Day1
Left,IdealEel,0,113075823545294880,BeneficialMacaw,0,2024-09-03T21:49:36Z,Day1
Left,WarmTurkey,0,113075727719019008,RespectfulOwl,0,2024-09-03T21:49:39Z,Day1
Left,WarmTurkey,0,113075718634838352,DiligentKiwi,0,2024-09-03T21:50:12Z,Day1
Left,ExcitingTurtle,0,113075831927148032,DiligentKiwi,0,2024-09-03T21:52:59Z,Day1
Left,ConfidentPanther,0,113075831806974800,GleefulDingo,1,2024-09-03T21:53:15Z,Day1
Left,BeneficialMacaw,0,113075832361170688,SmartGibbon,0,2024-09-03T21:53:48Z,Day1
Left,ExcitingTurtle,0,113075807028137472,FaithfulRhinoceros,0,2024-09-03T21:54:00Z,Day1
Left,HumbleLorikeet,0,113075846366406720,ConfidentPanther,0,2024-09-03T21:54:59Z,Day1
Left,ConfidentPanther,0,113075831927148032,DiligentKiwi,0,2024-09-03T21:55:43Z,Day1
Left,ConfidentPanther,0,113075838258474896,ExcitingTurtle,0,2024-09-03T21:56:15Z,Day1
Left,ConfidentPanther,0,113075846670808160,HumbleLorikeet,0,2024-09-03T21:56:18Z,Day1
Left,BeneficialMacaw,0,113075850924437792,GentleCrow,0,2024-09-03T21:56:27Z,Day1
Left,WarmTurkey,0,113075850924437792,GentleCrow,0,2024-09-03T21:56:44Z,Day1
Left,ExcitingTurtle,0,113075861023482432,ThoughtfulCricket,0,2024-09-03T21:59:49Z,Day1
Left,ExcitingTurtle,0,113075866528870752,HumbleLorikeet,0,2024-09-03T22:00:15Z,Day1
Left,ExcitingTurtle,0,113075848377651136,CaringGecko,0,2024-09-03T22:00:26Z,Day1
Left,ExcitingTurtle,0,113075846670808160,HumbleLorikeet,0,2024-09-03T22:00:38Z,Day1
Left,HumbleLorikeet,0,113075873972744000,ExcitingTurtle,0,2024-09-03T22:01:58Z,Day1
Left,GentleCrow,0,113075857876300784,ConfidentPanther,0,2024-09-03T22:03:02Z,Day1
Left,GentleCrow,0,113075862344986640,FaithfulRhinoceros,0,2024-09-03T22:03:05Z,Day1
Left,GentleCrow,0,113075868045259472,EloquentOrangutan,0,2024-09-03T22:03:13Z,Day1
Left,GentleCrow,0,113075868668165728,EncouragingLadybug,0,2024-09-03T22:03:13Z,Day1
Left,BeneficialMacaw,0,113075880408215616,CaringGecko,0,2024-09-03T22:03:31Z,Day1
Left,NeatChicken,0,113075861023482432,ThoughtfulCricket,0,2024-09-03T22:05:27Z,Day1
Left,ThoughtfulCricket,0,113075891509373440,JoyfulNewt,0,2024-09-03T22:06:28Z,Day1
Left,AmbitiousManatee,0,113075861023482432,ThoughtfulCricket,0,2024-09-03T22:07:31Z,Day1
Left,UnderstandingPossum,0,113075866528870752,HumbleLorikeet,0,2024-09-03T22:10:27Z,Day1
Left,UnderstandingPossum,0,113075863736060592,ExcitingTurtle,0,2024-09-03T22:10:29Z,Day1
Left,UnderstandingPossum,0,113075873972744000,ExcitingTurtle,0,2024-09-03T22:10:32Z,Day1
Left,ExcitingTurtle,0,113075862339763328,ReliableOctopus,0,2024-09-03T22:10:36Z,Day1
Left,ReliableOctopus,0,113075916168022016,ExcitingTurtle,0,2024-09-03T22:12:50Z,Day1
Left,AmbitiousManatee,0,113075912863154368,ConfidentPanther,0,2024-09-03T22:13:01Z,Day1
Left,AmbitiousManatee,0,113075906465072352,DevotedNightingale,1,2024-09-03T22:13:23Z,Day1
Left,ExcitingTurtle,0,113075915877691520,UnderstandingPossum,0,2024-09-03T22:13:31Z,Day1
Left,ExcitingTurtle,0,113075906958522176,UnderstandingPossum,0,2024-09-03T22:13:54Z,Day1
Left,UnderstandingPossum,0,113075906958522176,UnderstandingPossum,0,2024-09-03T22:14:20Z,Day1
Left,UnderstandingPossum,0,113075915877691520,UnderstandingPossum,0,2024-09-03T22:14:25Z,Day1
Left,UnderstandingPossum,0,113075922880977648,UnderstandingPossum,0,2024-09-03T22:14:29Z,Day1
Left,ThoughtfulCricket,0,113075914531042944,AmbitiousManatee,0,2024-09-03T22:14:30Z,Day1
Left,UnderstandingPossum,0,113075886077000576,CaringGecko,0,2024-09-03T22:14:43Z,Day1
Left,WarmTurkey,0,113075923066352912,ThoughtfulCricket,0,2024-09-03T22:14:45Z,Day1
Left,ConfidentPanther,0,113075916168022016,ExcitingTurtle,0,2024-09-03T22:15:20Z,Day1
Left,ExcitingTurtle,0,113075922880977648,UnderstandingPossum,0,2024-09-03T22:16:02Z,Day1
Left,UnderstandingPossum,0,113075912863154368,ConfidentPanther,0,2024-09-03T22:16:20Z,Day1
Left,ReliableOctopus,0,113075912863154368,ConfidentPanther,0,2024-09-03T22:16:47Z,Day1
Left,ThoughtfulCricket,0,113075930381882192,UnderstandingPossum,0,2024-09-03T22:17:56Z,Day1
Left,ImaginativeWolverine,0,113075807028137472,FaithfulRhinoceros,0,2024-09-03T22:18:07Z,Day1
Left,AmbitiousManatee,0,113075643269764192,EmpatheticDragonfly,0,2024-09-03T22:18:16Z,Day1
Left,ConfidentPanther,0,113075900295785488,HumbleLorikeet,0,2024-09-03T22:18:19Z,Day1
Left,AmbitiousManatee,0,113075641396810736,DynamicSparrow,0,2024-09-03T22:18:19Z,Day1
Left,AmbitiousManatee,0,113075630794701088,LightheartedWoodpecker,0,2024-09-03T22:18:27Z,Day1
Left,UnderstandingPossum,0,113075933605398208,AmbitiousManatee,0,2024-09-03T22:18:36Z,Day1
Left,AmbitiousManatee,0,113075937022068464,ThoughtfulCricket,0,2024-09-03T22:18:50Z,Day1
Left,SereneHyena,0,113075933605398208,AmbitiousManatee,0,2024-09-03T22:19:04Z,Day1
Left,AmbitiousManatee,0,113075943540333312,HumbleLorikeet,0,2024-09-03T22:19:41Z,Day1
Left,AmbitiousManatee,0,113075947265642704,UnderstandingPossum,0,2024-09-03T22:21:07Z,Day1
Left,UnderstandingPossum,0,113075953925097904,ExcitingTurtle,0,2024-09-03T22:22:26Z,Day1
Left,ExcitingTurtle,0,113075920360707552,ReliableOctopus,0,2024-09-03T22:22:42Z,Day1
Left,ExcitingTurtle,0,113075905727792512,ReliableOctopus,0,2024-09-03T22:23:05Z,Day1
Left,HumbleLorikeet,0,113075960229455584,AmbitiousManatee,0,2024-09-03T22:23:55Z,Day1
Left,ReliableOctopus,0,113075933605398208,AmbitiousManatee,0,2024-09-03T22:24:21Z,Day1
Left,HumbleLorikeet,0,113075959806311680,ConfidentPanther,0,2024-09-03T22:24:26Z,Day1
Left,UnderstandingPossum,0,113075951911248640,ConfidentPanther,0,2024-09-03T22:24:29Z,Day1
Left,ExcitingTurtle,0,113075962140155104,UnderstandingPossum,0,2024-09-03T22:25:14Z,Day1
Left,UnderstandingPossum,0,113075945169677424,ThoughtfulCricket,0,2024-09-03T22:25:41Z,Day1
Left,UnderstandingPossum,0,113075928639715344,ExcitingTurtle,0,2024-09-03T22:26:55Z,Day1
Left,ImaginativeWolverine,0,113075939238467328,HumbleLorikeet,0,2024-09-03T22:27:22Z,Day1
Left,UnderstandingPossum,0,113075968388447632,KindheartedStingray,0,2024-09-03T22:27:23Z,Day1
Left,UnderstandingPossum,0,113075974946242624,GleefulDingo,1,2024-09-03T22:27:47Z,Day1
Left,ExcitingTurtle,0,113075974946242624,GleefulDingo,1,2024-09-03T22:28:20Z,Day1
Left,ExcitingTurtle,0,113075968388447632,KindheartedStingray,0,2024-09-03T22:28:53Z,Day1
Left,ImaginativeWolverine,0,113075981720922448,HumbleLorikeet,0,2024-09-03T22:29:26Z,Day1
Left,UnderstandingPossum,0,113075979504334032,GleefulDingo,1,2024-09-03T22:29:43Z,Day1
Left,UnderstandingPossum,0,113075966415954848,KindheartedStingray,0,2024-09-03T22:29:57Z,Day1
Left,UnderstandingPossum,0,113075931806541008,ImaginativeWolverine,0,2024-09-03T22:30:14Z,Day1
Left,ExcitingTurtle,0,113075966415954848,KindheartedStingray,0,2024-09-03T22:30:23Z,Day1
Left,UnderstandingPossum,0,113075906465072352,DevotedNightingale,1,2024-09-03T22:30:38Z,Day1
Left,JoyfulNewt,0,113075989995398704,KindheartedStingray,0,2024-09-03T22:31:28Z,Day1
Left,HumbleLorikeet,0,113075974946242624,GleefulDingo,1,2024-09-03T22:31:55Z,Day1
Left,UnderstandingPossum,0,113075895531629888,ReliableOctopus,0,2024-09-03T22:32:51Z,Day1
Left,UnderstandingPossum,0,113075886806655968,ReliableOctopus,0,2024-09-03T22:33:40Z,Day1
Left,ReliableOctopus,0,113075998494009792,UnderstandingPossum,0,2024-09-03T22:33:45Z,Day1
Left,KindheartedStingray,0,113075994641839984,CaringGecko,0,2024-09-03T22:33:51Z,Day1
Left,KindheartedStingray,0,113075990681939328,CaringGecko,0,2024-09-03T22:33:56Z,Day1
Left,KindheartedStingray,0,113075988347284432,HumbleLorikeet,0,2024-09-03T22:34:13Z,Day1
Left,KindheartedStingray,0,113075987927921600,JoyfulNewt,0,2024-09-03T22:34:20Z,Day1
Left,UnderstandingPossum,0,113075861023482432,ThoughtfulCricket,0,2024-09-03T22:34:26Z,Day1
Left,UnderstandingPossum,0,113075891509373440,JoyfulNewt,0,2024-09-03T22:34:48Z,Day1
Left,ReliableOctopus,0,113076001240267712,UnderstandingPossum,0,2024-09-03T22:34:53Z,Day1
Left,QuickOstrich,0,113075982013045424,KindheartedStingray,0,2024-09-03T22:34:53Z,Day1
Left,UnderstandingPossum,0,113075897438701856,ThoughtfulCricket,0,2024-09-03T22:34:57Z,Day1
Left,ImaginativeWolverine,0,113075710034486544,ConfidentPanther,0,2024-09-03T22:35:25Z,Day1
Left,UnderstandingPossum,0,113075914531042944,AmbitiousManatee,0,2024-09-03T22:35:51Z,Day1
Left,UnderstandingPossum,0,113075937022068464,ThoughtfulCricket,0,2024-09-03T22:35:59Z,Day1
Left,UnderstandingPossum,0,113075858244763520,BeneficialMacaw,0,2024-09-03T22:36:08Z,Day1
Left,AmbitiousManatee,0,113075981708169872,JoyfulNewt,0,2024-09-03T22:36:10Z,Day1
Left,AmbitiousManatee,0,113075976121969488,ReliableOctopus,0,2024-09-03T22:36:18Z,Day1
Left,AmbitiousManatee,0,113075970404856320,ReliableOctopus,0,2024-09-03T22:36:24Z,Day1
Left,ConfidentPanther,0,113075979504334032,GleefulDingo,1,2024-09-03T22:36:57Z,Day1
Left,ConfidentPanther,0,113075974946242624,GleefulDingo,1,2024-09-03T22:37:02Z,Day1
Left,UnderstandingPossum,0,113075863973039408,HumbleLorikeet,0,2024-09-03T22:37:12Z,Day1
Left,UnderstandingPossum,0,113075943305225456,ReliableOctopus,0,2024-09-03T22:37:15Z,Day1
Left,ConfidentPanther,0,113075982245941680,UnderstandingPossum,0,2024-09-03T22:37:19Z,Day1
Left,UnderstandingPossum,0,113075857878768256,MindfulWildebeest,1,2024-09-03T22:37:29Z,Day1
Left,UnderstandingPossum,0,113075864694456640,SmartGibbon,0,2024-09-03T22:37:45Z,Day1
Left,UnderstandingPossum,0,113075852797361616,MindfulWildebeest,1,2024-09-03T22:38:00Z,Day1
Left,ExcitingTurtle,0,113076007606388048,CaringGecko,0,2024-09-03T22:38:10Z,Day1
Left,UnderstandingPossum,0,113075850924437792,GentleCrow,0,2024-09-03T22:38:12Z,Day1
Left,UnderstandingPossum,0,113075857876300784,ConfidentPanther,0,2024-09-03T22:38:15Z,Day1
Left,UnderstandingPossum,0,113075862344986640,FaithfulRhinoceros,0,2024-09-03T22:38:20Z,Day1
Left,UnderstandingPossum,0,113075868045259472,EloquentOrangutan,0,2024-09-03T22:38:31Z,Day1
Left,UnderstandingPossum,0,113075868668165728,EncouragingLadybug,0,2024-09-03T22:38:33Z,Day1
Left,UnderstandingPossum,0,113075845619857904,PlayfulElk,1,2024-09-03T22:39:15Z,Day1
Left,JoyfulNewt,0,113075997214740640,KindheartedStingray,0,2024-09-03T22:39:54Z,Day1
Left,UnderstandingPossum,0,113076017505323840,HumbleLorikeet,0,2024-09-03T22:42:22Z,Day1
Left,ExcitingTurtle,0,113076031527000928,CaringGecko,0,2024-09-03T22:42:28Z,Day1
Left,UnderstandingPossum,0,113075979736239472,ConfidentPanther,0,2024-09-03T22:42:51Z,Day1
Left,ExcitingTurtle,0,113076018644450624,ConfidentPanther,0,2024-09-03T22:43:07Z,Day1
Left,UnderstandingPossum,0,113075974408557856,ExcitingTurtle,0,2024-09-03T22:43:09Z,Day1
Left,ImaginativeWolverine,0,113076006586351264,ConfidentPanther,0,2024-09-03T22:43:45Z,Day1
Left,KindheartedStingray,0,113075933605398208,AmbitiousManatee,0,2024-09-03T22:45:51Z,Day1
Left,ExcitingTurtle,0,113076040065775184,CaringGecko,0,2024-09-03T22:47:26Z,Day1
Left,UnderstandingPossum,0,113076040954306144,ExuberantDuck,1,2024-09-03T22:47:28Z,Day1
Left,WarmTurkey,0,113076034133352224,QuickOstrich,0,2024-09-03T22:47:44Z,Day1
Left,UnderstandingPossum,0,113076034133352224,QuickOstrich,0,2024-09-03T22:47:47Z,Day1
Left,ExcitingTurtle,0,113076054347957840,ConfidentPanther,0,2024-09-03T22:47:50Z,Day1
Left,UnderstandingPossum,0,113076031527000928,CaringGecko,0,2024-09-03T22:47:54Z,Day1
Left,UnderstandingPossum,0,113076023080663840,ExuberantDuck,1,2024-09-03T22:48:47Z,Day1
Left,UnderstandingPossum,0,113075985784940192,CaringGecko,0,2024-09-03T22:52:04Z,Day1
Left,ImaginativeWolverine,0,113076053234972768,CheerfulJackal,0,2024-09-03T22:53:38Z,Day1
Left,ImaginativeWolverine,0,113075954223818752,UnderstandingPossum,0,2024-09-03T22:54:40Z,Day1
Left,QuickOstrich,0,113075845619857904,PlayfulElk,1,2024-09-03T22:55:00Z,Day1
Left,HumbleLorikeet,0,113076076013662448,DevotedNightingale,1,2024-09-03T22:55:14Z,Day1
Left,QuickOstrich,0,113076071994868688,HumbleLorikeet,0,2024-09-03T22:56:13Z,Day1
Left,CaringGecko,0,113075690399879168,MajesticPlatypus,0,2024-09-03T22:56:20Z,Day1
Left,KindheartedStingray,0,113075895531629888,ReliableOctopus,0,2024-09-03T22:57:57Z,Day1
Left,ImaginativeWolverine,0,113075974946242624,GleefulDingo,1,2024-09-03T22:59:04Z,Day1
Left,ImaginativeWolverine,0,113075838258474896,ExcitingTurtle,0,2024-09-03T22:59:56Z,Day1
Left,CaringGecko,0,113076076013662448,DevotedNightingale,1,2024-09-03T23:04:20Z,Day1
Left,BenevolentKangaroo,0,113076128538471984,KindheartedStingray,0,2024-09-03T23:06:57Z,Day1
Left,GracefulPorcupine,0,113075923066352912,ThoughtfulCricket,0,2024-09-03T23:07:05Z,Day1
Left,AmbitiousManatee,0,113076140640691696,GracefulPorcupine,0,2024-09-03T23:09:46Z,Day1
Left,WonderfulGorilla,0,113075845619857904,PlayfulElk,1,2024-09-03T23:13:02Z,Day1
Left,WonderfulGorilla,0,113076032372354080,UnderstandingPossum,0,2024-09-03T23:13:06Z,Day1
Left,AmbitiousManatee,0,113076162164211392,PlayfulElk,1,2024-09-03T23:15:22Z,Day1
Left,WonderfulGorilla,0,113076162164211392,PlayfulElk,1,2024-09-03T23:18:17Z,Day1
Left,Admin,NA,113076174364390496,KindheartedStingray,0,2024-09-03T23:18:21Z,Day1
Left,WonderfulGorilla,0,113076159096788800,PlayfulElk,1,2024-09-03T23:18:35Z,Day1
Left,KindheartedStingray,0,113076172903959888,JoyfulNewt,0,2024-09-03T23:20:00Z,Day1
Left,IdealEel,0,113076162164211392,PlayfulElk,1,2024-09-03T23:26:03Z,Day1
Left,IdealEel,0,113076159096788800,PlayfulElk,1,2024-09-03T23:26:13Z,Day1
Left,IdealEel,0,113075845619857904,PlayfulElk,1,2024-09-03T23:26:21Z,Day1
Left,QualifiedFrog,0,113076211155293360,AmazingIbis,0,2024-09-03T23:31:16Z,Day1
Left,QualifiedFrog,0,113076164048456096,KindheartedStingray,0,2024-09-03T23:33:54Z,Day1
Left,QualifiedFrog,0,113076163253257968,BenevolentKangaroo,0,2024-09-03T23:33:58Z,Day1
Left,WarmTurkey,0,113076236145065968,BenevolentKangaroo,0,2024-09-03T23:34:46Z,Day1
Left,BenevolentKangaroo,0,113076227919857248,WarmTurkey,0,2024-09-03T23:34:52Z,Day1
Left,BenevolentKangaroo,0,113076194912201648,AmbitiousManatee,0,2024-09-03T23:35:11Z,Day1
Left,QualifiedFrog,0,113076076013662448,DevotedNightingale,1,2024-09-03T23:35:12Z,Day1
Left,IdealEel,0,113076092673842208,EagerYak,1,2024-09-03T23:35:21Z,Day1
Left,IdealEel,0,113076097624877024,EagerYak,1,2024-09-03T23:35:23Z,Day1
Left,IdealEel,0,113075803448680464,EagerYak,1,2024-09-03T23:35:27Z,Day1
Left,AmazingIbis,0,113076092673842208,EagerYak,1,2024-09-03T23:36:06Z,Day1
Left,AmazingIbis,0,113076031527000928,CaringGecko,0,2024-09-03T23:36:16Z,Day1
Left,AmazingIbis,0,113076263912343840,MindfulWildebeest,1,2024-09-03T23:49:37Z,Day1
Left,JoyfulNewt,0,113076260318642208,BenevolentKangaroo,0,2024-09-03T23:53:48Z,Day1
Left,Admin,NA,113076315802458224,CourteousAntelope,0,2024-09-03T23:55:37Z,Day1
Left,AmbitiousManatee,0,113075718634838352,DiligentKiwi,0,2024-09-03T23:59:52Z,Day1
Left,AmbitiousManatee,0,113075715378646384,InsightfulHornet,0,2024-09-04T00:00:09Z,Day2
Left,AmazingIbis,0,113075714943407760,DiligentKiwi,0,2024-09-04T00:03:44Z,Day2
Left,WonderfulGorilla,0,113076338145884352,MagnificentPig,0,2024-09-04T00:05:02Z,Day2
Left,WonderfulGorilla,0,113076330931814944,CourteousAntelope,0,2024-09-04T00:05:03Z,Day2
Left,WonderfulGorilla,0,113076327563069232,MagnificentPig,0,2024-09-04T00:05:04Z,Day2
Left,WonderfulGorilla,0,113076322982716016,CourteousAntelope,0,2024-09-04T00:05:05Z,Day2
Left,AdmirableFlamingo,0,113076260318642208,BenevolentKangaroo,0,2024-09-04T00:05:07Z,Day2
Left,UnderstandingPossum,0,113076352399463296,WonderfulGorilla,0,2024-09-04T00:05:23Z,Day2
Left,UnderstandingPossum,0,113076356585652592,AdmirableFlamingo,0,2024-09-04T00:05:32Z,Day2
Left,UnderstandingPossum,0,113076339750467808,CapableCobra,0,2024-09-04T00:05:44Z,Day2
Left,UnderstandingPossum,0,113076327563069232,MagnificentPig,0,2024-09-04T00:05:56Z,Day2
Left,UnderstandingPossum,0,113076330931814944,CourteousAntelope,0,2024-09-04T00:06:00Z,Day2
Left,UnderstandingPossum,0,113076338145884352,MagnificentPig,0,2024-09-04T00:06:03Z,Day2
Left,WonderfulGorilla,0,113076315802458224,CourteousAntelope,0,2024-09-04T00:06:15Z,Day2
Left,UnderstandingPossum,0,113076260318642208,BenevolentKangaroo,0,2024-09-04T00:06:36Z,Day2
Left,AdmirableFlamingo,0,113076159096788800,PlayfulElk,1,2024-09-04T00:06:39Z,Day2
Left,CapableCobra,0,113076159096788800,PlayfulElk,1,2024-09-04T00:06:49Z,Day2
Left,UnderstandingPossum,0,113076178760096352,QuickOstrich,0,2024-09-04T00:07:14Z,Day2
Left,AdmirableFlamingo,0,113076092673842208,EagerYak,1,2024-09-04T00:07:22Z,Day2
Left,WonderfulGorilla,0,113075519240181392,CourageousPorpoise,0,2024-09-04T00:07:23Z,Day2
Left,WonderfulGorilla,0,113075534011877168,CheerfulJackal,0,2024-09-04T00:07:24Z,Day2
Left,WonderfulGorilla,0,113075566438426048,GenerousArmadillo,0,2024-09-04T00:07:27Z,Day2
Left,WonderfulGorilla,0,113075606374980176,ConfidentPanther,0,2024-09-04T00:07:28Z,Day2
Left,WonderfulGorilla,0,113075620412541120,CreativeTiger,0,2024-09-04T00:07:31Z,Day2
Left,WonderfulGorilla,0,113075699499074016,HopefulBoa,0,2024-09-04T00:07:34Z,Day2
Left,UnderstandingPossum,0,113076162164211392,PlayfulElk,1,2024-09-04T00:07:34Z,Day2
Left,WonderfulGorilla,0,113075703700196928,RespectfulOwl,0,2024-09-04T00:07:35Z,Day2
Left,WonderfulGorilla,0,113075878349206976,UnderstandingPossum,0,2024-09-04T00:07:37Z,Day2
Left,UnderstandingPossum,0,113076160182491328,QuickOstrich,0,2024-09-04T00:08:34Z,Day2
Left,AdmirableFlamingo,0,113076023080663840,ExuberantDuck,1,2024-09-04T00:09:36Z,Day2
Left,UnderstandingPossum,0,113076201506719664,BenevolentKangaroo,0,2024-09-04T00:09:58Z,Day2
Left,WonderfulGorilla,0,113076371660193888,UnderstandingPossum,0,2024-09-04T00:10:19Z,Day2
Left,UnderstandingPossum,0,113076158449355456,WarmTurkey,0,2024-09-04T00:10:20Z,Day2
Left,WarmTurkey,0,113076158449355456,WarmTurkey,0,2024-09-04T00:10:59Z,Day2
Left,WarmTurkey,0,113076227919857248,WarmTurkey,0,2024-09-04T00:11:03Z,Day2
Left,SereneHyena,0,113075763005066304,DevotedNightingale,1,2024-09-04T00:12:08Z,Day2
Left,AdmirableFlamingo,0,113075858244763520,BeneficialMacaw,0,2024-09-04T00:12:17Z,Day2
Left,AdmirableFlamingo,0,113075778829127184,BeneficialMacaw,0,2024-09-04T00:13:02Z,Day2
Left,QualifiedFrog,0,113076259809674672,BenevolentKangaroo,0,2024-09-04T00:14:57Z,Day2
Left,SereneHyena,0,113075734224868224,JoyousFirefly,0,2024-09-04T00:15:09Z,Day2
Left,AdmirableFlamingo,0,113075711314079232,FearlessHippopotamus,0,2024-09-04T00:16:02Z,Day2
Left,AdmirableFlamingo,0,113075701254924208,RespectfulOwl,0,2024-09-04T00:16:07Z,Day2
Left,SereneHyena,0,113075715378646384,InsightfulHornet,0,2024-09-04T00:16:10Z,Day2
Left,AdmirableFlamingo,0,113075709776109456,IdealEel,0,2024-09-04T00:16:47Z,Day2
Left,AdmirableFlamingo,0,113075736174810880,RespectfulOwl,0,2024-09-04T00:16:50Z,Day2
Left,AdmirableFlamingo,0,113075670332868640,EnthusiasticBee,0,2024-09-04T00:17:04Z,Day2
Left,SereneHyena,0,113075670332868640,EnthusiasticBee,0,2024-09-04T00:17:47Z,Day2
Left,AdmirableFlamingo,0,113075626444078960,CaringGecko,0,2024-09-04T00:18:03Z,Day2
Left,AdmirableFlamingo,0,113075624503132784,ConfidentPanther,0,2024-09-04T00:18:25Z,Day2
Left,QuaintPelican,0,113076032372354080,UnderstandingPossum,0,2024-09-04T00:19:16Z,Day2
Left,AdmirableFlamingo,0,113075614382202432,YouthfulPeacock,0,2024-09-04T00:19:32Z,Day2
Left,WarmTurkey,0,113076413517532256,QuaintPelican,0,2024-09-04T00:20:01Z,Day2
Left,WarmTurkey,0,113076397044446224,SweetGazelle,0,2024-09-04T00:20:07Z,Day2
Left,SereneHyena,0,113075628769926688,WarmTurkey,0,2024-09-04T00:20:37Z,Day2
Left,AdmirableFlamingo,0,113075575093708368,IdealEel,0,2024-09-04T00:20:52Z,Day2
Left,QuaintPelican,0,113076024509077216,UnderstandingPossum,0,2024-09-04T00:21:11Z,Day2
Left,MagnificentPig,0,113076395053402048,EagerYak,1,2024-09-04T00:21:12Z,Day2
Left,MagnificentPig,0,113076373630995584,AdmirableFlamingo,0,2024-09-04T00:21:32Z,Day2
Left,SereneHyena,0,113075606454251728,JoyousFirefly,0,2024-09-04T00:22:41Z,Day2
Left,QuaintPelican,0,113076413517532256,QuaintPelican,0,2024-09-04T00:22:50Z,Day2
Left,QuaintPelican,0,113076429088990800,WarmTurkey,0,2024-09-04T00:23:05Z,Day2
Left,SereneHyena,0,113075601400351488,IdealEel,0,2024-09-04T00:23:19Z,Day2
Left,QuaintPelican,0,113075861023482432,ThoughtfulCricket,0,2024-09-04T00:23:33Z,Day2
Left,CalmUnicorn,0,113076160182491328,QuickOstrich,0,2024-09-04T00:27:19Z,Day2
Left,Admin,NA,113076446726084800,QuaintPelican,0,2024-09-04T00:27:41Z,Day2
Left,QuaintPelican,0,113076448696490576,AdmirableFlamingo,0,2024-09-04T00:28:02Z,Day2
Left,WonderfulGorilla,0,113076441593281328,PlayfulElk,1,2024-09-04T00:28:28Z,Day2
Left,QuaintPelican,0,113076247022747200,MindfulWildebeest,1,2024-09-04T00:29:08Z,Day2
Left,SereneHyena,0,113075603933529488,SympatheticQuokka,0,2024-09-04T00:30:31Z,Day2
Left,UnderstandingPossum,0,113076457979113280,SweetGazelle,0,2024-09-04T00:30:51Z,Day2
Left,UnderstandingPossum,0,113076440372977296,PassionateCondor,0,2024-09-04T00:31:36Z,Day2
Left,SereneHyena,0,113075570151983680,SympatheticQuokka,0,2024-09-04T00:32:54Z,Day2
Left,TrustworthyAlligator,0,113076469198124544,TrustworthyAlligator,0,2024-09-04T00:33:18Z,Day2
Left,QuaintPelican,0,113076466563240592,AdmirableFlamingo,0,2024-09-04T00:35:01Z,Day2
Left,AdmirableFlamingo,0,113075861023482432,ThoughtfulCricket,0,2024-09-04T00:38:11Z,Day2
Left,QuaintPelican,0,113076451875209184,PassionateCondor,0,2024-09-04T00:38:44Z,Day2
Left,SmartGibbon,0,113076441593281328,PlayfulElk,1,2024-09-04T00:39:18Z,Day2
Left,QuaintPelican,0,113076162164211392,PlayfulElk,1,2024-09-04T00:39:23Z,Day2
Left,SmartGibbon,0,113076397044446224,SweetGazelle,0,2024-09-04T00:39:39Z,Day2
Left,DelightfulEgret,0,113076481158810800,QuaintPelican,0,2024-09-04T00:41:05Z,Day2
Left,SincereNumbat,0,113076501244319232,AdmirableFlamingo,0,2024-09-04T00:41:36Z,Day2
Left,DelightfulEgret,0,113076211155293360,AmazingIbis,0,2024-09-04T00:43:38Z,Day2
Left,SincereNumbat,0,113076507137863296,MagnificentPig,0,2024-09-04T00:44:11Z,Day2
Left,CaringGecko,0,113075643374750336,NeatChicken,0,2024-09-04T00:44:17Z,Day2
Left,AdmirableFlamingo,0,113076512199063104,SweetGazelle,0,2024-09-04T00:44:39Z,Day2
Left,DelightfulEgret,0,113076451875209184,PassionateCondor,0,2024-09-04T00:44:40Z,Day2
Left,DelightfulEgret,0,113076440372977296,PassionateCondor,0,2024-09-04T00:44:58Z,Day2
Left,SincereNumbat,0,113076513768799424,AdmirableFlamingo,0,2024-09-04T00:45:09Z,Day2
Left,AdmirableFlamingo,0,113076516263233024,QuaintPelican,0,2024-09-04T00:45:18Z,Day2
Left,CalmUnicorn,0,113076034133352224,QuickOstrich,0,2024-09-04T00:45:18Z,Day2
Left,SweetGazelle,0,113076516263233024,QuaintPelican,0,2024-09-04T00:45:33Z,Day2
Left,CalmUnicorn,0,113076516263233024,QuaintPelican,0,2024-09-04T00:45:37Z,Day2
Left,QuaintPelican,0,113076518216528416,AdmirableFlamingo,0,2024-09-04T00:45:42Z,Day2
Left,IdealEel,0,113076466563240592,AdmirableFlamingo,0,2024-09-04T00:46:03Z,Day2
Left,CalmUnicorn,0,113076451875209184,PassionateCondor,0,2024-09-04T00:46:13Z,Day2
Left,DelightfulEgret,0,113076247022747200,MindfulWildebeest,1,2024-09-04T00:47:13Z,Day2
Left,WarmTurkey,0,113076515599970416,AdmirableFlamingo,0,2024-09-04T00:47:20Z,Day2
Left,WarmTurkey,0,113076469198124544,TrustworthyAlligator,0,2024-09-04T00:47:37Z,Day2
Left,CalmUnicorn,0,113076397044446224,SweetGazelle,0,2024-09-04T00:47:49Z,Day2
Left,MagnificentPig,0,113076441593281328,PlayfulElk,1,2024-09-04T00:48:23Z,Day2
Left,SincereNumbat,0,113076528501083904,YearningHare,0,2024-09-04T00:48:30Z,Day2
Left,SincereNumbat,0,113076524578578592,FantasticPython,0,2024-09-04T00:48:34Z,Day2
Left,SweetGazelle,0,113076528865937648,MagnificentPig,0,2024-09-04T00:50:02Z,Day2
Left,WarmTurkey,0,113076542586699088,DelightfulEgret,0,2024-09-04T00:52:08Z,Day2
Left,IdealEel,0,113076516263233024,QuaintPelican,0,2024-09-04T00:52:52Z,Day2
Left,IdealEel,0,113076441593281328,PlayfulElk,1,2024-09-04T00:54:00Z,Day2
Left,IdealEel,0,113076525921152992,MagnificentPig,0,2024-09-04T00:54:15Z,Day2
Left,ImaginativeWolverine,0,113076493184243600,AdmirableFlamingo,0,2024-09-04T00:56:37Z,Day2
Left,QuaintPelican,0,113076543758427440,MagnificentPig,0,2024-09-04T00:58:25Z,Day2
Left,QuaintPelican,0,113076548635782048,TenderWallaby,0,2024-09-04T00:59:12Z,Day2
Left,DelightfulEgret,0,113076562899654720,CaringGecko,0,2024-09-04T00:59:52Z,Day2
Left,QuaintPelican,0,113076441593281328,PlayfulElk,1,2024-09-04T01:00:24Z,Day2
Left,CalmUnicorn,0,113075871431877856,CaringGecko,0,2024-09-04T01:00:28Z,Day2
Left,LavishPenguin,0,113076562899654720,CaringGecko,0,2024-09-04T01:00:38Z,Day2
Left,ImaginativeWolverine,0,113076574464338496,CalmUnicorn,0,2024-09-04T01:00:46Z,Day2
Left,CalmUnicorn,0,113075861023482432,ThoughtfulCricket,0,2024-09-04T01:00:49Z,Day2
Left,DelightfulEgret,0,113076579466555088,EsteemedSquirrel,0,2024-09-04T01:01:41Z,Day2
Left,LavishPenguin,0,113076352399463296,WonderfulGorilla,0,2024-09-04T01:01:54Z,Day2
Left,SmartGibbon,0,113076568011170560,QuaintPelican,0,2024-09-04T01:02:46Z,Day2
Left,ImaginativeWolverine,0,113075985784940192,CaringGecko,0,2024-09-04T01:03:05Z,Day2
Left,QuaintPelican,0,113075816814284928,SmartGibbon,0,2024-09-04T01:03:16Z,Day2
Left,ImaginativeWolverine,0,113075906465072352,DevotedNightingale,1,2024-09-04T01:03:56Z,Day2
Left,QuaintPelican,0,113076542586699088,DelightfulEgret,0,2024-09-04T01:07:04Z,Day2
Left,QuaintPelican,0,113076528865937648,MagnificentPig,0,2024-09-04T01:07:08Z,Day2
Left,QuaintPelican,0,113076395053402048,EagerYak,1,2024-09-04T01:07:33Z,Day2
Left,QuaintPelican,0,113076230006811504,QualifiedFrog,0,2024-09-04T01:07:53Z,Day2
Left,QuaintPelican,0,113076211155293360,AmazingIbis,0,2024-09-04T01:07:56Z,Day2
Left,ImaginativeWolverine,0,113076435666671728,QuaintPelican,0,2024-09-04T01:08:24Z,Day2
Left,QuaintPelican,0,113076040954306144,ExuberantDuck,1,2024-09-04T01:08:50Z,Day2
Left,QuaintPelican,0,113076034133352224,QuickOstrich,0,2024-09-04T01:09:00Z,Day2
Left,QuaintPelican,0,113076023080663840,ExuberantDuck,1,2024-09-04T01:09:17Z,Day2
Left,QuaintPelican,0,113075968388447632,KindheartedStingray,0,2024-09-04T01:09:45Z,Day2
Left,DelightfulEgret,0,113075816814284928,SmartGibbon,0,2024-09-04T01:10:07Z,Day2
Left,QuaintPelican,0,113076610648229600,ImaginativeWolverine,0,2024-09-04T01:10:12Z,Day2
Left,QuaintPelican,0,113076588170702192,CourteousAntelope,0,2024-09-04T01:10:16Z,Day2
Left,DelightfulEgret,0,113076614761355472,CompassionateGopher,0,2024-09-04T01:10:24Z,Day2
Left,QuaintPelican,0,113076607569292160,DelightfulEgret,0,2024-09-04T01:10:45Z,Day2
Left,DelightfulEgret,0,113076611799967616,EsteemedSquirrel,0,2024-09-04T01:12:00Z,Day2
Left,DelightfulEgret,0,113076624933314304,LavishPenguin,0,2024-09-04T01:13:28Z,Day2
Left,DelightfulEgret,0,113076586445575264,MagnificentPig,0,2024-09-04T01:13:45Z,Day2
Left,DelightfulEgret,0,113076568011170560,QuaintPelican,0,2024-09-04T01:14:24Z,Day2
Left,DelightfulEgret,0,113076548635782048,TenderWallaby,0,2024-09-04T01:14:34Z,Day2
Left,QuaintPelican,0,113076631706402016,MagnificentPig,0,2024-09-04T01:14:57Z,Day2
Left,QuaintPelican,0,113076624933314304,LavishPenguin,0,2024-09-04T01:16:24Z,Day2
Left,ThrivingHorse,0,113076603689339696,CalmUnicorn,0,2024-09-04T01:19:06Z,Day2
Left,ThrivingHorse,0,113076556645969920,DelightfulEgret,0,2024-09-04T01:19:07Z,Day2
Left,LavishPenguin,0,113075533609790976,CaringGecko,0,2024-09-04T01:19:20Z,Day2
Left,IdealEel,0,113076652031643120,FaithfulRhinoceros,0,2024-09-04T01:20:03Z,Day2
Left,DelightfulEgret,0,113076646978626112,ThrivingHorse,0,2024-09-04T01:23:20Z,Day2
Left,ExcitingTurtle,0,113076624933314304,LavishPenguin,0,2024-09-04T01:23:34Z,Day2
Left,ThrivingHorse,0,113076660523410160,QuaintPelican,0,2024-09-04T01:23:46Z,Day2
Left,SincereNumbat,0,113076528865937648,MagnificentPig,0,2024-09-04T01:24:16Z,Day2
Left,DelightfulEgret,0,113076516263233024,QuaintPelican,0,2024-09-04T01:24:37Z,Day2
Left,DelightfulEgret,0,113075626444078960,CaringGecko,0,2024-09-04T01:24:56Z,Day2
Left,LavishPenguin,0,113076669932086192,ExcitingTurtle,0,2024-09-04T01:26:44Z,Day2
Left,LavishPenguin,0,113076674261863040,CaringGecko,0,2024-09-04T01:27:29Z,Day2
Left,DelightfulEgret,0,113076679076891040,CaringGecko,0,2024-09-04T01:27:37Z,Day2
Left,UpbeatParrot,0,113076674261863040,CaringGecko,0,2024-09-04T01:28:13Z,Day2
Left,ExcitingTurtle,0,113076541286451664,YearningHare,0,2024-09-04T01:28:43Z,Day2
Left,MotivatedBandicoot,0,113076624933314304,LavishPenguin,0,2024-09-04T01:38:23Z,Day2
Left,ConfidentPanther,0,113076657943476976,ThrivingHorse,0,2024-09-04T01:40:17Z,Day2
Left,MotivatedBandicoot,0,113076562899654720,CaringGecko,0,2024-09-04T01:42:59Z,Day2
Left,ExcitingTurtle,0,113076718995276048,ConfidentPanther,0,2024-09-04T01:46:28Z,Day2
Left,MotivatedBandicoot,0,113076395053402048,EagerYak,1,2024-09-04T01:46:28Z,Day2
Left,ExcitingTurtle,0,113076397044446224,SweetGazelle,0,2024-09-04T01:47:24Z,Day2
Left,ConfidentPanther,0,113076755912067408,ThrivingHorse,0,2024-09-04T01:48:51Z,Day2
Left,ThrivingHorse,0,113076759859961952,EnergeticDragon,0,2024-09-04T01:49:05Z,Day2
Left,ThrivingHorse,0,113076745791909552,ConfidentPanther,0,2024-09-04T01:49:07Z,Day2
Left,ConfidentPanther,0,113076768729400160,ExcitingTurtle,0,2024-09-04T01:50:09Z,Day2
Left,EnergeticDragon,0,113076767084414672,ThrivingHorse,0,2024-09-04T01:51:04Z,Day2
Left,ThrivingHorse,0,113076771318957744,ConfidentPanther,0,2024-09-04T01:52:44Z,Day2
Left,ThrivingHorse,0,113076778781146720,JoyfulNewt,0,2024-09-04T01:52:48Z,Day2
Left,MotivatedBandicoot,0,113076339750467808,CapableCobra,0,2024-09-04T01:53:11Z,Day2
Left,ConfidentPanther,0,113076787690250048,ThrivingHorse,0,2024-09-04T01:54:22Z,Day2
Left,MotivatedBandicoot,0,113076800053020208,ThrivingHorse,0,2024-09-04T01:59:08Z,Day2
Left,MotivatedBandicoot,0,113076792356252192,CaringGecko,0,2024-09-04T02:02:50Z,Day2
Left,VictoriousKoala,0,113076737271623984,EncouragingLadybug,0,2024-09-04T02:03:09Z,Day2
Left,UnderstandingPossum,0,113076789328511104,MotivatedBandicoot,0,2024-09-04T02:09:07Z,Day2
Left,ConfidentPanther,0,113076834144745776,EnergeticDragon,0,2024-09-04T02:09:59Z,Day2
Left,UnderstandingPossum,0,113076781137439200,ThrivingHorse,0,2024-09-04T02:11:15Z,Day2
Left,UnderstandingPossum,0,113076837306722176,VictoriousKoala,0,2024-09-04T02:11:41Z,Day2
Left,UnderstandingPossum,0,113076847845257760,FantasticPython,0,2024-09-04T02:11:50Z,Day2
Left,MotivatedBandicoot,0,113076849428151968,ConfidentPanther,0,2024-09-04T02:12:31Z,Day2
Left,UnderstandingPossum,0,113076750171140208,EnergeticDragon,0,2024-09-04T02:12:47Z,Day2
Left,UnderstandingPossum,0,113076691108824080,FaithfulRhinoceros,0,2024-09-04T02:13:20Z,Day2
Left,UnderstandingPossum,0,113076689245012864,ThrivingHorse,0,2024-09-04T02:14:17Z,Day2
Left,UnderstandingPossum,0,113076657943476976,ThrivingHorse,0,2024-09-04T02:14:48Z,Day2
Left,UnderstandingPossum,0,113076646978626112,ThrivingHorse,0,2024-09-04T02:15:18Z,Day2
Left,ThrivingHorse,0,113076865600462800,HarmoniousCat,0,2024-09-04T02:15:56Z,Day2
Left,ThrivingHorse,0,113076868039574608,UnderstandingPossum,0,2024-09-04T02:16:00Z,Day2
Left,UnderstandingPossum,0,113076624933314304,LavishPenguin,0,2024-09-04T02:16:13Z,Day2
Left,ThrivingHorse,0,113076874139074688,UnderstandingPossum,0,2024-09-04T02:16:18Z,Day2
Left,ThrivingHorse,0,113076869707750304,UnderstandingPossum,0,2024-09-04T02:16:19Z,Day2
Left,UnderstandingPossum,0,113076611799967616,EsteemedSquirrel,0,2024-09-04T02:16:20Z,Day2
Left,UnderstandingPossum,0,113076607569292160,DelightfulEgret,0,2024-09-04T02:16:26Z,Day2
Left,UnderstandingPossum,0,113076614761355472,CompassionateGopher,0,2024-09-04T02:16:31Z,Day2
Left,UnderstandingPossum,0,113076773967856768,EnergeticDragon,0,2024-09-04T02:17:27Z,Day2
Left,UnderstandingPossum,0,113076568011170560,QuaintPelican,0,2024-09-04T02:17:59Z,Day2
Left,UnderstandingPossum,0,113076485302990064,AdmirableFlamingo,0,2024-09-04T02:19:25Z,Day2
Left,ExcitingTurtle,0,113076781137439200,ThrivingHorse,0,2024-09-04T02:21:08Z,Day2
Left,ConfidentPanther,0,113076935455793872,CreativeTiger,0,2024-09-04T02:32:06Z,Day2
Left,CreativeTiger,0,113076942157925968,ConfidentPanther,0,2024-09-04T02:39:03Z,Day2
Left,ConfidentPanther,0,113076963840315248,CreativeTiger,0,2024-09-04T02:40:20Z,Day2
Left,UniqueSnail,0,113076778402844608,MotivatedBandicoot,0,2024-09-04T02:48:06Z,Day2
Left,ConfidentPanther,0,113076963848554624,CaptivatingGoat,0,2024-09-04T02:49:48Z,Day2
Left,ConfidentPanther,0,113076948789198896,CaptivatingGoat,0,2024-09-04T02:53:11Z,Day2
Left,ConfidentPanther,0,113076977953346208,CaptivatingGoat,0,2024-09-04T02:54:34Z,Day2
Left,ConfidentPanther,0,113077023359935728,UniqueSnail,0,2024-09-04T02:54:43Z,Day2
Left,UniqueSnail,0,113077034555797904,CaptivatingGoat,0,2024-09-04T02:58:38Z,Day2
Left,ThrivingHorse,0,113076854556498912,UnderstandingPossum,0,2024-09-04T03:00:07Z,Day2
Left,ConfidentPanther,0,113077045758479984,CaptivatingGoat,0,2024-09-04T03:00:28Z,Day2
Left,IdealEel,0,113076977953346208,CaptivatingGoat,0,2024-09-04T03:05:58Z,Day2
Left,WarmTurkey,0,113077018124335088,UniqueSnail,0,2024-09-04T03:06:58Z,Day2
Left,IdealEel,0,113077018934542912,ConfidentPanther,0,2024-09-04T03:09:24Z,Day2
Left,ConfidentPanther,0,113077061865290816,CaptivatingGoat,0,2024-09-04T03:09:54Z,Day2
Left,WholesomeHummingbird,0,113076032372354080,UnderstandingPossum,0,2024-09-04T03:10:01Z,Day2
Left,ImaginativeWolverine,0,113076854015134080,HarmoniousCat,0,2024-09-04T03:10:27Z,Day2
Left,IdealEel,0,113076826684532880,ConfidentPanther,0,2024-09-04T03:10:58Z,Day2
Left,IdealEel,0,113076603689339696,CalmUnicorn,0,2024-09-04T03:14:23Z,Day2
Left,ImaginativeWolverine,0,113076948789198896,CaptivatingGoat,0,2024-09-04T03:14:33Z,Day2
Left,IdealEel,0,113076632504969712,ThrivingHorse,0,2024-09-04T03:14:34Z,Day2
Left,IdealEel,0,113076691639091056,EncouragingLadybug,0,2024-09-04T03:14:44Z,Day2
Left,ImaginativeWolverine,0,113076607569292160,DelightfulEgret,0,2024-09-04T03:17:59Z,Day2
Left,ImaginativeWolverine,0,113076542586699088,DelightfulEgret,0,2024-09-04T03:18:37Z,Day2
Left,AmbitiousManatee,0,113077018124335088,UniqueSnail,0,2024-09-04T03:19:19Z,Day2
Left,AmbitiousManatee,0,113076963848554624,CaptivatingGoat,0,2024-09-04T03:19:57Z,Day2
Left,AmbitiousManatee,0,113076778402844608,MotivatedBandicoot,0,2024-09-04T03:21:04Z,Day2
Left,ImaginativeWolverine,0,113076352399463296,WonderfulGorilla,0,2024-09-04T03:21:14Z,Day2
Left,WholesomeHummingbird,0,113076689245012864,ThrivingHorse,0,2024-09-04T03:21:56Z,Day2
Left,WholesomeHummingbird,0,113076440372977296,PassionateCondor,0,2024-09-04T03:23:27Z,Day2
Left,WholesomeHummingbird,0,113076476757567728,UnderstandingPossum,0,2024-09-04T03:24:54Z,Day2
Left,WholesomeHummingbird,0,113076520416124448,DelightfulEgret,0,2024-09-04T03:30:01Z,Day2
Left,WholesomeHummingbird,0,113076542586699088,DelightfulEgret,0,2024-09-04T03:30:19Z,Day2
Left,WholesomeHummingbird,0,113077161322951600,ThrivingHorse,0,2024-09-04T03:34:58Z,Day2
Left,WholesomeHummingbird,0,113076441593281328,PlayfulElk,1,2024-09-04T03:40:31Z,Day2
Left,ThrivingHorse,0,113077225794600336,CaringGecko,0,2024-09-04T03:49:08Z,Day2
Left,AmbitiousManatee,0,113076528865937648,MagnificentPig,0,2024-09-04T03:49:53Z,Day2
Left,AmbitiousManatee,0,113076516263233024,QuaintPelican,0,2024-09-04T03:49:59Z,Day2
Left,ImaginativeWolverine,0,113077225794600336,CaringGecko,0,2024-09-04T03:53:31Z,Day2
Left,UniqueSnail,0,113076542586699088,DelightfulEgret,0,2024-09-04T04:00:34Z,Day2
Left,SmilingWhale,0,113076542586699088,DelightfulEgret,0,2024-09-04T04:06:48Z,Day2
Left,AffectionateWolf,0,113076792356252192,CaringGecko,0,2024-09-04T04:13:32Z,Day2
Left,AffectionateWolf,0,113076352399463296,WonderfulGorilla,0,2024-09-04T04:14:58Z,Day2
Left,WonderfulGorilla,0,113076716398308192,FaithfulRhinoceros,0,2024-09-04T04:17:24Z,Day2
Left,WonderfulGorilla,0,113077135383565728,ImaginativeWolverine,0,2024-09-04T04:17:26Z,Day2
Left,WonderfulGorilla,0,113076430595578672,AdmirableFlamingo,0,2024-09-04T04:21:50Z,Day2
Left,WonderfulGorilla,0,113075939238467328,HumbleLorikeet,0,2024-09-04T04:22:35Z,Day2
Left,WonderfulGorilla,0,113075954223818752,UnderstandingPossum,0,2024-09-04T04:23:11Z,Day2
Left,WonderfulGorilla,0,113075978979566880,ImaginativeWolverine,0,2024-09-04T04:23:19Z,Day2
Left,WonderfulGorilla,0,113075981720922448,HumbleLorikeet,0,2024-09-04T04:23:25Z,Day2
Left,WonderfulGorilla,0,113075754386416000,JoyfulNewt,0,2024-09-04T04:23:36Z,Day2
Left,WonderfulGorilla,0,113075958210635088,JoyfulNewt,0,2024-09-04T04:23:45Z,Day2
Left,WonderfulGorilla,0,113076006586351264,ConfidentPanther,0,2024-09-04T04:23:51Z,Day2
Left,WonderfulGorilla,0,113076053234972768,CheerfulJackal,0,2024-09-04T04:24:31Z,Day2
Left,WonderfulGorilla,0,113076077264713376,ImaginativeWolverine,0,2024-09-04T04:24:41Z,Day2
Left,WonderfulGorilla,0,113076435666671728,QuaintPelican,0,2024-09-04T04:24:44Z,Day2
Left,WonderfulGorilla,0,113076610648229600,ImaginativeWolverine,0,2024-09-04T04:25:00Z,Day2
Left,WonderfulGorilla,0,113076493184243600,AdmirableFlamingo,0,2024-09-04T04:25:08Z,Day2
Left,WonderfulGorilla,0,113076568722923312,ImaginativeWolverine,0,2024-09-04T04:25:10Z,Day2
Left,WonderfulGorilla,0,113076574464338496,CalmUnicorn,0,2024-09-04T04:25:16Z,Day2
Left,WonderfulGorilla,0,113075931806541008,ImaginativeWolverine,0,2024-09-04T04:25:52Z,Day2
Left,ComposedDolphin,0,113077399591575104,ComposedDolphin,0,2024-09-04T04:29:51Z,Day2
Left,AffectionateWolf,0,113076469198124544,TrustworthyAlligator,0,2024-09-04T04:37:18Z,Day2
Left,AffectionateWolf,0,113076657943476976,ThrivingHorse,0,2024-09-04T04:38:42Z,Day2
Left,InnovativeOcelot,0,113077399591575104,ComposedDolphin,0,2024-09-04T04:40:55Z,Day2
Left,InnovativeOcelot,0,113075802828780640,DazzlingLamb,0,2024-09-04T04:46:16Z,Day2
Left,InnovativeOcelot,0,113075650167270320,CaringGecko,0,2024-09-04T04:46:36Z,Day2
Left,UniqueSnail,0,113077148946631328,ThrivingHorse,0,2024-09-04T04:59:02Z,Day2
Left,WonderfulGorilla,0,113076163253257968,BenevolentKangaroo,0,2024-09-04T04:59:27Z,Day2
Left,UniqueSnail,0,113077399591575104,ComposedDolphin,0,2024-09-04T05:00:08Z,Day2
Left,UniqueSnail,0,113077126495289584,ForgivingImpala,0,2024-09-04T05:02:03Z,Day2
Left,AffectionateWolf,0,113075821660403744,HumbleLorikeet,0,2024-09-04T05:08:32Z,Day2
Left,WonderfulGorilla,0,113076168279430672,ArtisticFinch,0,2024-09-04T05:09:52Z,Day2
Left,WonderfulGorilla,0,113076309789017600,CapableCobra,0,2024-09-04T05:10:17Z,Day2
Left,WonderfulGorilla,0,113076258613563472,ArtisticFinch,0,2024-09-04T05:10:19Z,Day2
Left,WonderfulGorilla,0,113076364212438320,AdmirableFlamingo,0,2024-09-04T05:10:37Z,Day2
Left,WonderfulGorilla,0,113076377206014352,EncouragingLadybug,0,2024-09-04T05:10:40Z,Day2
Left,WonderfulGorilla,0,113076434700428512,PassionateCondor,0,2024-09-04T05:10:46Z,Day2
Left,WonderfulGorilla,0,113076445449790320,CalmUnicorn,0,2024-09-04T05:10:48Z,Day2
Left,WonderfulGorilla,0,113076472044916528,SweetGazelle,0,2024-09-04T05:10:57Z,Day2
Left,InnovativeOcelot,0,113075607785089376,LightheartedWoodpecker,0,2024-09-04T05:13:49Z,Day2
Left,InnovativeOcelot,0,113075792019377536,DazzlingLamb,0,2024-09-04T05:14:11Z,Day2
Left,InnovativeOcelot,0,113075575093708368,IdealEel,0,2024-09-04T05:16:10Z,Day2
Left,WonderfulGorilla,0,113077023359935728,UniqueSnail,0,2024-09-04T05:16:36Z,Day2
Left,UniqueSnail,0,113076504144910864,MagnificentPig,0,2024-09-04T05:16:57Z,Day2
Left,UniqueSnail,0,113076451875209184,PassionateCondor,0,2024-09-04T05:17:02Z,Day2
Left,InnovativeOcelot,0,113075586269226448,CreativeTiger,0,2024-09-04T05:17:21Z,Day2
Left,WonderfulGorilla,0,113076948789198896,CaptivatingGoat,0,2024-09-04T05:17:38Z,Day2
Left,WonderfulGorilla,0,113076781137439200,ThrivingHorse,0,2024-09-04T05:19:12Z,Day2
Left,InnovativeOcelot,0,113075652560266256,AmbitiousManatee,0,2024-09-04T05:19:36Z,Day2
Left,WonderfulGorilla,0,113076854556498912,UnderstandingPossum,0,2024-09-04T05:19:42Z,Day2
Left,WonderfulGorilla,0,113077078339414656,WarmTurkey,0,2024-09-04T05:19:47Z,Day2
Left,WonderfulGorilla,0,113077202568810752,WholesomeHummingbird,0,2024-09-04T05:19:50Z,Day2
Left,AffectionateWolf,0,113077158429628112,ForgivingImpala,0,2024-09-04T05:20:49Z,Day2
Left,WonderfulGorilla,0,113076737271623984,EncouragingLadybug,0,2024-09-04T05:27:01Z,Day2
Left,WonderfulGorilla,0,113076816642901744,MotivatedBandicoot,0,2024-09-04T05:27:06Z,Day2
Left,WonderfulGorilla,0,113077034077458400,UniqueSnail,0,2024-09-04T05:27:22Z,Day2
Left,WonderfulGorilla,0,113076836065164432,UpbeatParrot,0,2024-09-04T05:27:27Z,Day2
Left,WonderfulGorilla,0,113077410021791904,AffectionateWolf,0,2024-09-04T05:27:43Z,Day2
Left,WonderfulGorilla,0,113076657943476976,ThrivingHorse,0,2024-09-04T05:28:11Z,Day2
Left,WonderfulGorilla,0,113076660523410160,QuaintPelican,0,2024-09-04T05:28:13Z,Day2
Left,WonderfulGorilla,0,113076684671972144,CaringGecko,0,2024-09-04T05:28:14Z,Day2
Left,WonderfulGorilla,0,113076694630600272,ThrivingHorse,0,2024-09-04T05:28:16Z,Day2
Left,WonderfulGorilla,0,113076698250443376,CaringGecko,0,2024-09-04T05:28:22Z,Day2
Left,WonderfulGorilla,0,113076745791909552,ConfidentPanther,0,2024-09-04T05:28:25Z,Day2
Left,WonderfulGorilla,0,113076755912067408,ThrivingHorse,0,2024-09-04T05:28:28Z,Day2
Left,WonderfulGorilla,0,113076771318957744,ConfidentPanther,0,2024-09-04T05:28:33Z,Day2
Left,WonderfulGorilla,0,113076787690250048,ThrivingHorse,0,2024-09-04T05:28:34Z,Day2
Left,WonderfulGorilla,0,113076759859961952,EnergeticDragon,0,2024-09-04T05:28:38Z,Day2
Left,WonderfulGorilla,0,113076767084414672,ThrivingHorse,0,2024-09-04T05:28:42Z,Day2
Left,WonderfulGorilla,0,113076778781146720,JoyfulNewt,0,2024-09-04T05:28:43Z,Day2
Left,WonderfulGorilla,0,113076865600462800,HarmoniousCat,0,2024-09-04T05:28:47Z,Day2
Left,WonderfulGorilla,0,113076869707750304,UnderstandingPossum,0,2024-09-04T05:28:50Z,Day2
Left,WonderfulGorilla,0,113077143706694448,UniqueSnail,0,2024-09-04T05:28:53Z,Day2
Left,WonderfulGorilla,0,113077148946631328,ThrivingHorse,0,2024-09-04T05:28:54Z,Day2
Left,WonderfulGorilla,0,113076624933314304,LavishPenguin,0,2024-09-04T05:29:03Z,Day2
Left,WonderfulGorilla,0,113076669932086192,ExcitingTurtle,0,2024-09-04T05:29:05Z,Day2
Left,WonderfulGorilla,0,113076724798063952,ConfidentPanther,0,2024-09-04T05:29:12Z,Day2
Left,WonderfulGorilla,0,113076849038375568,FantasticPython,0,2024-09-04T05:29:16Z,Day2
Left,EncouragingLadybug,0,113077399591575104,ComposedDolphin,0,2024-09-04T05:32:41Z,Day2
Left,WonderfulGorilla,0,113076607569292160,DelightfulEgret,0,2024-09-04T05:33:40Z,Day2
Left,WonderfulGorilla,0,113076614761355472,CompassionateGopher,0,2024-09-04T05:33:45Z,Day2
Left,WonderfulGorilla,0,113076877986572704,UnderstandingPossum,0,2024-09-04T05:33:51Z,Day2
Left,WonderfulGorilla,0,113076704082802848,UpbeatParrot,0,2024-09-04T05:33:57Z,Day2
Left,WonderfulGorilla,0,113076880315300160,UnderstandingPossum,0,2024-09-04T05:34:03Z,Day2
Left,WonderfulGorilla,0,113076773967856768,EnergeticDragon,0,2024-09-04T05:34:05Z,Day2
Left,GloriousJaguar,0,113077399591575104,ComposedDolphin,0,2024-09-04T05:45:49Z,Day2
Left,GloriousJaguar,0,113076948789198896,CaptivatingGoat,0,2024-09-04T05:46:32Z,Day2
Left,GloriousJaguar,0,113076691108824080,FaithfulRhinoceros,0,2024-09-04T05:47:19Z,Day2
Left,WonderfulGorilla,0,113076562899654720,CaringGecko,0,2024-09-04T05:47:27Z,Day2
Left,WonderfulGorilla,0,113076589291599040,SmartGibbon,0,2024-09-04T05:47:42Z,Day2
Left,WonderfulGorilla,0,113076705366692192,CaringGecko,0,2024-09-04T05:47:47Z,Day2
Left,WonderfulGorilla,0,113076571659658256,DelightfulEgret,0,2024-09-04T05:47:49Z,Day2
Left,WonderfulGorilla,0,113076605049153024,CaringGecko,0,2024-09-04T05:47:52Z,Day2
Left,WonderfulGorilla,0,113076742841143216,MotivatedBandicoot,0,2024-09-04T05:47:58Z,Day2
Left,WonderfulGorilla,0,113076869328021152,HarmoniousCat,0,2024-09-04T05:48:01Z,Day2
Left,GloriousJaguar,0,113076516263233024,QuaintPelican,0,2024-09-04T05:48:09Z,Day2
Left,GloriousJaguar,0,113076496626659376,SincereNumbat,0,2024-09-04T05:48:21Z,Day2
Left,GloriousJaguar,0,113076466563240592,AdmirableFlamingo,0,2024-09-04T05:49:43Z,Day2
Left,AffectionateWolf,0,113076541286451664,YearningHare,0,2024-09-04T05:53:19Z,Day2
Left,WonderfulGorilla,0,113076559638351216,YearningHare,0,2024-09-04T05:54:42Z,Day2
Left,WonderfulGorilla,0,113076556166133328,SweetGazelle,0,2024-09-04T05:54:42Z,Day2
Left,WonderfulGorilla,0,113076568191507584,CaringGecko,0,2024-09-04T05:54:50Z,Day2
Left,WonderfulGorilla,0,113076677813928800,ExcitingTurtle,0,2024-09-04T05:54:53Z,Day2
Left,WonderfulGorilla,0,113076718995276048,ConfidentPanther,0,2024-09-04T05:54:55Z,Day2
Left,WonderfulGorilla,0,113076768729400160,ExcitingTurtle,0,2024-09-04T05:54:57Z,Day2
Left,WonderfulGorilla,0,113076874056303920,HarmoniousCat,0,2024-09-04T05:55:03Z,Day2
Left,WonderfulGorilla,0,113076548635782048,TenderWallaby,0,2024-09-04T05:59:20Z,Day2
Left,WonderfulGorilla,0,113076572132803344,EsteemedSquirrel,0,2024-09-04T05:59:21Z,Day2
Left,WonderfulGorilla,0,113076573140470288,QuaintPelican,0,2024-09-04T05:59:23Z,Day2
Left,WonderfulGorilla,0,113076685565685728,ExcitingTurtle,0,2024-09-04T05:59:27Z,Day2
Left,WonderfulGorilla,0,113076516263233024,QuaintPelican,0,2024-09-04T06:00:11Z,Day2
Left,WonderfulGorilla,0,113076518216528416,AdmirableFlamingo,0,2024-09-04T06:00:15Z,Day2
Left,WonderfulGorilla,0,113076451875209184,PassionateCondor,0,2024-09-04T06:01:25Z,Day2
Left,WonderfulGorilla,0,113076504144910864,MagnificentPig,0,2024-09-04T06:01:27Z,Day2
Left,WonderfulGorilla,0,113077583067919552,UniqueSnail,0,2024-09-04T06:01:28Z,Day2
Left,WonderfulGorilla,0,113076413517532256,QuaintPelican,0,2024-09-04T06:05:21Z,Day2
Left,WonderfulGorilla,0,113076397044446224,SweetGazelle,0,2024-09-04T06:07:00Z,Day2
Left,WonderfulGorilla,0,113076076013662448,DevotedNightingale,1,2024-09-04T06:23:36Z,Day2
Left,CreativeTiger,0,113077233254314864,CaringGecko,0,2024-09-04T06:23:46Z,Day2
Left,WonderfulGorilla,0,113076101240018960,ArtisticFinch,0,2024-09-04T06:23:57Z,Day2
Left,WonderfulGorilla,0,113076208286495696,OriginalEchidna,0,2024-09-04T06:24:01Z,Day2
Left,WonderfulGorilla,0,113076023080663840,ExuberantDuck,1,2024-09-04T06:26:55Z,Day2
Left,WonderfulGorilla,0,113076026010106832,ExuberantDuck,1,2024-09-04T06:26:58Z,Day2
Left,WonderfulGorilla,0,113076069587122672,UnderstandingPossum,0,2024-09-04T06:27:09Z,Day2
Left,WonderfulGorilla,0,113076390397371648,UnderstandingPossum,0,2024-09-04T06:27:45Z,Day2
Left,WonderfulGorilla,0,113076898252194416,UnderstandingPossum,0,2024-09-04T06:27:59Z,Day2
Left,WonderfulGorilla,0,113076145873747376,CapableCobra,0,2024-09-04T06:28:11Z,Day2
Left,WonderfulGorilla,0,113076378718131648,AdmirableFlamingo,0,2024-09-04T06:28:14Z,Day2
Left,WonderfulGorilla,0,113077800865115648,VibrantMantis,0,2024-09-04T06:30:03Z,Day2
Left,WonderfulGorilla,0,113075515779006144,VictoriousKoala,0,2024-09-04T06:34:31Z,Day2
Left,WonderfulGorilla,0,113075521957732944,FaithfulRhinoceros,0,2024-09-04T06:34:48Z,Day2
Left,WonderfulGorilla,0,113075584244241440,ExcellentMagpie,0,2024-09-04T06:34:55Z,Day2
Left,WonderfulGorilla,0,113075590435591264,VictoriousKoala,0,2024-09-04T06:35:00Z,Day2
Left,WonderfulGorilla,0,113075590630050752,ConfidentPanther,0,2024-09-04T06:35:11Z,Day2
Left,WonderfulGorilla,0,113078220183334048,DevotedNightingale,1,2024-09-04T08:07:52Z,Day2
Left,WonderfulGorilla,0,113078214531721488,DevotedNightingale,1,2024-09-04T08:07:56Z,Day2
Left,SmartGibbon,0,113078214531721488,DevotedNightingale,1,2024-09-04T08:09:49Z,Day2
Left,WonderfulGorilla,0,113077888723979808,VibrantMantis,0,2024-09-04T08:45:43Z,Day2
Left,WonderfulGorilla,0,113077817560879984,CreativeTiger,0,2024-09-04T08:45:46Z,Day2
Left,WonderfulGorilla,0,113078268189224848,SmartGibbon,0,2024-09-04T08:45:48Z,Day2
Left,HumbleLorikeet,0,113079141835420288,VictoriousKoala,0,2024-09-04T12:01:56Z,Day2
Left,HumbleLorikeet,0,113079135554982080,VictoriousKoala,0,2024-09-04T12:02:00Z,Day2
Left,HumbleLorikeet,0,113079114951377312,CourteousAntelope,0,2024-09-04T12:02:09Z,Day2
Left,EsteemedSquirrel,0,113076792356252192,CaringGecko,0,2024-09-04T12:08:07Z,Day2
Left,EsteemedSquirrel,0,113076674261863040,CaringGecko,0,2024-09-04T12:10:20Z,Day2
Left,EsteemedSquirrel,0,113079214836686704,HumbleLorikeet,0,2024-09-04T12:12:04Z,Day2
Left,WonderfulGorilla,0,113079127477147680,VictoriousKoala,0,2024-09-04T12:19:43Z,Day2
Left,EnthusiasticBee,0,113075682167804304,HarmoniousCat,0,2024-09-04T12:20:37Z,Day2
Left,EnthusiasticBee,0,113075720319813072,DazzlingLamb,0,2024-09-04T12:21:08Z,Day2
Left,EnthusiasticBee,0,113075742918429968,RespectfulOwl,0,2024-09-04T12:21:12Z,Day2
Left,EnthusiasticBee,0,113075857175993120,GentleCrow,0,2024-09-04T12:21:15Z,Day2
Left,WonderfulGorilla,0,113079171785654240,EsteemedSquirrel,0,2024-09-04T12:23:10Z,Day2
Left,WonderfulGorilla,0,113079129175497504,DevotedNightingale,1,2024-09-04T12:23:12Z,Day2
Left,SincereNumbat,0,113077713189209040,GloriousJaguar,0,2024-09-04T12:32:21Z,Day2
Left,SincereNumbat,0,113079160427628832,DevotedNightingale,1,2024-09-04T12:42:34Z,Day2
Left,SincereNumbat,0,113079154194549568,DevotedNightingale,1,2024-09-04T12:42:55Z,Day2
Left,SincereNumbat,0,113078670296418512,HumbleLorikeet,0,2024-09-04T12:43:21Z,Day2
Left,ConfidentPanther,0,113077648152497600,WonderfulGorilla,0,2024-09-04T12:44:21Z,Day2
Left,WonderfulGorilla,0,113078670296418512,HumbleLorikeet,0,2024-09-04T12:45:49Z,Day2
Left,WonderfulGorilla,0,113079114951377312,CourteousAntelope,0,2024-09-04T12:45:54Z,Day2
Left,WonderfulGorilla,0,113078637943797120,HumbleLorikeet,0,2024-09-04T12:45:56Z,Day2
Left,WonderfulGorilla,0,113079135554982080,VictoriousKoala,0,2024-09-04T12:46:02Z,Day2
Left,WonderfulGorilla,0,113079343641039616,OriginalEchidna,0,2024-09-04T12:46:05Z,Day2
Left,WonderfulGorilla,0,113079177889891888,EsteemedSquirrel,0,2024-09-04T12:46:09Z,Day2
Left,SincereNumbat,0,113077454440408880,AffectionateWolf,0,2024-09-04T12:47:49Z,Day2
Left,SincereNumbat,0,113077399591575104,ComposedDolphin,0,2024-09-04T12:48:19Z,Day2
Left,ConfidentPanther,0,113077399591575104,ComposedDolphin,0,2024-09-04T12:52:39Z,Day2
Left,ConfidentPanther,0,113078670296418512,HumbleLorikeet,0,2024-09-04T12:59:16Z,Day2
Left,ConfidentPanther,0,113079127477147680,VictoriousKoala,0,2024-09-04T12:59:24Z,Day2
Left,ConfidentPanther,0,113079154194549568,DevotedNightingale,1,2024-09-04T13:02:51Z,Day2
Left,ConfidentPanther,0,113079253933091776,EsteemedSquirrel,0,2024-09-04T13:03:12Z,Day2
Left,ConfidentPanther,0,113079272870206992,VictoriousKoala,0,2024-09-04T13:03:31Z,Day2
Left,WonderfulGorilla,0,113079190758830384,VictoriousKoala,0,2024-09-04T13:06:16Z,Day2
Left,WonderfulGorilla,0,113077862921938016,CreativeTiger,0,2024-09-04T13:10:08Z,Day2
Left,WonderfulGorilla,0,113079122593632560,CourteousAntelope,0,2024-09-04T13:10:41Z,Day2
Left,SincereNumbat,0,113079424821540928,ConfidentPanther,0,2024-09-04T13:13:02Z,Day2
Left,SincereNumbat,0,113079401655722384,CompassionateGopher,0,2024-09-04T13:13:03Z,Day2
Left,ThrivingHorse,0,113078628446150352,HumbleLorikeet,0,2024-09-04T13:17:12Z,Day2
Left,SincereNumbat,0,113079366283044320,SincereNumbat,0,2024-09-04T13:21:47Z,Day2
Left,SincereNumbat,0,113079127477147680,VictoriousKoala,0,2024-09-04T13:22:10Z,Day2
Left,CompassionateGopher,0,113079366283044320,SincereNumbat,0,2024-09-04T13:23:04Z,Day2
Left,CleverJellyfish,0,113077158429628112,ForgivingImpala,0,2024-09-04T13:41:26Z,Day2
Left,WholesomeHummingbird,0,113078429261050816,CourteousAntelope,0,2024-09-04T13:44:04Z,Day2
Left,CleverJellyfish,0,113076542586699088,DelightfulEgret,0,2024-09-04T13:44:17Z,Day2
Left,CleverJellyfish,0,113076607569292160,DelightfulEgret,0,2024-09-04T13:46:41Z,Day2
Left,WonderfulGorilla,0,113079500034673760,ThrivingHorse,0,2024-09-04T13:48:07Z,Day2
Left,WonderfulGorilla,0,113079522380506624,CleverJellyfish,0,2024-09-04T13:49:37Z,Day2
Left,WonderfulGorilla,0,113079563874657024,ConfidentPanther,0,2024-09-04T13:49:43Z,Day2
Left,WonderfulGorilla,0,113079528094478000,KindDeer,0,2024-09-04T13:50:04Z,Day2
Left,BrightCamel,0,113079160427628832,DevotedNightingale,1,2024-09-04T13:55:33Z,Day2
Left,WonderfulGorilla,0,113079574831891280,BrightCamel,0,2024-09-04T13:57:46Z,Day2
Left,WonderfulGorilla,0,113079154194549568,DevotedNightingale,1,2024-09-04T13:58:16Z,Day2
Left,WonderfulGorilla,0,113079160427628832,DevotedNightingale,1,2024-09-04T13:58:43Z,Day2
Left,WonderfulGorilla,0,113079249275740128,VictoriousKoala,0,2024-09-04T13:58:45Z,Day2
Left,WonderfulGorilla,0,113079338205131264,SincereNumbat,0,2024-09-04T13:58:47Z,Day2
Left,WonderfulGorilla,0,113079166318717024,EsteemedSquirrel,0,2024-09-04T13:58:58Z,Day2
Left,WonderfulGorilla,0,113079638778650512,ConfidentPanther,0,2024-09-04T13:59:49Z,Day2
Left,BrightCamel,0,113076826684532880,ConfidentPanther,0,2024-09-04T14:02:44Z,Day2
Left,SincereNumbat,0,113079631866915664,WonderfulGorilla,0,2024-09-04T14:09:56Z,Day2
Left,ConfidentPanther,0,113079684156163088,WonderfulGorilla,0,2024-09-04T14:11:26Z,Day2
Left,WonderfulGorilla,0,113079366283044320,SincereNumbat,0,2024-09-04T14:16:32Z,Day2
Left,WonderfulGorilla,0,113079401655722384,CompassionateGopher,0,2024-09-04T14:16:35Z,Day2
Left,WonderfulGorilla,0,113079405143152912,SincereNumbat,0,2024-09-04T14:16:38Z,Day2
Left,WonderfulGorilla,0,113079409632022224,SincereNumbat,0,2024-09-04T14:16:46Z,Day2
Left,WonderfulGorilla,0,113079424821540928,ConfidentPanther,0,2024-09-04T14:16:49Z,Day2
Left,SincereNumbat,0,113079425190552192,WonderfulGorilla,0,2024-09-04T14:17:41Z,Day2
Left,WonderfulGorilla,0,113079713793306592,ExuberantDuck,1,2024-09-04T14:19:51Z,Day2
Left,WonderfulGorilla,0,113079718423072624,ExuberantDuck,1,2024-09-04T14:19:54Z,Day2
Left,WonderfulGorilla,0,113079665949567584,BrightCamel,0,2024-09-04T14:21:08Z,Day2
Left,WonderfulGorilla,0,113079672677472112,ThrivingHorse,0,2024-09-04T14:21:28Z,Day2
Left,WonderfulGorilla,0,113079468684661696,ThrivingHorse,0,2024-09-04T14:29:41Z,Day2
Left,WonderfulGorilla,0,113079495101174320,ConfidentPanther,0,2024-09-04T14:29:53Z,Day2
Left,YoungHawk,0,113079728033051488,ExuberantDuck,1,2024-09-04T15:20:05Z,Day2
Left,YoungHawk,0,113079366283044320,SincereNumbat,0,2024-09-04T15:26:29Z,Day2
Left,YoungHawk,0,113077888723979808,VibrantMantis,0,2024-09-04T15:32:22Z,Day2
Left,UnderstandingPossum,0,113077104632237280,WholesomeHummingbird,0,2024-09-04T16:11:21Z,Day2
Left,UnderstandingPossum,0,113077036068487200,ThrivingHorse,0,2024-09-04T16:13:03Z,Day2
Left,SincereNumbat,0,113080217209624752,FantasticPython,0,2024-09-04T16:28:05Z,Day2
Left,DelightfulEgret,0,113077690999936288,WonderfulGorilla,0,2024-09-04T16:30:21Z,Day2
Left,DelightfulEgret,0,113076705366692192,CaringGecko,0,2024-09-04T16:31:59Z,Day2
Left,DelightfulEgret,0,113079574831891280,BrightCamel,0,2024-09-04T16:36:46Z,Day2
Left,DelightfulEgret,0,113079522380506624,CleverJellyfish,0,2024-09-04T16:36:56Z,Day2
Left,DelightfulEgret,0,113078637943797120,HumbleLorikeet,0,2024-09-04T16:37:42Z,Day2
Left,AffectionateWolf,0,113077846835078400,VibrantMantis,0,2024-09-04T16:42:47Z,Day2
Left,HumbleLorikeet,0,113079716650932752,FaithfulRhinoceros,0,2024-09-04T16:43:03Z,Day2
Left,HumbleLorikeet,0,113079430902665856,ThrivingHorse,0,2024-09-04T16:43:11Z,Day2
Left,HumbleLorikeet,0,113080263617534992,DelightfulEgret,0,2024-09-04T16:43:17Z,Day2
Left,DelightfulEgret,0,113080159116396352,DeterminedSeahorse,0,2024-09-04T16:44:31Z,Day2
Left,CapableCobra,0,113080196842127872,FantasticPython,0,2024-09-04T16:46:07Z,Day2
Left,DelightfulEgret,0,113080298330370816,CapableCobra,0,2024-09-04T16:47:28Z,Day2
Left,DelightfulEgret,0,113080327888303648,ConfidentPanther,0,2024-09-04T16:58:53Z,Day2
Left,DelightfulEgret,0,113080293547836992,SympatheticQuokka,0,2024-09-04T17:01:34Z,Day2
Left,DelightfulEgret,0,113080372214785968,AffectionateWolf,0,2024-09-04T17:06:02Z,Day2
Left,AffectionateWolf,0,113080385117832528,FantasticPython,0,2024-09-04T17:09:15Z,Day2
Left,CapableCobra,0,113080354343400192,DelightfulEgret,0,2024-09-04T17:09:48Z,Day2
Left,SincereNumbat,0,113080372214785968,AffectionateWolf,0,2024-09-04T17:12:49Z,Day2
Left,SincereNumbat,0,113080293547836992,SympatheticQuokka,0,2024-09-04T17:12:51Z,Day2
Left,GracefulPorcupine,0,113076154054274320,MagnificentPig,0,2024-09-04T17:16:33Z,Day2
Left,AmbitiousManatee,0,113077614316574464,InnovativeOcelot,0,2024-09-04T17:24:42Z,Day2
Left,SympatheticQuokka,0,113077158429628112,ForgivingImpala,0,2024-09-04T17:25:31Z,Day2
Left,SympatheticQuokka,0,113076969670063072,CaptivatingGoat,0,2024-09-04T17:26:04Z,Day2
Left,AmbitiousManatee,0,113080251303364496,DelightfulEgret,0,2024-09-04T17:27:30Z,Day2
Left,SympatheticQuokka,0,113079366283044320,SincereNumbat,0,2024-09-04T17:27:47Z,Day2
Left,DelightfulEgret,0,113080460768814528,AmbitiousManatee,0,2024-09-04T17:30:08Z,Day2
Left,DelightfulEgret,0,113080422061758960,HumbleLorikeet,0,2024-09-04T17:30:17Z,Day2
Left,DelightfulEgret,0,113080465272096560,MerryToucan,0,2024-09-04T17:30:58Z,Day2
Left,CreativeTiger,0,113077888723979808,VibrantMantis,0,2024-09-04T17:37:55Z,Day2
Left,MerryToucan,0,113077129207694144,WholesomeHummingbird,0,2024-09-04T17:38:28Z,Day2
Left,HumbleLorikeet,0,113080507777038800,MerryToucan,0,2024-09-04T17:40:19Z,Day2
Left,MerryToucan,0,113080509721921680,JoyousFirefly,0,2024-09-04T17:41:02Z,Day2
Left,MerryToucan,0,113076778402844608,MotivatedBandicoot,0,2024-09-04T17:42:49Z,Day2
Left,AmbitiousManatee,0,113079349518522960,VictoriousKoala,0,2024-09-04T17:44:04Z,Day2
Left,MerryToucan,0,113080514607891856,JoyousFirefly,0,2024-09-04T17:45:28Z,Day2
Left,AmbitiousManatee,0,113079160427628832,DevotedNightingale,1,2024-09-04T17:45:30Z,Day2
Left,AmbitiousManatee,0,113079127477147680,VictoriousKoala,0,2024-09-04T17:46:06Z,Day2
Left,AmbitiousManatee,0,113078637943797120,HumbleLorikeet,0,2024-09-04T17:46:40Z,Day2
Left,AmbitiousManatee,0,113078628446150352,HumbleLorikeet,0,2024-09-04T17:46:47Z,Day2
Left,MerryToucan,0,113080538483376528,GenuineIguana,0,2024-09-04T17:48:39Z,Day2
Left,DelightfulEgret,0,113080538483376528,GenuineIguana,0,2024-09-04T17:53:19Z,Day2
Left,DelightfulEgret,0,113080560763848960,NeatChicken,0,2024-09-04T17:54:21Z,Day2
Left,CreativeTiger,0,113080497788004752,AmbitiousManatee,0,2024-09-04T18:00:08Z,Day2
Left,CreativeTiger,0,113080560763848960,NeatChicken,0,2024-09-04T18:03:27Z,Day2
Left,CreativeTiger,0,113080599678403312,CheerfulJackal,0,2024-09-04T18:05:05Z,Day2
Left,CreativeTiger,0,113080574317587728,HumbleLorikeet,0,2024-09-04T18:05:12Z,Day2
Left,ImaginativeWolverine,0,113077509266575744,WonderfulGorilla,0,2024-09-04T18:05:12Z,Day2
Left,CreativeTiger,0,113080606798983120,AmiableTortoise,0,2024-09-04T18:07:59Z,Day2
Left,CreativeTiger,0,113080608161750912,PassionateCondor,0,2024-09-04T18:08:00Z,Day2
Left,AmiableTortoise,0,113079891973308048,ConfidentPanther,0,2024-09-04T18:08:29Z,Day2
Left,WonderfulGorilla,0,113080143710917152,WarmTurkey,0,2024-09-04T18:14:19Z,Day2
Left,WonderfulGorilla,0,113080064488972496,VictoriousKoala,0,2024-09-04T18:14:20Z,Day2
Left,StrongDog,0,113080293547836992,SympatheticQuokka,0,2024-09-04T18:14:31Z,Day2
Left,WonderfulGorilla,0,113080237556723984,DelightfulEgret,0,2024-09-04T18:14:32Z,Day2
Left,CreativeTiger,0,113080632832409952,VibrantMantis,0,2024-09-04T18:16:15Z,Day2
Left,DelightfulEgret,0,113080643050234016,PassionateCondor,0,2024-09-04T18:16:20Z,Day2
Left,AmiableTortoise,0,113080538483376528,GenuineIguana,0,2024-09-04T18:16:36Z,Day2
Left,SympatheticQuokka,0,113080643050234016,PassionateCondor,0,2024-09-04T18:17:08Z,Day2
Left,HumbleLorikeet,0,113080643050234016,PassionateCondor,0,2024-09-04T18:17:18Z,Day2
Left,CompassionateGopher,0,113080644374658736,FantasticPython,0,2024-09-04T18:19:05Z,Day2
Left,MerryToucan,0,113080675875011008,VirtuousMeerkat,0,2024-09-04T18:24:04Z,Day2
Left,MerryToucan,0,113080626642733744,StrongDog,0,2024-09-04T18:24:25Z,Day2
Left,MerryToucan,0,113080560763848960,NeatChicken,0,2024-09-04T18:24:36Z,Day2
Left,MerryToucan,0,113080549406379440,CreativeTiger,0,2024-09-04T18:24:42Z,Day2
Left,AmbitiousManatee,0,113080585594475056,CreativeTiger,0,2024-09-04T18:24:51Z,Day2
Left,MerryToucan,0,113080681004302352,VirtuousMeerkat,0,2024-09-04T18:25:04Z,Day2
Left,MerryToucan,0,113080686919647696,VirtuousMeerkat,0,2024-09-04T18:27:14Z,Day2
Left,AmbitiousManatee,0,113080549406379440,CreativeTiger,0,2024-09-04T18:29:33Z,Day2
Left,StrongDog,0,113076674261863040,CaringGecko,0,2024-09-04T18:32:45Z,Day2
Left,CompassionateGopher,0,113080717152878128,MerryToucan,0,2024-09-04T18:35:52Z,Day2
Left,StrongDog,0,113076562899654720,CaringGecko,0,2024-09-04T18:36:25Z,Day2
Left,WonderfulGorilla,0,113080372214785968,AffectionateWolf,0,2024-09-04T18:38:49Z,Day2
Left,WonderfulGorilla,0,113080385117832528,FantasticPython,0,2024-09-04T18:38:52Z,Day2
Left,AffectionateWolf,0,113080737693949152,WonderfulGorilla,0,2024-09-04T18:38:54Z,Day2
Left,WonderfulGorilla,0,113080722505829600,AmbitiousManatee,0,2024-09-04T18:39:19Z,Day2
Left,WonderfulGorilla,0,113080725930905232,MerryToucan,0,2024-09-04T18:39:21Z,Day2
Left,WonderfulGorilla,0,113080717152878128,MerryToucan,0,2024-09-04T18:39:23Z,Day2
Left,WonderfulGorilla,0,113080051393775264,ImpressivePanda,0,2024-09-04T18:41:52Z,Day2
Left,WonderfulGorilla,0,113080062303659616,SincereNumbat,0,2024-09-04T18:41:55Z,Day2
Left,WonderfulGorilla,0,113080156935468000,FantasticPython,0,2024-09-04T18:41:57Z,Day2
Left,WonderfulGorilla,0,113080656165243552,StrongDog,0,2024-09-04T18:41:58Z,Day2
Left,DazzlingLamb,0,113080634120507440,ThrivingHorse,0,2024-09-04T18:49:57Z,Day2
Left,AmiableTortoise,0,113080722505829600,AmbitiousManatee,0,2024-09-04T18:51:18Z,Day2
Left,NeatChicken,0,113080717152878128,MerryToucan,0,2024-09-04T18:51:38Z,Day2
Left,NeatChicken,0,113080598850867872,CreativeTiger,0,2024-09-04T18:52:00Z,Day2
Left,NeatChicken,0,113080604243616400,PassionateCondor,0,2024-09-04T18:52:02Z,Day2
Left,WonderfulGorilla,0,113080160007009616,FantasticPython,0,2024-09-04T18:57:38Z,Day2
Left,WonderfulGorilla,0,113080172740012768,UnderstandingPossum,0,2024-09-04T18:57:40Z,Day2
Left,WonderfulGorilla,0,113080184050570720,CapableCobra,0,2024-09-04T18:57:42Z,Day2
Left,WonderfulGorilla,0,113080196842127872,FantasticPython,0,2024-09-04T18:57:43Z,Day2
Left,WonderfulGorilla,0,113080227130503616,SincereNumbat,0,2024-09-04T18:57:45Z,Day2
Left,NeatChicken,0,113080632832409952,VibrantMantis,0,2024-09-04T19:02:05Z,Day2
Left,NeatChicken,0,113078628446150352,HumbleLorikeet,0,2024-09-04T19:06:25Z,Day2
Left,EsteemedSquirrel,0,113080560763848960,NeatChicken,0,2024-09-04T19:15:56Z,Day2
Left,NeatChicken,0,113080927215834528,ZenBat,0,2024-09-04T19:35:55Z,Day2
Left,CreativeTiger,0,113080866273305136,KindDeer,0,2024-09-04T19:43:05Z,Day2
Left,CreativeTiger,0,113080892092985392,EsteemedSquirrel,0,2024-09-04T19:43:07Z,Day2
Left,DelightfulEgret,0,113080704498179824,FantasticPython,0,2024-09-04T19:55:19Z,Day2
Left,DelightfulEgret,0,113080680396370384,WonderfulGorilla,0,2024-09-04T19:55:29Z,Day2
Left,WonderfulGorilla,0,113080954979534640,JoyfulNewt,0,2024-09-04T19:55:50Z,Day2
Left,WonderfulGorilla,0,113080976150712144,CompassionateGopher,0,2024-09-04T19:55:56Z,Day2
Left,WonderfulGorilla,0,113080988769393120,JoyfulNewt,0,2024-09-04T19:55:58Z,Day2
Left,WonderfulGorilla,0,113081012709897120,CheerfulJackal,0,2024-09-04T19:56:07Z,Day2
Left,ExcitingTurtle,0,113080954979534640,JoyfulNewt,0,2024-09-04T19:59:09Z,Day2
Left,AmbitiousManatee,0,113080725930905232,MerryToucan,0,2024-09-04T19:59:40Z,Day2
Left,AmbitiousManatee,0,113080973438525792,TrustworthyAlligator,0,2024-09-04T19:59:59Z,Day2
Left,AmbitiousManatee,0,113080954979534640,JoyfulNewt,0,2024-09-04T20:00:03Z,Day2
Left,AmbitiousManatee,0,113080915518730624,KindDeer,0,2024-09-04T20:00:36Z,Day2
Left,AmbitiousManatee,0,113080634120507440,ThrivingHorse,0,2024-09-04T20:01:22Z,Day2
Left,QuickOstrich,0,113081003465996368,NotableEmu,0,2024-09-04T20:01:47Z,Day2
Left,Admin,NA,113080466459743152,MerryToucan,0,2024-09-04T20:03:46Z,Day2
Left,DelightfulEgret,0,113081093384465616,ExuberantDuck,1,2024-09-04T20:09:16Z,Day2
Left,DelightfulEgret,0,113081067471634096,ExcitingTurtle,0,2024-09-04T20:09:23Z,Day2
Left,ExcitingTurtle,0,113081116837571184,JoyfulNewt,0,2024-09-04T20:16:01Z,Day2
Left,ExcitingTurtle,0,113081083086828528,EncouragingLadybug,0,2024-09-04T20:16:06Z,Day2
Left,SympatheticQuokka,0,113080927215834528,ZenBat,0,2024-09-04T20:17:00Z,Day2
Left,SincereNumbat,0,113081118201105024,ExuberantDuck,1,2024-09-04T20:19:44Z,Day2
Left,ExcitingTurtle,0,113080717152878128,MerryToucan,0,2024-09-04T20:19:59Z,Day2
Left,SympatheticQuokka,0,113076948789198896,CaptivatingGoat,0,2024-09-04T20:24:20Z,Day2
Left,SympatheticQuokka,0,113076826684532880,ConfidentPanther,0,2024-09-04T20:24:41Z,Day2
Left,SympatheticQuokka,0,113076792356252192,CaringGecko,0,2024-09-04T20:24:49Z,Day2
Left,SympatheticQuokka,0,113076737271623984,EncouragingLadybug,0,2024-09-04T20:25:42Z,Day2
Left,ExcitingTurtle,0,113081145804578688,DevotedNightingale,1,2024-09-04T20:28:14Z,Day2
Left,SympatheticQuokka,0,113076516263233024,QuaintPelican,0,2024-09-04T20:28:23Z,Day2
Left,ExcitingTurtle,0,113081156053035424,DevotedNightingale,1,2024-09-04T20:28:30Z,Day2
Left,SympatheticQuokka,0,113076496626659376,SincereNumbat,0,2024-09-04T20:28:33Z,Day2
Left,ExcitingTurtle,0,113081165152284976,JoyousFirefly,0,2024-09-04T20:29:08Z,Day2
Left,UnderstandingPossum,0,113076938346771680,WiseKingfisher,0,2024-09-04T20:29:09Z,Day2
Left,UnderstandingPossum,0,113081145804578688,DevotedNightingale,1,2024-09-04T20:30:27Z,Day2
Left,UnderstandingPossum,0,113081156053035424,DevotedNightingale,1,2024-09-04T20:30:28Z,Day2
Left,UnderstandingPossum,0,113081160488210192,JoyousFirefly,0,2024-09-04T20:30:29Z,Day2
Left,UnderstandingPossum,0,113081167399960464,ExcitingTurtle,0,2024-09-04T20:30:31Z,Day2
Left,UnderstandingPossum,0,113081093384465616,ExuberantDuck,1,2024-09-04T20:30:58Z,Day2
Left,UnderstandingPossum,0,113081140528818144,SincereNumbat,0,2024-09-04T20:31:06Z,Day2
Left,ExcitingTurtle,0,113080599678403312,CheerfulJackal,0,2024-09-04T20:32:44Z,Day2
Left,InnovativeOcelot,0,113076988416387616,CaptivatingGoat,0,2024-09-04T20:33:05Z,Day2
Left,SympatheticQuokka,0,113076395053402048,EagerYak,1,2024-09-04T20:34:15Z,Day2
Left,ConfidentPanther,0,113081077087912528,AmbitiousManatee,0,2024-09-04T20:34:47Z,Day2
Left,ConfidentPanther,0,113080633240959520,PassionateCondor,0,2024-09-04T20:34:59Z,Day2
Left,ConfidentPanther,0,113080881526194464,EsteemedSquirrel,0,2024-09-04T20:35:00Z,Day2
Left,ExcitingTurtle,0,113079168705795024,VictoriousKoala,0,2024-09-04T20:37:33Z,Day2
Left,ExcitingTurtle,0,113079253933091776,EsteemedSquirrel,0,2024-09-04T20:37:47Z,Day2
Left,UnderstandingPossum,0,113080686919647696,VirtuousMeerkat,0,2024-09-04T20:37:56Z,Day2
Left,UnderstandingPossum,0,113080685009112384,MerryToucan,0,2024-09-04T20:37:58Z,Day2
Left,UnderstandingPossum,0,113080681004302352,VirtuousMeerkat,0,2024-09-04T20:37:59Z,Day2
Left,ExcitingTurtle,0,113080930705201936,EsteemedSquirrel,0,2024-09-04T20:38:11Z,Day2
Left,ExcitingTurtle,0,113080398399101520,CompassionateGopher,0,2024-09-04T20:38:18Z,Day2
Left,ConfidentPanther,0,113080643050234016,PassionateCondor,0,2024-09-04T20:41:23Z,Day2
Left,ExcitingTurtle,0,113080469824651760,AmbitiousManatee,0,2024-09-04T20:42:20Z,Day2
Left,MerryToucan,0,113081145079398512,ExcitingTurtle,0,2024-09-04T20:42:21Z,Day2
Left,ExcitingTurtle,0,113077129207694144,WholesomeHummingbird,0,2024-09-04T20:43:58Z,Day2
Left,ExcitingTurtle,0,113077233254314864,CaringGecko,0,2024-09-04T20:44:12Z,Day2
Left,ExcitingTurtle,0,113081224283190432,MerryToucan,0,2024-09-04T20:46:18Z,Day2
Left,ExcitingTurtle,0,113079412574509280,ConfidentPanther,0,2024-09-04T20:49:03Z,Day2
Left,ExcitingTurtle,0,113079129175497504,DevotedNightingale,1,2024-09-04T20:49:17Z,Day2
Left,ConfidentPanther,0,113080944834263056,VibrantMantis,0,2024-09-04T20:50:47Z,Day2
Left,CalmUnicorn,0,113081094236045136,ExcitingTurtle,0,2024-09-04T20:50:54Z,Day2
Left,CalmUnicorn,0,113081093384465616,ExuberantDuck,1,2024-09-04T20:51:03Z,Day2
Left,ExcitingTurtle,0,113081258445849760,MerryToucan,0,2024-09-04T20:52:06Z,Day2
Left,ExcitingTurtle,0,113081257075209728,CalmUnicorn,0,2024-09-04T20:52:10Z,Day2
Left,CalmUnicorn,0,113080973438525792,TrustworthyAlligator,0,2024-09-04T20:52:10Z,Day2
Left,ConfidentPanther,0,113081122885663008,JoyfulNewt,0,2024-09-04T20:56:04Z,Day2
Left,ConfidentPanther,0,113081118201105024,ExuberantDuck,1,2024-09-04T20:56:07Z,Day2
Left,CalmUnicorn,0,113080643050234016,PassionateCondor,0,2024-09-04T20:58:05Z,Day2
Left,CalmUnicorn,0,113080560763848960,NeatChicken,0,2024-09-04T20:58:39Z,Day2
Left,QuaintPelican,0,113079129175497504,DevotedNightingale,1,2024-09-04T21:01:57Z,Day2
Left,QuaintPelican,0,113079127477147680,VictoriousKoala,0,2024-09-04T21:01:59Z,Day2
Left,SmartGibbon,0,113080909859703952,AffectionateWolf,0,2024-09-04T21:03:10Z,Day2
Left,SmartGibbon,0,113080644711157664,CreativeTiger,0,2024-09-04T21:03:42Z,Day2
Left,SmartGibbon,0,113080616722063696,AffectionateWolf,0,2024-09-04T21:05:33Z,Day2
Left,SmartGibbon,0,113080860626427376,KindDeer,0,2024-09-04T21:05:39Z,Day2
Left,SereneHyena,0,113081167399960464,ExcitingTurtle,0,2024-09-04T21:07:40Z,Day2
Left,SereneHyena,0,113079135554982080,VictoriousKoala,0,2024-09-04T21:08:49Z,Day2
Left,SereneHyena,0,113076322802376704,CheerfulJackal,0,2024-09-04T21:10:22Z,Day2
Left,SereneHyena,0,113076162164211392,PlayfulElk,1,2024-09-04T21:10:53Z,Day2
Left,WarmTurkey,0,113081290174093024,SmartGibbon,0,2024-09-04T21:12:34Z,Day2
Left,CalmUnicorn,0,113077399591575104,ComposedDolphin,0,2024-09-04T21:12:47Z,Day2
Left,CalmUnicorn,0,113077225794600336,CaringGecko,0,2024-09-04T21:13:32Z,Day2
Left,QuaintPelican,0,113081303435098432,SereneHyena,0,2024-09-04T21:23:51Z,Day2
Left,QuaintPelican,0,113081291994682816,SereneHyena,0,2024-09-04T21:23:51Z,Day2
Left,QuickOstrich,0,113081386059437056,EncouragingLadybug,0,2024-09-04T21:24:01Z,Day2
Left,QuaintPelican,0,113081156053035424,DevotedNightingale,1,2024-09-04T21:27:21Z,Day2
Left,QuaintPelican,0,113080681004302352,VirtuousMeerkat,0,2024-09-04T21:28:38Z,Day2
Left,QuaintPelican,0,113080670080976704,VirtuousMeerkat,0,2024-09-04T21:28:44Z,Day2
Left,QuaintPelican,0,113081145804578688,DevotedNightingale,1,2024-09-04T21:30:37Z,Day2
Left,QuaintPelican,0,113081412496817616,HarmoniousCat,0,2024-09-04T21:31:03Z,Day2
Left,QuaintPelican,0,113077780387300416,WonderfulGorilla,0,2024-09-04T21:31:15Z,Day2
Left,QuaintPelican,0,113081416431632336,SereneHyena,0,2024-09-04T21:31:45Z,Day2
Left,ExcitingTurtle,0,113081427892514992,HarmoniousCat,0,2024-09-04T21:36:03Z,Day2
Left,ExcitingTurtle,0,113081362307577616,DazzlingLamb,0,2024-09-04T21:36:13Z,Day2
Left,ExcitingTurtle,0,113081340636186896,SupportiveHeron,0,2024-09-04T21:36:31Z,Day2
Left,ExcitingTurtle,0,113081293145815040,FantasticPython,0,2024-09-04T21:36:39Z,Day2
Left,ExcitingTurtle,0,113081280671689344,EloquentOrangutan,0,2024-09-04T21:37:01Z,Day2
Left,CapableCobra,0,113081291994682816,SereneHyena,0,2024-09-04T21:40:51Z,Day2
Left,CapableCobra,0,113081156053035424,DevotedNightingale,1,2024-09-04T21:41:31Z,Day2
Left,CapableCobra,0,113080935405119232,QuickOstrich,0,2024-09-04T21:42:51Z,Day2
Left,JoyfulNewt,0,113081449791909072,CapableCobra,0,2024-09-04T21:43:39Z,Day2
Left,CapableCobra,0,113080633240959520,PassionateCondor,0,2024-09-04T21:44:30Z,Day2
Left,CapableCobra,0,113080626642733744,StrongDog,0,2024-09-04T21:44:32Z,Day2
Left,CapableCobra,0,113081465562414480,CheerfulJackal,0,2024-09-04T21:44:41Z,Day2
Left,ExcitingTurtle,0,113081339971177216,DazzlingLamb,0,2024-09-04T21:45:02Z,Day2
Left,ExcitingTurtle,0,113081303435098432,SereneHyena,0,2024-09-04T21:45:21Z,Day2
Left,HarmoniousCat,0,113081471918813088,CaringGecko,0,2024-09-04T21:45:43Z,Day2
Left,ExcitingTurtle,0,113081291994682816,SereneHyena,0,2024-09-04T21:46:55Z,Day2
Left,HarmoniousCat,0,113081479261867056,YouthfulPeacock,0,2024-09-04T21:47:48Z,Day2
Left,HarmoniousCat,0,113080626642733744,StrongDog,0,2024-09-04T21:48:47Z,Day2
Left,ExcitingTurtle,0,113081347974820064,DazzlingLamb,0,2024-09-04T21:50:21Z,Day2
Left,AffectionateWolf,0,113081510433096752,CaringGecko,0,2024-09-04T21:56:36Z,Day2
Left,CapableCobra,0,113081476956355776,YouthfulPeacock,0,2024-09-04T21:58:46Z,Day2
Left,CapableCobra,0,113081521482641520,YouthfulPeacock,0,2024-09-04T21:58:57Z,Day2
Left,LightheartedWoodpecker,0,113081510433096752,CaringGecko,0,2024-09-04T21:59:31Z,Day2
Left,JoyfulNewt,0,113081525262850848,YouthfulPeacock,0,2024-09-04T22:00:24Z,Day2
Left,MarvelousChimpanzee,0,113081510433096752,CaringGecko,0,2024-09-04T22:01:33Z,Day2
Left,CapableCobra,0,113081399839325040,QuaintPelican,0,2024-09-04T22:01:51Z,Day2
Left,CapableCobra,0,113081118201105024,ExuberantDuck,1,2024-09-04T22:01:59Z,Day2
Left,CapableCobra,0,113080973438525792,TrustworthyAlligator,0,2024-09-04T22:02:59Z,Day2
Left,CapableCobra,0,113081055933076544,WonderfulGorilla,0,2024-09-04T22:03:25Z,Day2
Left,CapableCobra,0,113081539390270656,YouthfulPeacock,0,2024-09-04T22:03:46Z,Day2
Left,CapableCobra,0,113081536192731232,ExuberantDuck,1,2024-09-04T22:03:53Z,Day2
Left,CapableCobra,0,113081546057912656,YouthfulPeacock,0,2024-09-04T22:04:30Z,Day2
Left,AmbitiousManatee,0,113081521482641520,YouthfulPeacock,0,2024-09-04T22:04:42Z,Day2
Left,UnderstandingPossum,0,113081540529533200,CapableCobra,0,2024-09-04T22:04:57Z,Day2
Left,MagnificentPig,0,113081549648776272,DevotedNightingale,1,2024-09-04T22:06:07Z,Day2
Left,UnderstandingPossum,0,113081546057912656,YouthfulPeacock,0,2024-09-04T22:06:11Z,Day2
Left,CapableCobra,0,113081553251325600,UnderstandingPossum,0,2024-09-04T22:06:18Z,Day2
Left,ExcitingTurtle,0,113081549648776272,DevotedNightingale,1,2024-09-04T22:06:23Z,Day2
Left,UnderstandingPossum,0,113081549648776272,DevotedNightingale,1,2024-09-04T22:06:25Z,Day2
Left,WonderfulGorilla,0,113081487200189920,YouthfulPeacock,0,2024-09-04T22:06:40Z,Day2
Left,WonderfulGorilla,0,113081489916163136,YouthfulPeacock,0,2024-09-04T22:06:42Z,Day2
Left,WonderfulGorilla,0,113081491081613520,HumbleLorikeet,0,2024-09-04T22:06:46Z,Day2
Left,UnderstandingPossum,0,113081536192731232,ExuberantDuck,1,2024-09-04T22:06:52Z,Day2
Left,WonderfulGorilla,0,113081494673091200,AmbitiousManatee,0,2024-09-04T22:06:53Z,Day2
Left,WonderfulGorilla,0,113081497472315536,YouthfulPeacock,0,2024-09-04T22:06:54Z,Day2
Left,WonderfulGorilla,0,113081506519973456,AmbitiousManatee,0,2024-09-04T22:07:06Z,Day2
Left,WonderfulGorilla,0,113081537486686784,MarvelousChimpanzee,0,2024-09-04T22:07:18Z,Day2
Left,WonderfulGorilla,0,113081500819974528,AmbitiousManatee,0,2024-09-04T22:07:21Z,Day2
Left,WonderfulGorilla,0,113081504254649648,YouthfulPeacock,0,2024-09-04T22:07:22Z,Day2
Left,WonderfulGorilla,0,113081507331761744,AmbitiousManatee,0,2024-09-04T22:07:25Z,Day2
Left,WonderfulGorilla,0,113081520518510416,JoyfulNewt,0,2024-09-04T22:07:27Z,Day2
Left,WonderfulGorilla,0,113081525262850848,YouthfulPeacock,0,2024-09-04T22:07:30Z,Day2
Left,WonderfulGorilla,0,113081528891782336,CapableCobra,0,2024-09-04T22:07:31Z,Day2
Left,UnderstandingPossum,0,113081526647664944,CapableCobra,0,2024-09-04T22:07:41Z,Day2
Left,UnderstandingPossum,0,113081521482641520,YouthfulPeacock,0,2024-09-04T22:07:45Z,Day2
Left,UnderstandingPossum,0,113081550067814224,HumbleLorikeet,0,2024-09-04T22:11:24Z,Day2
Left,CalmUnicorn,0,113081468894663552,CaringGecko,0,2024-09-04T22:11:25Z,Day2
Left,JoyfulNewt,0,113081577935935472,DevotedNightingale,1,2024-09-04T22:12:46Z,Day2
Left,UnderstandingPossum,0,113081558035937264,YouthfulPeacock,0,2024-09-04T22:13:02Z,Day2
Left,HumbleLorikeet,0,113081577935935472,DevotedNightingale,1,2024-09-04T22:13:20Z,Day2
Left,HumbleLorikeet,0,113081579391059248,UnderstandingPossum,0,2024-09-04T22:13:39Z,Day2
Left,MarvelousChimpanzee,0,113081581376616208,CaringGecko,0,2024-09-04T22:13:49Z,Day2
Left,ExcitingTurtle,0,113081540529533200,CapableCobra,0,2024-09-04T22:14:20Z,Day2
Left,ExcitingTurtle,0,113081539390270656,YouthfulPeacock,0,2024-09-04T22:14:26Z,Day2
Left,MarvelousChimpanzee,0,113081521482641520,YouthfulPeacock,0,2024-09-04T22:15:15Z,Day2
Left,LightheartedWoodpecker,0,113075675938460544,AmbitiousManatee,0,2024-09-04T22:15:32Z,Day2
Left,MagnificentPig,0,113081474802408128,ExuberantDuck,1,2024-09-04T22:15:41Z,Day2
Left,UnderstandingPossum,0,113081581376616208,CaringGecko,0,2024-09-04T22:16:10Z,Day2
Left,MagnificentPig,0,113081468894663552,CaringGecko,0,2024-09-04T22:17:47Z,Day2
Left,Admin,NA,113081616236533232,CaringGecko,0,2024-09-04T22:22:59Z,Day2
Left,ConfidentPanther,0,113081614900839920,UnderstandingPossum,0,2024-09-04T22:23:22Z,Day2
Left,Admin,NA,113081632747413968,CaringGecko,0,2024-09-04T22:26:33Z,Day2
Left,ExcitingTurtle,0,113081614900839920,UnderstandingPossum,0,2024-09-04T22:26:51Z,Day2
Left,ExcitingTurtle,0,113081618798330176,UnderstandingPossum,0,2024-09-04T22:27:10Z,Day2
Left,UnderstandingPossum,0,113081623401817968,ExcitingTurtle,0,2024-09-04T22:31:11Z,Day2
Left,UnderstandingPossum,0,113081631735110144,ExcitingTurtle,0,2024-09-04T22:31:19Z,Day2
Left,UnderstandingPossum,0,113081653176847728,WiseKingfisher,0,2024-09-04T22:32:14Z,Day2
Left,ExcitingTurtle,0,113081639508952608,UnderstandingPossum,0,2024-09-04T22:33:55Z,Day2
Left,ReliableOctopus,0,113081575915797552,MagnificentPig,0,2024-09-04T22:34:00Z,Day2
Left,ExcitingTurtle,0,113081653599573840,UnderstandingPossum,0,2024-09-04T22:34:58Z,Day2
Left,UnderstandingPossum,0,113081673101891552,ExcitingTurtle,0,2024-09-04T22:36:48Z,Day2
Left,JoyfulNewt,0,113081655036124560,HumbleLorikeet,0,2024-09-04T22:38:01Z,Day2
Left,UnderstandingPossum,0,113081656378960688,PlayfulElk,1,2024-09-04T22:38:04Z,Day2
Left,ComposedDolphin,0,113081469443569072,HarmoniousCat,0,2024-09-04T22:38:05Z,Day2
Left,ExcitingTurtle,0,113081678690244208,UnderstandingPossum,0,2024-09-04T22:38:47Z,Day2
Left,ComposedDolphin,0,113081681413737312,ComposedDolphin,0,2024-09-04T22:39:17Z,Day2
Left,CaringGecko,0,113081681413737312,ComposedDolphin,0,2024-09-04T22:39:33Z,Day2
Left,ExcitingTurtle,0,113081683354912480,UnderstandingPossum,0,2024-09-04T22:40:46Z,Day2
Left,HumbleLorikeet,0,113081691159746736,SupportiveHeron,0,2024-09-04T22:42:22Z,Day2
Left,AmazingIbis,0,113081638904206752,CaringGecko,0,2024-09-04T22:42:29Z,Day2
Left,HumbleLorikeet,0,113081711012959136,SupportiveHeron,0,2024-09-04T22:46:36Z,Day2
Left,ExcitingTurtle,0,113081686564946608,AmazingIbis,0,2024-09-04T22:46:50Z,Day2
Left,QualifiedFrog,0,113081718176923984,SunnySalamander,0,2024-09-04T22:49:43Z,Day2
Left,QualifiedFrog,0,113081612223293120,EagerYak,1,2024-09-04T22:50:03Z,Day2
Left,CompassionateGopher,0,113081721388359952,QualifiedFrog,0,2024-09-04T22:51:21Z,Day2
Left,ConfidentPanther,0,113081683354912480,UnderstandingPossum,0,2024-09-04T22:51:46Z,Day2
Left,AmazingIbis,0,113081599348431616,CaringGecko,0,2024-09-04T22:54:04Z,Day2
Left,AmazingIbis,0,113081601286441728,JoyousFirefly,0,2024-09-04T22:54:05Z,Day2
Left,JoyfulNewt,0,113081747787431808,DiligentKiwi,0,2024-09-04T22:56:30Z,Day2
Left,QualifiedFrog,0,113081487200189920,YouthfulPeacock,0,2024-09-04T22:56:46Z,Day2
Left,EncouragingLadybug,0,113081539371786368,WiseKingfisher,0,2024-09-04T22:57:06Z,Day2
Left,DiligentKiwi,0,113081749424868448,MindfulWildebeest,1,2024-09-04T22:57:06Z,Day2
Left,AffectionateWolf,0,113081759799039424,ReliableOctopus,0,2024-09-04T22:59:13Z,Day2
Left,Admin,NA,113081700660621536,CaringGecko,0,2024-09-04T23:01:09Z,Day2
Left,HumbleLorikeet,0,113081767352785440,EncouragingLadybug,0,2024-09-04T23:01:10Z,Day2
Left,HumbleLorikeet,0,113081761830556992,EncouragingLadybug,0,2024-09-04T23:01:40Z,Day2
Left,QuaintPelican,0,113081443854746144,CapableCobra,0,2024-09-04T23:13:26Z,Day2
Left,CaringGecko,0,113081815748286448,JoyfulNewt,0,2024-09-04T23:14:41Z,Day2
Left,QuaintPelican,0,113081749424868448,MindfulWildebeest,1,2024-09-04T23:16:05Z,Day2
Left,QuaintPelican,0,113081721388359952,QualifiedFrog,0,2024-09-04T23:16:28Z,Day2
Left,QuaintPelican,0,113081656378960688,PlayfulElk,1,2024-09-04T23:16:46Z,Day2
Left,QuaintPelican,0,113081601286441728,JoyousFirefly,0,2024-09-04T23:17:08Z,Day2
Left,CaringGecko,0,113081761830556992,EncouragingLadybug,0,2024-09-04T23:17:11Z,Day2
Left,QuaintPelican,0,113081521482641520,YouthfulPeacock,0,2024-09-04T23:17:49Z,Day2
Left,QuaintPelican,0,113081489916163136,YouthfulPeacock,0,2024-09-04T23:17:55Z,Day2
Left,QuaintPelican,0,113081487200189920,YouthfulPeacock,0,2024-09-04T23:18:03Z,Day2
Left,CompassionateGopher,0,113081761830556992,EncouragingLadybug,0,2024-09-04T23:20:09Z,Day2
Left,ArtisticFinch,0,113081766951702000,EagerYak,1,2024-09-04T23:25:20Z,Day2
Left,WarmTurkey,0,113081767352785440,EncouragingLadybug,0,2024-09-04T23:25:23Z,Day2
Left,AdmirableFlamingo,0,113081802385584544,ReliableOctopus,0,2024-09-04T23:28:29Z,Day2
Left,AdmirableFlamingo,0,113081767352785440,EncouragingLadybug,0,2024-09-04T23:29:19Z,Day2
Left,AdmirableFlamingo,0,113081683354912480,UnderstandingPossum,0,2024-09-04T23:31:08Z,Day2
Left,DazzlingLamb,0,113081858761669760,CaringGecko,0,2024-09-04T23:35:51Z,Day2
Left,ConfidentPanther,0,113081901073361760,GleefulDingo,1,2024-09-04T23:35:55Z,Day2
Left,DazzlingLamb,0,113081638904206752,CaringGecko,0,2024-09-04T23:37:16Z,Day2
Left,QuaintPelican,0,113081469443569072,HarmoniousCat,0,2024-09-04T23:37:19Z,Day2
Left,Admin,NA,113081846456793600,CaringGecko,0,2024-09-04T23:37:26Z,Day2
Left,ExcitingTurtle,0,113081858761669760,CaringGecko,0,2024-09-04T23:37:28Z,Day2
Left,DazzlingLamb,0,113081656378960688,PlayfulElk,1,2024-09-04T23:41:41Z,Day2
Left,DazzlingLamb,0,113081510433096752,CaringGecko,0,2024-09-04T23:43:51Z,Day2
Left,DazzlingLamb,0,113081468894663552,CaringGecko,0,2024-09-04T23:44:24Z,Day2
Left,ExcitingTurtle,0,113081718176923984,SunnySalamander,0,2024-09-04T23:46:39Z,Day2
Left,ExcitingTurtle,0,113081945498531488,CaringGecko,0,2024-09-04T23:46:51Z,Day2
Left,ArtisticFinch,0,113081901073361760,GleefulDingo,1,2024-09-04T23:56:01Z,Day2
Left,ImaginativeWolverine,0,113081407424047008,HarmoniousCat,0,2024-09-04T23:56:26Z,Day2
Left,ImaginativeWolverine,0,113081402304188368,HarmoniousCat,0,2024-09-04T23:56:32Z,Day2
Left,ExcitingTurtle,0,113081966502693424,CaringGecko,0,2024-09-04T23:59:09Z,Day2
Left,UnderstandingPossum,0,113081683354912480,UnderstandingPossum,0,2024-09-05T00:01:02Z,Day3
Left,UnderstandingPossum,0,113081684905888624,ReliableOctopus,0,2024-09-05T00:01:04Z,Day3
Left,UnderstandingPossum,0,113081696224470496,ExcitingTurtle,0,2024-09-05T00:01:06Z,Day3
Left,InnovativeOcelot,0,113081996024521472,UpbeatParrot,0,2024-09-05T00:02:03Z,Day3
Left,KindheartedStingray,0,113081966502693424,CaringGecko,0,2024-09-05T00:02:38Z,Day3
Left,UnderstandingPossum,0,113081998517506608,YouthfulPeacock,0,2024-09-05T00:03:02Z,Day3
Left,InnovativeOcelot,0,113081966502693424,CaringGecko,0,2024-09-05T00:03:38Z,Day3
Left,UnderstandingPossum,0,113081994270463296,KindheartedStingray,0,2024-09-05T00:04:37Z,Day3
Left,ExcitingTurtle,0,113082011684367600,UnderstandingPossum,0,2024-09-05T00:04:59Z,Day3
Left,UnderstandingPossum,0,113081989652020608,KindheartedStingray,0,2024-09-05T00:05:32Z,Day3
Left,InnovativeOcelot,0,113082010443726624,AmbitiousManatee,0,2024-09-05T00:06:33Z,Day3
Left,InnovativeOcelot,0,113081770950653936,WiseKingfisher,0,2024-09-05T00:07:12Z,Day3
Left,ImaginativeWolverine,0,113081966502693424,CaringGecko,0,2024-09-05T00:07:32Z,Day3
Left,ArtisticFinch,0,113081998517506608,YouthfulPeacock,0,2024-09-05T00:07:35Z,Day3
Left,KindheartedStingray,0,113081022926375040,CheerfulJackal,0,2024-09-05T00:07:54Z,Day3
Left,KindheartedStingray,0,113081994091468736,ExcitingTurtle,0,2024-09-05T00:08:32Z,Day3
Left,UnderstandingPossum,0,113081974648284320,InnovativeOcelot,0,2024-09-05T00:09:00Z,Day3
Left,UnderstandingPossum,0,113081923179702768,UpbeatParrot,0,2024-09-05T00:09:07Z,Day3
Left,UnderstandingPossum,0,113081996024521472,UpbeatParrot,0,2024-09-05T00:09:09Z,Day3
Left,UnderstandingPossum,0,113082015742137232,ExcitingTurtle,0,2024-09-05T00:09:17Z,Day3
Left,UnderstandingPossum,0,113081901073361760,GleefulDingo,1,2024-09-05T00:09:44Z,Day3
Left,UnderstandingPossum,0,113081908185860944,AdmirableFlamingo,0,2024-09-05T00:09:45Z,Day3
Left,UnderstandingPossum,0,113081914956281776,ForgivingImpala,0,2024-09-05T00:09:53Z,Day3
Left,ConfidentPanther,0,113081998517506608,YouthfulPeacock,0,2024-09-05T00:10:08Z,Day3
Left,UnderstandingPossum,0,113082034765818240,ExcitingTurtle,0,2024-09-05T00:10:10Z,Day3
Left,ExcitingTurtle,0,113081901073361760,GleefulDingo,1,2024-09-05T00:10:55Z,Day3
Left,ImaginativeWolverine,0,113081721388359952,QualifiedFrog,0,2024-09-05T00:12:18Z,Day3
Left,UnderstandingPossum,0,113082051925341568,ArtisticFinch,0,2024-09-05T00:13:19Z,Day3
Left,UnderstandingPossum,0,113082047379640800,GenerousArmadillo,0,2024-09-05T00:13:49Z,Day3
Left,UnderstandingPossum,0,113082044577755040,SweetGazelle,0,2024-09-05T00:14:23Z,Day3
Left,ArtisticFinch,0,113082054871980304,UnderstandingPossum,0,2024-09-05T00:14:25Z,Day3
Left,UnderstandingPossum,0,113082055593001984,GenerousArmadillo,0,2024-09-05T00:14:29Z,Day3
Left,CapableCobra,0,113081704484260800,LightheartedWoodpecker,0,2024-09-05T00:15:37Z,Day3
Left,CapableCobra,0,113081602048805680,MagnificentPig,0,2024-09-05T00:15:42Z,Day3
Left,CapableCobra,0,113081858761669760,CaringGecko,0,2024-09-05T00:15:58Z,Day3
Left,CapableCobra,0,113081569708331776,ExcitingTurtle,0,2024-09-05T00:16:12Z,Day3
Left,CapableCobra,0,113081561343314320,BeneficialMacaw,0,2024-09-05T00:16:16Z,Day3
Left,CapableCobra,0,113081998517506608,YouthfulPeacock,0,2024-09-05T00:16:39Z,Day3
Left,UnderstandingPossum,0,113082066166224512,KindheartedStingray,0,2024-09-05T00:16:58Z,Day3
Left,CapableCobra,0,113081994270463296,KindheartedStingray,0,2024-09-05T00:17:12Z,Day3
Left,ImaginativeWolverine,0,113081946643114624,ExcitingTurtle,0,2024-09-05T00:17:47Z,Day3
Left,UnderstandingPossum,0,113082070208692080,GenerousArmadillo,0,2024-09-05T00:18:32Z,Day3
Left,UnderstandingPossum,0,113082071301209168,GenerousArmadillo,0,2024-09-05T00:20:01Z,Day3
Left,ConfidentPanther,0,113082017736470848,UnderstandingPossum,0,2024-09-05T00:20:43Z,Day3
Left,ConfidentPanther,0,113082016411121792,ArtisticFinch,0,2024-09-05T00:20:46Z,Day3
Left,AmbitiousManatee,0,113082051925341568,ArtisticFinch,0,2024-09-05T00:21:32Z,Day3
Left,UnderstandingPossum,0,113082065104733680,GenerousArmadillo,0,2024-09-05T00:22:15Z,Day3
Left,UnderstandingPossum,0,113082089206961904,KindheartedStingray,0,2024-09-05T00:23:01Z,Day3
Left,UnderstandingPossum,0,113082092595504752,GenerousArmadillo,0,2024-09-05T00:23:32Z,Day3
Left,UnderstandingPossum,0,113082099717299872,ConfidentPanther,0,2024-09-05T00:25:22Z,Day3
Left,UnderstandingPossum,0,113082100567049312,KindheartedStingray,0,2024-09-05T00:25:36Z,Day3
Left,ConfidentPanther,0,113082032607539424,UnderstandingPossum,0,2024-09-05T00:26:28Z,Day3
Left,UnderstandingPossum,0,113082108235897056,GenerousArmadillo,0,2024-09-05T00:28:53Z,Day3
Left,ConfidentPanther,0,113082066131466352,UnderstandingPossum,0,2024-09-05T00:30:30Z,Day3
Left,ForgivingImpala,0,113082044577755040,SweetGazelle,0,2024-09-05T00:31:32Z,Day3
Left,ImaginativeWolverine,0,113082083764714016,UnderstandingPossum,0,2024-09-05T00:31:50Z,Day3
Left,UnderstandingPossum,0,113075754386416000,JoyfulNewt,0,2024-09-05T00:31:51Z,Day3
Left,UnderstandingPossum,0,113080976150712144,CompassionateGopher,0,2024-09-05T00:32:02Z,Day3
Left,UnderstandingPossum,0,113080988769393120,JoyfulNewt,0,2024-09-05T00:32:10Z,Day3
Left,UnderstandingPossum,0,113081012709897120,CheerfulJackal,0,2024-09-05T00:32:15Z,Day3
Left,UnderstandingPossum,0,113081055933076544,WonderfulGorilla,0,2024-09-05T00:32:27Z,Day3
Left,UnderstandingPossum,0,113081052683196192,ExcitingTurtle,0,2024-09-05T00:32:56Z,Day3
Left,UnderstandingPossum,0,113081286785110160,MerryToucan,0,2024-09-05T00:33:01Z,Day3
Left,UnderstandingPossum,0,113081434989540736,HarmoniousCat,0,2024-09-05T00:33:08Z,Day3
Left,UnderstandingPossum,0,113081443434951232,JoyfulNewt,0,2024-09-05T00:33:16Z,Day3
Left,UnderstandingPossum,0,113081454066633568,HarmoniousCat,0,2024-09-05T00:33:18Z,Day3
Left,UnderstandingPossum,0,113082126875327424,GenerousArmadillo,0,2024-09-05T00:34:19Z,Day3
Left,UnderstandingPossum,0,113082125931484336,ImaginativeWolverine,0,2024-09-05T00:34:27Z,Day3
Left,LoyalMonkey,0,113077161322951600,ThrivingHorse,0,2024-09-05T00:38:15Z,Day3
Left,HarmoniousCat,0,113082050809321968,SweetGazelle,0,2024-09-05T00:38:20Z,Day3
Left,HarmoniousCat,0,113081996604065968,ImaginativeWolverine,0,2024-09-05T00:38:39Z,Day3
Left,InnovativeOcelot,0,113082049332326816,WiseKingfisher,0,2024-09-05T00:40:08Z,Day3
Left,AmbitiousManatee,0,113082158438363072,HarmoniousCat,0,2024-09-05T00:40:50Z,Day3
Left,HarmoniousCat,0,113081521482641520,YouthfulPeacock,0,2024-09-05T00:48:22Z,Day3
Left,UnderstandingPossum,0,113082153514948672,ConfidentPanther,0,2024-09-05T00:48:50Z,Day3
Left,UnderstandingPossum,0,113082195845801744,LoyalMonkey,0,2024-09-05T00:51:01Z,Day3
Left,ConfidentPanther,0,113082200489718192,UnderstandingPossum,0,2024-09-05T00:51:01Z,Day3
Left,UnderstandingPossum,0,113082173058791808,FaithfulRhinoceros,0,2024-09-05T00:52:01Z,Day3
Left,UnderstandingPossum,0,113082190075680528,JoyfulNewt,0,2024-09-05T00:52:02Z,Day3
Left,UnderstandingPossum,0,113082202329665920,SweetGazelle,0,2024-09-05T00:52:04Z,Day3
Left,UnderstandingPossum,0,113082168636788640,LoyalMonkey,0,2024-09-05T00:53:30Z,Day3
Left,UnderstandingPossum,0,113082164698239296,FaithfulRhinoceros,0,2024-09-05T00:53:55Z,Day3
Left,UnderstandingPossum,0,113075807028137472,FaithfulRhinoceros,0,2024-09-05T00:54:55Z,Day3
Left,UnderstandingPossum,0,113075832184777552,HumbleLorikeet,0,2024-09-05T00:55:04Z,Day3
Left,UnderstandingPossum,0,113075862663802416,ImaginativeWolverine,0,2024-09-05T00:55:57Z,Day3
Left,UnderstandingPossum,0,113082213345123088,FaithfulRhinoceros,0,2024-09-05T00:58:16Z,Day3
Left,UnderstandingPossum,0,113082207370056880,ConfidentPanther,0,2024-09-05T00:59:31Z,Day3
Left,UnderstandingPossum,0,113082226314909424,JoyfulNewt,0,2024-09-05T01:00:50Z,Day3
Left,ConfidentPanther,0,113082239086578112,UnderstandingPossum,0,2024-09-05T01:01:42Z,Day3
Left,UnderstandingPossum,0,113082250892425168,JoyfulNewt,0,2024-09-05T01:03:39Z,Day3
Left,UnderstandingPossum,0,113082253846281344,FaithfulRhinoceros,0,2024-09-05T01:06:27Z,Day3
Left,JoyfulNewt,0,113082261835827408,UnderstandingPossum,0,2024-09-05T01:07:34Z,Day3
Left,EnthusiasticBee,0,113081898300271360,AdmirableFlamingo,0,2024-09-05T01:08:16Z,Day3
Left,ConfidentPanther,0,113082279346605680,EnthusiasticBee,0,2024-09-05T01:13:24Z,Day3
Left,EnthusiasticBee,0,113075626444078960,CaringGecko,0,2024-09-05T01:18:19Z,Day3
Left,DelightfulEgret,0,113082341774632304,DependableWalrus,0,2024-09-05T01:27:09Z,Day3
Left,DelightfulEgret,0,113082051925341568,ArtisticFinch,0,2024-09-05T01:29:28Z,Day3
Left,DelightfulEgret,0,113081539390270656,YouthfulPeacock,0,2024-09-05T01:32:52Z,Day3
Left,DependableWalrus,0,113081767352785440,EncouragingLadybug,0,2024-09-05T01:34:34Z,Day3
Left,JoyfulNewt,0,113082363717992320,MindfulWildebeest,1,2024-09-05T01:34:38Z,Day3
Left,DependableWalrus,0,113081749424868448,MindfulWildebeest,1,2024-09-05T01:35:17Z,Day3
Left,DependableWalrus,0,113081601286441728,JoyousFirefly,0,2024-09-05T01:36:57Z,Day3
Left,UniqueSnail,0,113079686556364768,FaithfulRhinoceros,0,2024-09-05T01:37:02Z,Day3
Left,DependableWalrus,0,113081577935935472,DevotedNightingale,1,2024-09-05T01:37:11Z,Day3
Left,UniqueSnail,0,113079647614061040,BrightCamel,0,2024-09-05T01:37:22Z,Day3
Left,DependableWalrus,0,113081487200189920,YouthfulPeacock,0,2024-09-05T01:38:35Z,Day3
Left,DependableWalrus,0,113082158438363072,HarmoniousCat,0,2024-09-05T01:39:15Z,Day3
Left,ConfidentPanther,0,113082381579284656,ExuberantDuck,1,2024-09-05T01:41:00Z,Day3
Left,UnderstandingPossum,0,113082291388340560,LoyalMonkey,0,2024-09-05T01:47:07Z,Day3
Left,JoyfulNewt,0,113082420552463584,CaringGecko,0,2024-09-05T01:47:09Z,Day3
Left,QuaintPelican,0,113082363717992320,MindfulWildebeest,1,2024-09-05T01:48:17Z,Day3
Left,DependableWalrus,0,113079522380506624,CleverJellyfish,0,2024-09-05T01:48:28Z,Day3
Left,ConfidentPanther,0,113082436452130864,CaringGecko,0,2024-09-05T01:50:56Z,Day3
Left,LoyalMonkey,0,113082427100458208,UnderstandingPossum,0,2024-09-05T01:53:48Z,Day3
Left,UnderstandingPossum,0,113082446896030688,CaptivatingGoat,0,2024-09-05T01:54:08Z,Day3
Left,ExcitingTurtle,0,113082426196873600,CaringGecko,0,2024-09-05T01:54:48Z,Day3
Left,UnderstandingPossum,0,113082441918376448,CaptivatingGoat,0,2024-09-05T01:55:16Z,Day3
Left,WarmTurkey,0,113082164698239296,FaithfulRhinoceros,0,2024-09-05T01:55:25Z,Day3
Left,WarmTurkey,0,113081876550648384,AdmirableFlamingo,0,2024-09-05T01:55:44Z,Day3
Left,WarmTurkey,0,113081898300271360,AdmirableFlamingo,0,2024-09-05T01:55:58Z,Day3
Left,ExcitingTurtle,0,113082201945219792,ImaginativeWolverine,0,2024-09-05T01:56:02Z,Day3
Left,CaringGecko,0,113082445484476960,ConfidentPanther,0,2024-09-05T01:56:59Z,Day3
Left,UnderstandingPossum,0,113082449773197872,JoyfulNewt,0,2024-09-05T01:57:24Z,Day3
Left,UnderstandingPossum,0,113082460517740944,CaringGecko,0,2024-09-05T01:57:31Z,Day3
Left,UnderstandingPossum,0,113082420552463584,CaringGecko,0,2024-09-05T01:58:34Z,Day3
Left,UnderstandingPossum,0,113082427397541776,ConfidentPanther,0,2024-09-05T01:58:41Z,Day3
Left,UnderstandingPossum,0,113082436452130864,CaringGecko,0,2024-09-05T01:58:47Z,Day3
Left,ExcitingTurtle,0,113082050566075584,UnderstandingPossum,0,2024-09-05T01:59:08Z,Day3
Left,UnderstandingPossum,0,113082417546344992,ConfidentPanther,0,2024-09-05T01:59:56Z,Day3
Left,UnderstandingPossum,0,113082445484476960,ConfidentPanther,0,2024-09-05T02:00:19Z,Day3
Left,UnderstandingPossum,0,113082439616652272,CaringGecko,0,2024-09-05T02:00:20Z,Day3
Left,UnderstandingPossum,0,113082403560570240,ConfidentPanther,0,2024-09-05T02:00:51Z,Day3
Left,UnderstandingPossum,0,113082381579284656,ExuberantDuck,1,2024-09-05T02:01:04Z,Day3
Left,UniqueSnail,0,113082363717992320,MindfulWildebeest,1,2024-09-05T02:01:37Z,Day3
Left,CaptivatingGoat,0,113082460503520688,UniqueSnail,0,2024-09-05T02:02:52Z,Day3
Left,CaptivatingGoat,0,113082453588395120,UnderstandingPossum,0,2024-09-05T02:03:04Z,Day3
Left,UnderstandingPossum,0,113082369257461328,SupportiveHeron,0,2024-09-05T02:03:32Z,Day3
Left,UnderstandingPossum,0,113082363717992320,MindfulWildebeest,1,2024-09-05T02:03:44Z,Day3
Left,CaptivatingGoat,0,113082449773197872,JoyfulNewt,0,2024-09-05T02:04:03Z,Day3
Left,UnderstandingPossum,0,113082341774632304,DependableWalrus,0,2024-09-05T02:05:59Z,Day3
Left,UnderstandingPossum,0,113082279346605680,EnthusiasticBee,0,2024-09-05T02:06:38Z,Day3
Left,UnderstandingPossum,0,113082290362087312,ConfidentPanther,0,2024-09-05T02:06:42Z,Day3
Left,UnderstandingPossum,0,113082380210059696,CreativeTiger,0,2024-09-05T02:06:43Z,Day3
Left,UnderstandingPossum,0,113082482212344848,ExcitingTurtle,0,2024-09-05T02:07:26Z,Day3
Left,UnderstandingPossum,0,113082503885959264,UniqueSnail,0,2024-09-05T02:09:58Z,Day3
Left,CaptivatingGoat,0,113082195845801744,LoyalMonkey,0,2024-09-05T02:10:45Z,Day3
Left,CaptivatingGoat,0,113082066166224512,KindheartedStingray,0,2024-09-05T02:12:18Z,Day3
Left,UnderstandingPossum,0,113082506909388816,CaptivatingGoat,0,2024-09-05T02:12:53Z,Day3
Left,UnderstandingPossum,0,113082522588995712,CaringGecko,0,2024-09-05T02:13:40Z,Day3
Left,UnderstandingPossum,0,113082520844881952,DevotedNightingale,1,2024-09-05T02:14:18Z,Day3
Left,UnderstandingPossum,0,113082516549962528,JoyfulNewt,0,2024-09-05T02:14:41Z,Day3
Left,UnderstandingPossum,0,113082484061214624,ExuberantDuck,1,2024-09-05T02:14:49Z,Day3
Left,UnderstandingPossum,0,113082476994717552,CaptivatingGoat,0,2024-09-05T02:17:17Z,Day3
Left,CaringGecko,0,113082465153267248,UnderstandingPossum,0,2024-09-05T02:17:35Z,Day3
Left,WarmTurkey,0,113082522588995712,CaringGecko,0,2024-09-05T02:19:53Z,Day3
Left,CaptivatingGoat,0,113082549946054032,UnderstandingPossum,0,2024-09-05T02:21:58Z,Day3
Left,UniqueSnail,0,113082483558238960,CaptivatingGoat,0,2024-09-05T02:22:38Z,Day3
Left,WonderfulGorilla,0,113082130103316640,UnderstandingPossum,0,2024-09-05T02:24:58Z,Day3
Left,WonderfulGorilla,0,113082027343023408,ImaginativeWolverine,0,2024-09-05T02:25:14Z,Day3
Left,UniqueSnail,0,113082516549962528,JoyfulNewt,0,2024-09-05T02:28:48Z,Day3
Left,WonderfulGorilla,0,113082484061214624,ExuberantDuck,1,2024-09-05T02:34:13Z,Day3
Left,WonderfulGorilla,0,113082493226368672,CaptivatingGoat,0,2024-09-05T02:34:17Z,Day3
Left,WonderfulGorilla,0,113082533918450496,UnderstandingPossum,0,2024-09-05T02:34:29Z,Day3
Left,WonderfulGorilla,0,113082549946054032,UnderstandingPossum,0,2024-09-05T02:35:13Z,Day3
Left,WonderfulGorilla,0,113082569023013984,UnderstandingPossum,0,2024-09-05T02:35:39Z,Day3
Left,WonderfulGorilla,0,113082570775106688,UnderstandingPossum,0,2024-09-05T02:36:18Z,Day3
Left,WonderfulGorilla,0,113082565120147088,DevotedNightingale,1,2024-09-05T02:36:35Z,Day3
Left,WonderfulGorilla,0,113082535789626464,UnderstandingPossum,0,2024-09-05T02:36:56Z,Day3
Left,WonderfulGorilla,0,113082478057062256,YearningHare,0,2024-09-05T02:37:36Z,Day3
Left,WonderfulGorilla,0,113082539772354784,UnderstandingPossum,0,2024-09-05T02:37:39Z,Day3
Left,CaringGecko,0,113082500257196128,UnderstandingPossum,0,2024-09-05T02:42:16Z,Day3
Left,ConfidentPanther,0,113082639019183168,ThrivingHorse,0,2024-09-05T02:42:39Z,Day3
Left,UnderstandingPossum,0,113082642367473808,CaringGecko,0,2024-09-05T02:45:54Z,Day3
Left,ConfidentPanther,0,113082655564123904,JoyfulNewt,0,2024-09-05T02:46:39Z,Day3
Left,WonderfulGorilla,0,113082369257461328,SupportiveHeron,0,2024-09-05T02:47:41Z,Day3
Left,WonderfulGorilla,0,113082486690109056,UnderstandingPossum,0,2024-09-05T02:47:43Z,Day3
Left,CaringGecko,0,113082164698239296,FaithfulRhinoceros,0,2024-09-05T02:47:52Z,Day3
Left,WonderfulGorilla,0,113082503885959264,UniqueSnail,0,2024-09-05T03:10:31Z,Day3
Left,WonderfulGorilla,0,113082506909388816,CaptivatingGoat,0,2024-09-05T03:10:38Z,Day3
Left,WonderfulGorilla,0,113082663700136512,CaptivatingGoat,0,2024-09-05T03:10:39Z,Day3
Left,WonderfulGorilla,0,113082523094058752,UnderstandingPossum,0,2024-09-05T03:10:58Z,Day3
Left,WonderfulGorilla,0,113082592989999184,HopefulBoa,0,2024-09-05T03:11:52Z,Day3
Left,CaringGecko,0,113082723414271776,WonderfulGorilla,0,2024-09-05T03:21:48Z,Day3
Left,AmbitiousManatee,0,113082837566983456,CaringGecko,0,2024-09-05T03:33:12Z,Day3
Left,MotivatedBandicoot,0,113082460517740944,CaringGecko,0,2024-09-05T03:38:01Z,Day3
Left,MotivatedBandicoot,0,113082420552463584,CaringGecko,0,2024-09-05T03:43:34Z,Day3
Left,MotivatedBandicoot,0,113081966502693424,CaringGecko,0,2024-09-05T03:44:09Z,Day3
Left,MotivatedBandicoot,0,113081858761669760,CaringGecko,0,2024-09-05T03:44:23Z,Day3
Left,MotivatedBandicoot,0,113077008670533040,CaringGecko,0,2024-09-05T03:45:30Z,Day3
Left,MotivatedBandicoot,0,113075643374750336,NeatChicken,0,2024-09-05T03:45:48Z,Day3
Left,MotivatedBandicoot,0,113076031527000928,CaringGecko,0,2024-09-05T03:46:34Z,Day3
Left,ExcitingTurtle,0,113082509340454848,UnderstandingPossum,0,2024-09-05T03:48:51Z,Day3
Left,MotivatedBandicoot,0,113082476994717552,CaptivatingGoat,0,2024-09-05T03:57:59Z,Day3
Left,ExcitingTurtle,0,113082818999210096,CaringGecko,0,2024-09-05T03:58:04Z,Day3
Left,AffectionateWolf,0,113082818999210096,CaringGecko,0,2024-09-05T03:58:12Z,Day3
Left,ExcitingTurtle,0,113082529534554864,DevotedNightingale,1,2024-09-05T04:00:09Z,Day3
Left,ComposedDolphin,0,113082583507107824,HopefulBoa,0,2024-09-05T04:00:20Z,Day3
Left,ComposedDolphin,0,113082241201556880,LoyalMonkey,0,2024-09-05T04:00:43Z,Day3
Left,ComposedDolphin,0,113082182317734048,HarmoniousCat,0,2024-09-05T04:01:13Z,Day3
Left,ComposedDolphin,0,113081889260333296,UpbeatParrot,0,2024-09-05T04:01:21Z,Day3
Left,ExcitingTurtle,0,113082627308386432,ConfidentPanther,0,2024-09-05T04:01:29Z,Day3
Left,ComposedDolphin,0,113081736054978160,SupportiveHeron,0,2024-09-05T04:02:00Z,Day3
Left,MotivatedBandicoot,0,113082168636788640,LoyalMonkey,0,2024-09-05T04:02:57Z,Day3
Left,ComposedDolphin,0,113080963400325776,KindDeer,0,2024-09-05T04:03:02Z,Day3
Left,MotivatedBandicoot,0,113082083764714016,UnderstandingPossum,0,2024-09-05T04:03:32Z,Day3
Left,ExcitingTurtle,0,113082726212700048,InnovativeOcelot,0,2024-09-05T04:04:39Z,Day3
Left,MotivatedBandicoot,0,113082066166224512,KindheartedStingray,0,2024-09-05T04:07:07Z,Day3
Left,UniqueSnail,0,113082663700136512,CaptivatingGoat,0,2024-09-05T04:12:50Z,Day3
Left,MotivatedBandicoot,0,113075642013667200,YouthfulPeacock,0,2024-09-05T04:15:18Z,Day3
Left,WarmTurkey,0,113082818999210096,CaringGecko,0,2024-09-05T04:21:33Z,Day3
Left,AffectionateWolf,0,113082859782740288,ConfidentPanther,0,2024-09-05T04:46:51Z,Day3
Left,ExcitingTurtle,0,113083141874457952,SmilingWhale,0,2024-09-05T04:51:23Z,Day3
Left,IdealEel,0,113082726212700048,InnovativeOcelot,0,2024-09-05T04:54:58Z,Day3
Left,IdealEel,0,113083141874457952,SmilingWhale,0,2024-09-05T04:59:20Z,Day3
Left,ExcitingTurtle,0,113083155252298720,AffectionateWolf,0,2024-09-05T05:00:19Z,Day3
Left,IdealEel,0,113082549946054032,UnderstandingPossum,0,2024-09-05T05:01:18Z,Day3
Left,IdealEel,0,113082569023013984,UnderstandingPossum,0,2024-09-05T05:01:37Z,Day3
Left,AffectionateWolf,0,113083192847021312,ExcitingTurtle,0,2024-09-05T05:03:19Z,Day3
Left,AffectionateWolf,0,113083175686563504,ExcitingTurtle,0,2024-09-05T05:03:30Z,Day3
Left,AffectionateWolf,0,113081094236045136,ExcitingTurtle,0,2024-09-05T05:03:45Z,Day3
Left,AffectionateWolf,0,113081067471634096,ExcitingTurtle,0,2024-09-05T05:03:55Z,Day3
Left,AdmirableFlamingo,0,113082184154014496,ThrivingHorse,0,2024-09-05T05:10:13Z,Day3
Left,AdmirableFlamingo,0,113082089206961904,KindheartedStingray,0,2024-09-05T05:10:52Z,Day3
Left,AdmirableFlamingo,0,113082088221589536,UnderstandingPossum,0,2024-09-05T05:11:52Z,Day3
Left,AdmirableFlamingo,0,113082164316926288,HarmoniousCat,0,2024-09-05T05:12:02Z,Day3
Left,AdmirableFlamingo,0,113081966502693424,CaringGecko,0,2024-09-05T05:12:36Z,Day3
Left,AffectionateWolf,0,113083354930223456,CaringGecko,0,2024-09-05T05:45:04Z,Day3
Left,AffectionateWolf,0,113083352493144016,CaringGecko,0,2024-09-05T05:45:10Z,Day3
Left,NeatChicken,0,113081540378572272,CourteousAntelope,0,2024-09-05T05:48:55Z,Day3
Left,AffectionateWolf,0,113083370010626016,CaringGecko,0,2024-09-05T05:49:23Z,Day3
Left,CreativeTiger,0,113082959293903536,ComposedDolphin,0,2024-09-05T06:45:12Z,Day3
Left,EncouragingLadybug,0,113079713793306592,ExuberantDuck,1,2024-09-05T07:57:04Z,Day3
Left,ExcitingTurtle,0,113083373436049616,CaringGecko,0,2024-09-05T08:02:19Z,Day3
Left,ExcitingTurtle,0,113083352493144016,CaringGecko,0,2024-09-05T08:07:23Z,Day3
Left,HumbleLorikeet,0,113082446896030688,CaptivatingGoat,0,2024-09-05T10:34:52Z,Day3
Left,EnthusiasticBee,0,113082642367473808,CaringGecko,0,2024-09-05T10:59:38Z,Day3
Left,WonderfulGorilla,0,113082804935414640,CaringGecko,0,2024-09-05T11:00:33Z,Day3
Left,WonderfulGorilla,0,113083529291287216,CaringGecko,0,2024-09-05T11:05:28Z,Day3
Left,WonderfulGorilla,0,113083903505774368,ExcitingTurtle,0,2024-09-05T11:05:45Z,Day3
Left,WonderfulGorilla,0,113084132660689232,ComposedDolphin,0,2024-09-05T11:05:47Z,Day3
Left,WonderfulGorilla,0,113083515618933792,CaringGecko,0,2024-09-05T11:06:12Z,Day3
Left,WonderfulGorilla,0,113083141874457952,SmilingWhale,0,2024-09-05T11:06:51Z,Day3
Left,WonderfulGorilla,0,113083164964582320,ExcitingTurtle,0,2024-09-05T11:06:55Z,Day3
Left,WonderfulGorilla,0,113084505531779568,HumbleLorikeet,0,2024-09-05T11:08:45Z,Day3
Left,HumbleLorikeet,0,113084725867656448,WonderfulGorilla,0,2024-09-05T11:33:32Z,Day3
Left,WonderfulGorilla,0,113084732120020320,CourteousAntelope,0,2024-09-05T11:35:30Z,Day3
Left,HumbleLorikeet,0,113084733759139488,CourteousAntelope,0,2024-09-05T11:35:38Z,Day3
Left,VibrantMantis,0,113083107397933648,AffectionateWolf,0,2024-09-05T11:43:14Z,Day3
Left,Admin,NA,113083515618933792,CaringGecko,0,2024-09-05T11:45:05Z,Day3
Left,HumbleLorikeet,0,113084774171789392,VibrantMantis,0,2024-09-05T11:54:59Z,Day3
Left,EsteemedSquirrel,0,113083399053062704,CaringGecko,0,2024-09-05T12:11:30Z,Day3
Left,WonderfulGorilla,0,113082934009191504,MotivatedBandicoot,0,2024-09-05T12:12:57Z,Day3
Left,WonderfulGorilla,0,113082959293903536,ComposedDolphin,0,2024-09-05T12:13:00Z,Day3
Left,WonderfulGorilla,0,113083119513639552,IdealEel,0,2024-09-05T12:13:04Z,Day3
Left,EsteemedSquirrel,0,113082818999210096,CaringGecko,0,2024-09-05T12:13:16Z,Day3
Left,SincereNumbat,0,113084505531779568,HumbleLorikeet,0,2024-09-05T12:19:23Z,Day3
Left,SincereNumbat,0,113084459472619488,HumbleLorikeet,0,2024-09-05T12:19:28Z,Day3
Left,EsteemedSquirrel,0,113079412574509280,ConfidentPanther,0,2024-09-05T12:19:46Z,Day3
Left,SincereNumbat,0,113083399053062704,CaringGecko,0,2024-09-05T12:20:01Z,Day3
Left,EsteemedSquirrel,0,113083119513639552,IdealEel,0,2024-09-05T12:21:21Z,Day3
Left,WonderfulGorilla,0,113084459472619488,HumbleLorikeet,0,2024-09-05T12:50:06Z,Day3
Left,OptimisticQuoll,0,113082417546344992,ConfidentPanther,0,2024-09-05T12:50:44Z,Day3
Left,WonderfulGorilla,0,113084774171789392,VibrantMantis,0,2024-09-05T12:51:29Z,Day3
Left,WonderfulGorilla,0,113084874780496160,EsteemedSquirrel,0,2024-09-05T12:51:33Z,Day3
Left,SincereNumbat,0,113082934009191504,MotivatedBandicoot,0,2024-09-05T12:52:41Z,Day3
Left,OptimisticQuoll,0,113081858761669760,CaringGecko,0,2024-09-05T12:52:57Z,Day3
Left,SincereNumbat,0,113082614828350064,CaptivatingGoat,0,2024-09-05T12:53:27Z,Day3
Left,WonderfulGorilla,0,113082614828350064,CaptivatingGoat,0,2024-09-05T12:59:32Z,Day3
Left,WonderfulGorilla,0,113084464268686752,HumbleLorikeet,0,2024-09-05T12:59:33Z,Day3
Left,WonderfulGorilla,0,113082164698239296,FaithfulRhinoceros,0,2024-09-05T13:07:30Z,Day3
Left,WonderfulGorilla,0,113084258875676960,CourageousPorpoise,0,2024-09-05T13:07:44Z,Day3
Left,WonderfulGorilla,0,113083222991331520,AdmirableFlamingo,0,2024-09-05T13:07:47Z,Day3
Left,SincereNumbat,0,113085087705180048,BrightCamel,0,2024-09-05T13:13:02Z,Day3
Left,CleverJellyfish,0,113084505531779568,HumbleLorikeet,0,2024-09-05T13:18:16Z,Day3
Left,WonderfulGorilla,0,113085076965030160,OptimisticQuoll,0,2024-09-05T13:18:53Z,Day3
Left,WonderfulGorilla,0,113085118442878496,SincereNumbat,0,2024-09-05T13:19:11Z,Day3
Left,CleverJellyfish,0,113082522588995712,CaringGecko,0,2024-09-05T13:20:34Z,Day3
Left,CleverJellyfish,0,113082934009191504,MotivatedBandicoot,0,2024-09-05T13:26:26Z,Day3
Left,IdealEel,0,113081718805945024,BrilliantKookaburra,0,2024-09-05T13:30:06Z,Day3
Left,CleverJellyfish,0,113082460517740944,CaringGecko,0,2024-09-05T13:31:11Z,Day3
Left,BrightCamel,0,113081766951702000,EagerYak,1,2024-09-05T13:31:36Z,Day3
Left,CleverJellyfish,0,113082417546344992,ConfidentPanther,0,2024-09-05T13:31:40Z,Day3
Left,BrightCamel,0,113081656378960688,PlayfulElk,1,2024-09-05T13:35:33Z,Day3
Left,SincereNumbat,0,113084774171789392,VibrantMantis,0,2024-09-05T13:41:42Z,Day3
Left,CleverJellyfish,0,113081966502693424,CaringGecko,0,2024-09-05T13:43:41Z,Day3
Left,CleverJellyfish,0,113081858761669760,CaringGecko,0,2024-09-05T13:46:19Z,Day3
Left,CleverJellyfish,0,113081601286441728,JoyousFirefly,0,2024-09-05T13:47:16Z,Day3
Left,SincereNumbat,0,113085294584449552,WonderfulGorilla,0,2024-09-05T13:57:52Z,Day3
Left,VictoriousKoala,0,113083141874457952,SmilingWhale,0,2024-09-05T13:58:06Z,Day3
Left,WonderfulGorilla,0,113085251297349280,SincereNumbat,0,2024-09-05T13:58:09Z,Day3
Left,KindheartedStingray,0,113082711992152544,InnovativeOcelot,0,2024-09-05T14:02:18Z,Day3
Left,WonderfulGorilla,0,113085188667179568,CompassionateGopher,0,2024-09-05T14:02:24Z,Day3
Left,WonderfulGorilla,0,113085230000276880,SincereNumbat,0,2024-09-05T14:02:26Z,Day3
Left,WonderfulGorilla,0,113085289005012800,VictoriousKoala,0,2024-09-05T14:02:31Z,Day3
Left,SincereNumbat,0,113085311583134656,VictoriousKoala,0,2024-09-05T14:02:48Z,Day3
Left,WonderfulGorilla,0,113085225469250128,BrightCamel,0,2024-09-05T14:03:42Z,Day3
Left,WonderfulGorilla,0,113085282792557840,VictoriousKoala,0,2024-09-05T14:03:43Z,Day3
Left,VictoriousKoala,0,113082723414271776,WonderfulGorilla,0,2024-09-05T14:04:30Z,Day3
Left,KindheartedStingray,0,113084459472619488,HumbleLorikeet,0,2024-09-05T14:09:31Z,Day3
Left,KindheartedStingray,0,113083399053062704,CaringGecko,0,2024-09-05T14:09:51Z,Day3
Left,VictoriousKoala,0,113085367674638432,GracefulPorcupine,0,2024-09-05T14:17:46Z,Day3
Left,YoungHawk,0,113085251297349280,SincereNumbat,0,2024-09-05T14:21:27Z,Day3
Left,SincereNumbat,0,113085367674638432,GracefulPorcupine,0,2024-09-05T14:29:09Z,Day3
Left,AdmirableFlamingo,0,113084132660689232,ComposedDolphin,0,2024-09-05T14:29:22Z,Day3
Left,WonderfulGorilla,0,113085367674638432,GracefulPorcupine,0,2024-09-05T14:29:39Z,Day3
Left,SincereNumbat,0,113085417402647504,AdmirableFlamingo,0,2024-09-05T14:31:25Z,Day3
Left,SincereNumbat,0,113085434264807648,AdmirableFlamingo,0,2024-09-05T14:33:39Z,Day3
Left,YoungHawk,0,113085163838743936,CleverJellyfish,0,2024-09-05T14:35:31Z,Day3
Left,SincereNumbat,0,113085438051691040,AdmirableFlamingo,0,2024-09-05T14:37:07Z,Day3
Left,WonderfulGorilla,0,113085436012375584,PlayfulElk,1,2024-09-05T14:38:30Z,Day3
Left,WonderfulGorilla,0,113085446756615776,GleefulDingo,1,2024-09-05T14:38:32Z,Day3
Left,ConfidentPanther,0,113083190121226160,AdmirableFlamingo,0,2024-09-05T14:40:01Z,Day3
Left,ConfidentPanther,0,113082726212700048,InnovativeOcelot,0,2024-09-05T14:41:30Z,Day3
Left,WonderfulGorilla,0,113085465732571120,GleefulDingo,1,2024-09-05T14:42:16Z,Day3
Left,SincereNumbat,0,113085446756615776,GleefulDingo,1,2024-09-05T14:43:17Z,Day3
Left,ConfidentPanther,0,113083141874457952,SmilingWhale,0,2024-09-05T14:44:33Z,Day3
Left,WonderfulGorilla,0,113085474325943200,ConfidentPanther,0,2024-09-05T14:44:56Z,Day3
Left,ConfidentPanther,0,113083175686563504,ExcitingTurtle,0,2024-09-05T14:45:55Z,Day3
Left,WonderfulGorilla,0,113085487270177328,MindfulWildebeest,1,2024-09-05T14:48:05Z,Day3
Left,YoungHawk,0,113083399053062704,CaringGecko,0,2024-09-05T14:48:22Z,Day3
Left,ConfidentPanther,0,113085252155511760,WonderfulGorilla,0,2024-09-05T14:49:15Z,Day3
Left,ConfidentPanther,0,113085446756615776,GleefulDingo,1,2024-09-05T14:49:42Z,Day3
Left,ConfidentPanther,0,113085465732571120,GleefulDingo,1,2024-09-05T14:49:55Z,Day3
Left,ConfidentPanther,0,113085487270177328,MindfulWildebeest,1,2024-09-05T14:51:18Z,Day3
Left,WonderfulGorilla,0,113085506703224672,ConfidentPanther,0,2024-09-05T14:55:12Z,Day3
Left,WonderfulGorilla,0,113085507437208992,PlayfulElk,1,2024-09-05T14:56:28Z,Day3
Left,WonderfulGorilla,0,113085526652176400,VibrantMantis,0,2024-09-05T14:56:53Z,Day3
Left,AmiableTortoise,0,113085225469250128,BrightCamel,0,2024-09-05T15:01:28Z,Day3
Left,SincereNumbat,0,113085507437208992,PlayfulElk,1,2024-09-05T15:03:35Z,Day3
Left,YoungHawk,0,113083175686563504,ExcitingTurtle,0,2024-09-05T15:09:06Z,Day3
Left,YoungHawk,0,113083155252298720,AffectionateWolf,0,2024-09-05T15:09:13Z,Day3
Left,UnderstandingPossum,0,113082917181064160,ExcitingTurtle,0,2024-09-05T15:11:46Z,Day3
Left,DependableWalrus,0,113082498286932624,UnderstandingPossum,0,2024-09-05T15:13:46Z,Day3
Left,UnderstandingPossum,0,113082666588075952,WonderfulGorilla,0,2024-09-05T15:14:51Z,Day3
Left,UnderstandingPossum,0,113082654481981872,WonderfulGorilla,0,2024-09-05T15:15:39Z,Day3
Left,UnderstandingPossum,0,113085507437208992,PlayfulElk,1,2024-09-05T15:18:08Z,Day3
Left,UnderstandingPossum,0,113085599155155840,JoyousFirefly,0,2024-09-05T15:18:24Z,Day3
Left,DependableWalrus,0,113082520844881952,DevotedNightingale,1,2024-09-05T15:19:31Z,Day3
Left,UnderstandingPossum,0,113085487270177328,MindfulWildebeest,1,2024-09-05T15:20:54Z,Day3
Left,UnderstandingPossum,0,113085506703224672,ConfidentPanther,0,2024-09-05T15:20:59Z,Day3
Left,UnderstandingPossum,0,113085520457759856,WonderfulGorilla,0,2024-09-05T15:21:03Z,Day3
Left,UnderstandingPossum,0,113085590133747424,VividGiraffe,0,2024-09-05T15:21:11Z,Day3
Left,SincereNumbat,0,113085487270177328,MindfulWildebeest,1,2024-09-05T15:21:43Z,Day3
Left,UnderstandingPossum,0,113085465732571120,GleefulDingo,1,2024-09-05T15:21:51Z,Day3
Left,UnderstandingPossum,0,113085446756615776,GleefulDingo,1,2024-09-05T15:22:00Z,Day3
Left,UnderstandingPossum,0,113085367674638432,GracefulPorcupine,0,2024-09-05T15:22:17Z,Day3
Left,IdealEel,0,113085302959420096,VibrantMantis,0,2024-09-05T15:22:20Z,Day3
Left,UnderstandingPossum,0,113085482828417136,VibrantMantis,0,2024-09-05T15:22:29Z,Day3
Left,UnderstandingPossum,0,113085626882712720,VividGiraffe,0,2024-09-05T15:22:35Z,Day3
Left,IdealEel,0,113085507437208992,PlayfulElk,1,2024-09-05T15:22:41Z,Day3
Left,UnderstandingPossum,0,113085252155511760,WonderfulGorilla,0,2024-09-05T15:24:00Z,Day3
Left,DependableWalrus,0,113085507437208992,PlayfulElk,1,2024-09-05T15:24:13Z,Day3
Left,UnderstandingPossum,0,113085289005012800,VictoriousKoala,0,2024-09-05T15:24:28Z,Day3
Left,UnderstandingPossum,0,113085118442878496,SincereNumbat,0,2024-09-05T15:25:21Z,Day3
Left,UnderstandingPossum,0,113085076965030160,OptimisticQuoll,0,2024-09-05T15:25:24Z,Day3
Left,UnderstandingPossum,0,113084505531779568,HumbleLorikeet,0,2024-09-05T15:25:29Z,Day3
Left,UnderstandingPossum,0,113084725867656448,WonderfulGorilla,0,2024-09-05T15:25:37Z,Day3
Left,UnderstandingPossum,0,113084732120020320,CourteousAntelope,0,2024-09-05T15:25:40Z,Day3
Left,UnderstandingPossum,0,113083529291287216,CaringGecko,0,2024-09-05T15:26:32Z,Day3
Left,UnderstandingPossum,0,113083175686563504,ExcitingTurtle,0,2024-09-05T15:26:50Z,Day3
Left,ConfidentPanther,0,113085507437208992,PlayfulElk,1,2024-09-05T15:28:11Z,Day3
Left,GentleCrow,0,113076020645612672,UnderstandingPossum,0,2024-09-05T15:28:24Z,Day3
Left,GentleCrow,0,113085507437208992,PlayfulElk,1,2024-09-05T15:29:05Z,Day3
Left,SincereNumbat,0,113085661500720912,GentleCrow,0,2024-09-05T15:31:49Z,Day3
Left,YoungHawk,0,113082637871638176,ConfidentPanther,0,2024-09-05T15:41:02Z,Day3
Left,ConfidentPanther,0,113085661500720912,GentleCrow,0,2024-09-05T15:58:48Z,Day3
Left,ThoughtfulCricket,0,113081747787431808,DiligentKiwi,0,2024-09-05T16:13:34Z,Day3
Left,ThoughtfulCricket,0,113081775486414816,DiligentKiwi,0,2024-09-05T16:13:54Z,Day3
Left,UnderstandingPossum,0,113085653710901680,GentleCrow,0,2024-09-05T16:14:22Z,Day3
Left,WarmTurkey,0,113085076965030160,OptimisticQuoll,0,2024-09-05T16:14:31Z,Day3
Left,UnderstandingPossum,0,113085661500720912,GentleCrow,0,2024-09-05T16:15:03Z,Day3
Left,UnderstandingPossum,0,113085774664031040,ConfidentPanther,0,2024-09-05T16:15:16Z,Day3
Left,WarmTurkey,0,113085834210306656,KindheartedStingray,0,2024-09-05T16:18:47Z,Day3
Left,ConfidentPanther,0,113085834210306656,KindheartedStingray,0,2024-09-05T16:18:57Z,Day3
Left,ThoughtfulCricket,0,113076032372354080,UnderstandingPossum,0,2024-09-05T16:20:06Z,Day3
Left,CompassionateGopher,0,113085834210306656,KindheartedStingray,0,2024-09-05T16:21:54Z,Day3
Left,CompassionateGopher,0,113085507437208992,PlayfulElk,1,2024-09-05T16:22:19Z,Day3
Left,CompassionateGopher,0,113085487270177328,MindfulWildebeest,1,2024-09-05T16:22:28Z,Day3
Left,HumbleLorikeet,0,113085661500720912,GentleCrow,0,2024-09-05T16:24:55Z,Day3
Left,HumbleLorikeet,0,113085367674638432,GracefulPorcupine,0,2024-09-05T16:25:19Z,Day3
Left,AmiableTortoise,0,113085661500720912,GentleCrow,0,2024-09-05T16:34:41Z,Day3
Left,SympatheticQuokka,0,113085834210306656,KindheartedStingray,0,2024-09-05T16:42:30Z,Day3
Left,SympatheticQuokka,0,113085507437208992,PlayfulElk,1,2024-09-05T16:43:12Z,Day3
Left,SympatheticQuokka,0,113085487270177328,MindfulWildebeest,1,2024-09-05T16:43:25Z,Day3
Left,SympatheticQuokka,0,113085465732571120,GleefulDingo,1,2024-09-05T16:43:38Z,Day3
Left,SympatheticQuokka,0,113085446756615776,GleefulDingo,1,2024-09-05T16:43:47Z,Day3
Left,KindheartedStingray,0,113085848956571984,WarmTurkey,0,2024-09-05T16:44:14Z,Day3
Left,KindheartedStingray,0,113085856061183568,FantasticPython,0,2024-09-05T16:44:15Z,Day3
Left,SympatheticQuokka,0,113085188667179568,CompassionateGopher,0,2024-09-05T16:44:41Z,Day3
Left,SympatheticQuokka,0,113083529291287216,CaringGecko,0,2024-09-05T16:45:17Z,Day3
Left,SympatheticQuokka,0,113083399053062704,CaringGecko,0,2024-09-05T16:45:26Z,Day3
Left,SympatheticQuokka,0,113082934009191504,MotivatedBandicoot,0,2024-09-05T16:46:01Z,Day3
Left,SympatheticQuokka,0,113082818999210096,CaringGecko,0,2024-09-05T16:46:18Z,Day3
Left,SympatheticQuokka,0,113082460517740944,CaringGecko,0,2024-09-05T16:47:47Z,Day3
Left,SympatheticQuokka,0,113082420552463584,CaringGecko,0,2024-09-05T16:48:19Z,Day3
Left,SympatheticQuokka,0,113081858761669760,CaringGecko,0,2024-09-05T16:50:33Z,Day3
Left,HumbleLorikeet,0,113085465732571120,GleefulDingo,1,2024-09-05T16:50:38Z,Day3
Left,SympatheticQuokka,0,113081748104621536,AffectionateWolf,0,2024-09-05T16:51:45Z,Day3
Left,SympatheticQuokka,0,113081721388359952,QualifiedFrog,0,2024-09-05T16:52:37Z,Day3
Left,SympatheticQuokka,0,113081581376616208,CaringGecko,0,2024-09-05T16:53:23Z,Day3
Left,SympatheticQuokka,0,113081510433096752,CaringGecko,0,2024-09-05T16:54:04Z,Day3
Left,SympatheticQuokka,0,113081468894663552,CaringGecko,0,2024-09-05T16:54:31Z,Day3
Left,SympatheticQuokka,0,113081399839325040,QuaintPelican,0,2024-09-05T17:00:23Z,Day3
Left,SincereNumbat,0,113085948417169200,ThoughtfulCricket,0,2024-09-05T17:05:04Z,Day3
Left,SincereNumbat,0,113085940658740032,SympatheticQuokka,0,2024-09-05T17:05:38Z,Day3
Left,SincereNumbat,0,113085834210306656,KindheartedStingray,0,2024-09-05T17:05:51Z,Day3
Left,CapableCobra,0,113083515618933792,CaringGecko,0,2024-09-05T17:12:47Z,Day3
Left,EncouragingLadybug,0,113085661500720912,GentleCrow,0,2024-09-05T17:13:49Z,Day3
Left,EncouragingLadybug,0,113085436012375584,PlayfulElk,1,2024-09-05T17:14:20Z,Day3
Left,WholesomeHummingbird,0,113076511354551840,SincereNumbat,0,2024-09-05T17:17:15Z,Day3
Left,WholesomeHummingbird,0,113082307277240256,EnthusiasticBee,0,2024-09-05T17:17:22Z,Day3
Left,WholesomeHummingbird,0,113081238591767392,ExcitingTurtle,0,2024-09-05T17:18:56Z,Day3
Left,EncouragingLadybug,0,113085507437208992,PlayfulElk,1,2024-09-05T17:20:22Z,Day3
Left,WholesomeHummingbird,0,113079500034673760,ThrivingHorse,0,2024-09-05T17:21:52Z,Day3
Left,WholesomeHummingbird,0,113085436012375584,PlayfulElk,1,2024-09-05T17:22:35Z,Day3
Left,VictoriousKoala,0,113086031686213872,KindheartedStingray,0,2024-09-05T17:25:11Z,Day3
Left,VictoriousKoala,0,113085940658740032,SympatheticQuokka,0,2024-09-05T17:26:57Z,Day3
Left,VictoriousKoala,0,113085507437208992,PlayfulElk,1,2024-09-05T17:27:15Z,Day3
Left,VictoriousKoala,0,113085465732571120,GleefulDingo,1,2024-09-05T17:29:32Z,Day3
Left,VictoriousKoala,0,113086041981316848,SympatheticQuokka,0,2024-09-05T17:34:16Z,Day3
Left,SincereNumbat,0,113086109148381664,WholesomeHummingbird,0,2024-09-05T17:35:49Z,Day3
Left,AmbitiousManatee,0,113086031686213872,KindheartedStingray,0,2024-09-05T17:59:02Z,Day3
Left,AmbitiousManatee,0,113086284996291312,DevotedNightingale,1,2024-09-05T18:11:43Z,Day3
Left,DelightfulEgret,0,113086284996291312,DevotedNightingale,1,2024-09-05T18:14:10Z,Day3
Left,EnthusiasticBee,0,113086260055842640,MindfulWildebeest,1,2024-09-05T18:15:55Z,Day3
Left,EnthusiasticBee,0,113086244518709776,ExuberantDuck,1,2024-09-05T18:16:04Z,Day3
Left,DelightfulEgret,0,113086222932899904,EnthusiasticBee,0,2024-09-05T18:20:03Z,Day3
Left,DelightfulEgret,0,113085661500720912,GentleCrow,0,2024-09-05T18:21:57Z,Day3
Left,DelightfulEgret,0,113083399053062704,CaringGecko,0,2024-09-05T18:24:18Z,Day3
Left,HumbleLorikeet,0,113086345501543664,DeterminedSeahorse,0,2024-09-05T18:25:44Z,Day3
Left,DelightfulEgret,0,113086044783535040,KindheartedStingray,0,2024-09-05T18:26:02Z,Day3
Left,DelightfulEgret,0,113085487270177328,MindfulWildebeest,1,2024-09-05T18:26:30Z,Day3
Left,ConfidentPanther,0,113086229953698320,EagerYak,1,2024-09-05T18:26:59Z,Day3
Left,MerryToucan,0,113084869002628320,EsteemedSquirrel,0,2024-09-05T18:27:37Z,Day3
Left,MerryToucan,0,113081463049618608,CapableCobra,0,2024-09-05T18:28:03Z,Day3
Left,ComposedDolphin,0,113086284996291312,DevotedNightingale,1,2024-09-05T18:29:07Z,Day3
Left,CreativeTiger,0,113086340223432128,HumbleLorikeet,0,2024-09-05T18:29:08Z,Day3
Left,DelightfulEgret,0,113086229953698320,EagerYak,1,2024-09-05T18:32:09Z,Day3
Left,DelightfulEgret,0,113086214668684784,EagerYak,1,2024-09-05T18:32:11Z,Day3
Left,DelightfulEgret,0,113086193084163712,GleefulDingo,1,2024-09-05T18:32:12Z,Day3
Left,MerryToucan,0,113085661500720912,GentleCrow,0,2024-09-05T18:33:10Z,Day3
Left,DelightfulEgret,0,113086326170728144,DeterminedSeahorse,0,2024-09-05T18:33:45Z,Day3
Left,DelightfulEgret,0,113086081266118768,SympatheticQuokka,0,2024-09-05T18:33:49Z,Day3
Left,DelightfulEgret,0,113086031686213872,KindheartedStingray,0,2024-09-05T18:33:51Z,Day3
Left,DelightfulEgret,0,113085948417169200,ThoughtfulCricket,0,2024-09-05T18:33:52Z,Day3
Left,DelightfulEgret,0,113085507437208992,PlayfulElk,1,2024-09-05T18:33:56Z,Day3
Left,DelightfulEgret,0,113081318323683280,SmartGibbon,0,2024-09-05T18:34:09Z,Day3
Left,EsteemedSquirrel,0,113085268450430864,VictoriousKoala,0,2024-09-05T18:38:40Z,Day3
Left,MerryToucan,0,113082818999210096,CaringGecko,0,2024-09-05T18:39:42Z,Day3
Left,YoungHawk,0,113086326170728144,DeterminedSeahorse,0,2024-09-05T18:42:18Z,Day3
Left,ConfidentPanther,0,113086418090331456,DelightfulEgret,0,2024-09-05T18:44:12Z,Day3
Left,ConfidentPanther,0,113086409011745328,MerryToucan,0,2024-09-05T18:44:14Z,Day3
Left,MerryToucan,0,113081966502693424,CaringGecko,0,2024-09-05T18:44:36Z,Day3
Left,GentleCrow,0,113085774664031040,ConfidentPanther,0,2024-09-05T18:47:53Z,Day3
Left,GentleCrow,0,113086347513936352,DelightfulEgret,0,2024-09-05T18:48:20Z,Day3
Left,GentleCrow,0,113085948830010496,HumbleLorikeet,0,2024-09-05T18:48:21Z,Day3
Left,DelightfulEgret,0,113086411917335392,ZenBat,0,2024-09-05T18:50:04Z,Day3
Left,MerryToucan,0,113086441642712432,ZenBat,0,2024-09-05T18:50:49Z,Day3
Left,DelightfulEgret,0,113086398590882144,MerryToucan,0,2024-09-05T18:54:23Z,Day3
Left,EsteemedSquirrel,0,113086466452389424,VibrantMantis,0,2024-09-05T18:55:58Z,Day3
Left,DelightfulEgret,0,113085736023775456,SincereNumbat,0,2024-09-05T18:57:57Z,Day3
Left,WholesomeHummingbird,0,113086218221830608,AdmirableFlamingo,0,2024-09-05T18:58:09Z,Day3
Left,WholesomeHummingbird,0,113085251297349280,SincereNumbat,0,2024-09-05T18:58:35Z,Day3
Left,WholesomeHummingbird,0,113079728033051488,ExuberantDuck,1,2024-09-05T18:59:10Z,Day3
Left,WholesomeHummingbird,0,113079891973308048,ConfidentPanther,0,2024-09-05T19:00:29Z,Day3
Left,WholesomeHummingbird,0,113079913125888848,SincereNumbat,0,2024-09-05T19:00:38Z,Day3
Left,WholesomeHummingbird,0,113080873190256368,VibrantMantis,0,2024-09-05T19:00:48Z,Day3
Left,ConfidentPanther,0,113086493215591040,MerryToucan,0,2024-09-05T19:03:34Z,Day3
Left,WholesomeHummingbird,0,113077713189209040,GloriousJaguar,0,2024-09-05T19:03:53Z,Day3
Left,WholesomeHummingbird,0,113075861023482432,ThoughtfulCricket,0,2024-09-05T19:09:26Z,Day3
Left,WholesomeHummingbird,0,113075912863154368,ConfidentPanther,0,2024-09-05T19:10:28Z,Day3
Left,WholesomeHummingbird,0,113075938906639136,UnderstandingPossum,0,2024-09-05T19:10:38Z,Day3
Left,WholesomeHummingbird,0,113075966491458176,UnderstandingPossum,0,2024-09-05T19:11:00Z,Day3
Left,WholesomeHummingbird,0,113075979736239472,ConfidentPanther,0,2024-09-05T19:11:07Z,Day3
Left,WholesomeHummingbird,0,113075933605398208,AmbitiousManatee,0,2024-09-05T19:11:18Z,Day3
Left,WholesomeHummingbird,0,113075954223818752,UnderstandingPossum,0,2024-09-05T19:11:34Z,Day3
Left,QuaintPelican,0,113086284996291312,DevotedNightingale,1,2024-09-05T19:11:53Z,Day3
Left,WholesomeHummingbird,0,113075922880977648,UnderstandingPossum,0,2024-09-05T19:12:42Z,Day3
Left,MerryToucan,0,113086531442249888,CheerfulJackal,0,2024-09-05T19:12:47Z,Day3
Left,WholesomeHummingbird,0,113075906958522176,UnderstandingPossum,0,2024-09-05T19:13:18Z,Day3
Left,WholesomeHummingbird,0,113075915877691520,UnderstandingPossum,0,2024-09-05T19:13:32Z,Day3
Left,QuaintPelican,0,113085507437208992,PlayfulElk,1,2024-09-05T19:13:51Z,Day3
Left,DelightfulEgret,0,113086531442249888,CheerfulJackal,0,2024-09-05T19:15:04Z,Day3
Left,OptimisticQuoll,0,113085329012974768,WonderfulGorilla,0,2024-09-05T19:16:08Z,Day3
Left,WholesomeHummingbird,0,113085516323274400,VibrantMantis,0,2024-09-05T19:20:01Z,Day3
Left,WholesomeHummingbird,0,113085621501465536,UnderstandingPossum,0,2024-09-05T19:20:10Z,Day3
Left,WholesomeHummingbird,0,113086234751062208,EnthusiasticBee,0,2024-09-05T19:20:15Z,Day3
Left,WholesomeHummingbird,0,113086320360044032,CreativeTiger,0,2024-09-05T19:20:20Z,Day3
Left,DelightfulEgret,0,113086566186881280,KindDeer,0,2024-09-05T19:22:00Z,Day3
Left,IdealEel,0,113086284996291312,DevotedNightingale,1,2024-09-05T19:24:44Z,Day3
Left,CreativeTiger,0,113086628512203488,CheerfulJackal,0,2024-09-05T19:38:52Z,Day3
Left,DelightfulEgret,0,113086631071875744,ThrivingHorse,0,2024-09-05T19:44:16Z,Day3
Left,EnthusiasticBee,0,113086397235824800,VibrantMantis,0,2024-09-05T19:45:02Z,Day3
Left,ConfidentPanther,0,113086508610213728,KindDeer,0,2024-09-05T19:48:27Z,Day3
Left,QuickOstrich,0,113081419368347360,HarmoniousCat,0,2024-09-05T19:49:49Z,Day3
Left,JoyfulNewt,0,113086631071875744,ThrivingHorse,0,2024-09-05T19:49:49Z,Day3
Left,ThrivingHorse,0,113086673628964224,EnthusiasticBee,0,2024-09-05T19:50:07Z,Day3
Left,QuickOstrich,0,113081580945348928,MarvelousChimpanzee,0,2024-09-05T19:50:30Z,Day3
Left,QuickOstrich,0,113081656474640544,LightheartedWoodpecker,0,2024-09-05T19:50:48Z,Day3
Left,QuickOstrich,0,113081814661588112,CourageousPorpoise,0,2024-09-05T19:51:07Z,Day3
Left,AdmirableFlamingo,0,113086673628964224,EnthusiasticBee,0,2024-09-05T19:52:50Z,Day3
Left,EnthusiasticBee,0,113086560810235152,KindDeer,0,2024-09-05T19:53:57Z,Day3
Left,QuaintPelican,0,113086631071875744,ThrivingHorse,0,2024-09-05T19:58:52Z,Day3
Left,QuaintPelican,0,113086531442249888,CheerfulJackal,0,2024-09-05T19:59:03Z,Day3
Left,EnthusiasticBee,0,113086566186881280,KindDeer,0,2024-09-05T19:59:42Z,Day3
Left,CalmUnicorn,0,113086560810235152,KindDeer,0,2024-09-05T19:59:54Z,Day3
Left,ExcitingTurtle,0,113085265987138256,VictoriousKoala,0,2024-09-05T20:01:36Z,Day3
Left,ExcitingTurtle,0,113085588653220032,UnderstandingPossum,0,2024-09-05T20:01:52Z,Day3
Left,EnthusiasticBee,0,113086680532284288,ThrivingHorse,0,2024-09-05T20:05:17Z,Day3
Left,SympatheticQuokka,0,113086631071875744,ThrivingHorse,0,2024-09-05T20:06:35Z,Day3
Left,MarvelousChimpanzee,0,113082818999210096,CaringGecko,0,2024-09-05T20:13:12Z,Day3
Left,QualifiedFrog,0,113086773620563520,JoyfulNewt,0,2024-09-05T20:13:54Z,Day3
Left,EnthusiasticBee,0,113086466452389424,VibrantMantis,0,2024-09-05T20:16:28Z,Day3
Left,NeatChicken,0,113081542179798048,CourteousAntelope,0,2024-09-05T20:16:34Z,Day3
Left,EnthusiasticBee,0,113086435748949536,EsteemedSquirrel,0,2024-09-05T20:16:37Z,Day3
Left,QualifiedFrog,0,113086797765425344,StrongDog,0,2024-09-05T20:20:13Z,Day3
Left,NeatChicken,0,113086746868837280,JoyfulNewt,0,2024-09-05T20:20:31Z,Day3
Left,QualifiedFrog,0,113086796679378384,ThrivingHorse,0,2024-09-05T20:21:02Z,Day3
Left,NeatChicken,0,113086766066052064,QualifiedFrog,0,2024-09-05T20:21:11Z,Day3
Left,QualifiedFrog,0,113076034133352224,QuickOstrich,0,2024-09-05T20:24:21Z,Day3
Left,ExcitingTurtle,0,113086801667572704,JoyfulNewt,0,2024-09-05T20:24:35Z,Day3
Left,QualifiedFrog,0,113086776626834144,QuickOstrich,0,2024-09-05T20:24:42Z,Day3
Left,CalmUnicorn,0,113086566186881280,KindDeer,0,2024-09-05T20:26:36Z,Day3
Left,ExcitingTurtle,0,113086832063724256,HopefulBoa,0,2024-09-05T20:28:59Z,Day3
Left,QuickOstrich,0,113084929775791952,EsteemedSquirrel,0,2024-09-05T20:29:51Z,Day3
Left,ExcitingTurtle,0,113086836872172176,NeatChicken,0,2024-09-05T20:30:28Z,Day3
Left,QuaintPelican,0,113086766066052064,QualifiedFrog,0,2024-09-05T20:32:19Z,Day3
Left,QuaintPelican,0,113086807245583872,ExcitingTurtle,0,2024-09-05T20:32:34Z,Day3
Left,QuaintPelican,0,113086829049911856,IdealEel,0,2024-09-05T20:32:39Z,Day3
Left,ExcitingTurtle,0,113085251297349280,SincereNumbat,0,2024-09-05T20:33:50Z,Day3
Left,ExcitingTurtle,0,113085294584449552,WonderfulGorilla,0,2024-09-05T20:34:14Z,Day3
Left,ExcitingTurtle,0,113085311583134656,VictoriousKoala,0,2024-09-05T20:34:24Z,Day3
Left,MarvelousChimpanzee,0,113081858761669760,CaringGecko,0,2024-09-05T20:34:54Z,Day3
Left,StrongDog,0,113083399053062704,CaringGecko,0,2024-09-05T20:36:16Z,Day3
Left,StrongDog,0,113082818999210096,CaringGecko,0,2024-09-05T20:38:38Z,Day3
Left,ThrivingHorse,0,113086798880419360,JoyfulNewt,0,2024-09-05T20:39:08Z,Day3
Left,AmbitiousManatee,0,113086863739015568,HopefulBoa,0,2024-09-05T20:39:23Z,Day3
Left,StrongDog,0,113082460517740944,CaringGecko,0,2024-09-05T20:40:57Z,Day3
Left,AmbitiousManatee,0,113086766066052064,QualifiedFrog,0,2024-09-05T20:41:16Z,Day3
Left,HopefulBoa,0,113086884172009008,CheerfulJackal,0,2024-09-05T20:42:27Z,Day3
Left,ThrivingHorse,0,113086532290550272,WholesomeHummingbird,0,2024-09-05T20:44:21Z,Day3
Left,ExcitingTurtle,0,113086878111285040,CheerfulJackal,0,2024-09-05T20:47:30Z,Day3
Left,CalmUnicorn,0,113086891380683824,ThrivingHorse,0,2024-09-05T20:51:19Z,Day3
Left,ExcitingTurtle,0,113086907498905216,CourteousAntelope,0,2024-09-05T20:53:03Z,Day3
Left,SincereNumbat,0,113086871998821216,ExcitingTurtle,0,2024-09-05T20:58:12Z,Day3
Left,SincereNumbat,0,113086945143109008,CheerfulJackal,0,2024-09-05T20:58:48Z,Day3
Left,ExcitingTurtle,0,113086916768087824,DeterminedSeahorse,0,2024-09-05T21:00:03Z,Day3
Left,ExcitingTurtle,0,113086862959581232,JoyfulNewt,0,2024-09-05T21:00:51Z,Day3
Left,ExcitingTurtle,0,113086945143109008,CheerfulJackal,0,2024-09-05T21:01:56Z,Day3
Left,CalmUnicorn,0,113085834210306656,KindheartedStingray,0,2024-09-05T21:03:34Z,Day3
Left,AffectionateWolf,0,113084766022169536,VibrantMantis,0,2024-09-05T21:04:42Z,Day3
Left,CapableCobra,0,113086869605392912,StrongDog,0,2024-09-05T21:08:54Z,Day3
Left,CapableCobra,0,113086863739015568,HopefulBoa,0,2024-09-05T21:08:57Z,Day3
Left,HarmoniousCat,0,113086891380683824,ThrivingHorse,0,2024-09-05T21:09:13Z,Day3
Left,CapableCobra,0,113086853568568960,StrongDog,0,2024-09-05T21:09:28Z,Day3
Left,ExcitingTurtle,0,113086986330279408,FantasticPython,0,2024-09-05T21:09:44Z,Day3
Left,HarmoniousCat,0,113086863739015568,HopefulBoa,0,2024-09-05T21:09:49Z,Day3
Left,ExcitingTurtle,0,113086927506784336,CreativeTiger,0,2024-09-05T21:10:17Z,Day3
Left,ExcitingTurtle,0,113086869605392912,StrongDog,0,2024-09-05T21:12:08Z,Day3
Left,ArtisticFinch,0,113086891380683824,ThrivingHorse,0,2024-09-05T21:12:41Z,Day3
Left,ConfidentPanther,0,113086891380683824,ThrivingHorse,0,2024-09-05T21:13:13Z,Day3
Left,HarmoniousCat,0,113086411917335392,ZenBat,0,2024-09-05T21:14:55Z,Day3
Left,CalmUnicorn,0,113086986330279408,FantasticPython,0,2024-09-05T21:15:20Z,Day3
Left,ImaginativeWolverine,0,113082222185343008,UnderstandingPossum,0,2024-09-05T21:19:22Z,Day3
Left,HarmoniousCat,0,113085507437208992,PlayfulElk,1,2024-09-05T21:19:58Z,Day3
Left,ExcitingTurtle,0,113087014352240752,ConfidentPanther,0,2024-09-05T21:20:38Z,Day3
Left,ConfidentPanther,0,113087036225633808,ExcitingTurtle,0,2024-09-05T21:20:47Z,Day3
Left,CapableCobra,0,113086676341520240,ThrivingHorse,0,2024-09-05T21:20:56Z,Day3
Left,CapableCobra,0,113086631071875744,ThrivingHorse,0,2024-09-05T21:21:04Z,Day3
Left,IdealEel,0,113087020414516544,ExcitingTurtle,0,2024-09-05T21:21:30Z,Day3
Left,IdealEel,0,113087014435295696,ExuberantDuck,1,2024-09-05T21:21:58Z,Day3
Left,CapableCobra,0,113086229953698320,EagerYak,1,2024-09-05T21:22:03Z,Day3
Left,CapableCobra,0,113086214668684784,EagerYak,1,2024-09-05T21:22:09Z,Day3
Left,ExcitingTurtle,0,113087025594076000,BeneficialMacaw,0,2024-09-05T21:22:18Z,Day3
Left,CapableCobra,0,113087045434413376,ExuberantDuck,1,2024-09-05T21:23:24Z,Day3
Left,CapableCobra,0,113087014435295696,ExuberantDuck,1,2024-09-05T21:23:52Z,Day3
Left,ExcitingTurtle,0,113087050322588720,DazzlingLamb,0,2024-09-05T21:24:36Z,Day3
Left,BeneficialMacaw,0,113086229953698320,EagerYak,1,2024-09-05T21:24:55Z,Day3
Left,CapableCobra,0,113087053478316960,HarmoniousCat,0,2024-09-05T21:25:00Z,Day3
Left,ArtisticFinch,0,113087056823097280,ExuberantDuck,1,2024-09-05T21:26:26Z,Day3
Left,ConfidentPanther,0,113087053478316960,HarmoniousCat,0,2024-09-05T21:26:51Z,Day3
Left,ExcitingTurtle,0,113087045388364784,ConfidentPanther,0,2024-09-05T21:27:32Z,Day3
Left,ConfidentPanther,0,113087072643655280,ExcitingTurtle,0,2024-09-05T21:29:57Z,Day3
Left,ConfidentPanther,0,113087049948609312,ExcitingTurtle,0,2024-09-05T21:32:09Z,Day3
Left,ExcitingTurtle,0,113075626444078960,CaringGecko,0,2024-09-05T21:32:21Z,Day3
Left,ExcitingTurtle,0,113075533609790976,CaringGecko,0,2024-09-05T21:32:32Z,Day3
Left,ComposedDolphin,0,113086486935976288,UpbeatParrot,0,2024-09-05T21:33:29Z,Day3
Left,ComposedDolphin,0,113086566186881280,KindDeer,0,2024-09-05T21:34:18Z,Day3
Left,SincereNumbat,0,113087066205751888,BeneficialMacaw,0,2024-09-05T21:35:03Z,Day3
Left,JoyfulNewt,0,113087041402885664,MajesticPlatypus,0,2024-09-05T21:37:12Z,Day3
Left,ComposedDolphin,0,113086706550800672,AdmirableFlamingo,0,2024-09-05T21:39:30Z,Day3
Left,ImaginativeWolverine,0,113087101482303872,DevotedNightingale,1,2024-09-05T21:41:06Z,Day3
Left,ConfidentPanther,0,113087101482303872,DevotedNightingale,1,2024-09-05T21:41:42Z,Day3
Left,ExcitingTurtle,0,113087101482303872,DevotedNightingale,1,2024-09-05T21:42:24Z,Day3
Left,ExcitingTurtle,0,113087109374224944,ArtisticFinch,0,2024-09-05T21:42:36Z,Day3
Left,BeneficialMacaw,0,113086974108081184,CapableCobra,0,2024-09-05T21:44:24Z,Day3
Left,DiligentKiwi,0,113087097445586048,BeneficialMacaw,0,2024-09-05T21:45:12Z,Day3
Left,ExcitingTurtle,0,113087093714792928,CourteousAntelope,0,2024-09-05T21:45:33Z,Day3
Left,BeneficialMacaw,0,113087139001311232,YouthfulPeacock,0,2024-09-05T21:47:24Z,Day3
Left,HumbleLorikeet,0,113087124014337248,BeneficialMacaw,0,2024-09-05T21:48:24Z,Day3
Left,ImaginativeWolverine,0,113087106338325728,ComposedDolphin,0,2024-09-05T21:50:29Z,Day3
Left,CapableCobra,0,113087134354511200,DevotedNightingale,1,2024-09-05T21:51:10Z,Day3
Left,CapableCobra,0,113087124014337248,BeneficialMacaw,0,2024-09-05T21:51:12Z,Day3
Left,ImaginativeWolverine,0,113087045434413376,ExuberantDuck,1,2024-09-05T21:55:10Z,Day3
Left,ExcitingTurtle,0,113087165700154832,SereneHyena,0,2024-09-05T21:56:43Z,Day3
Left,QuaintPelican,0,113086807162711824,HopefulBoa,0,2024-09-05T21:57:07Z,Day3
Left,QuaintPelican,0,113086980702952832,ExcitingTurtle,0,2024-09-05T21:57:30Z,Day3
Left,QuaintPelican,0,113086955297312992,ExcitingTurtle,0,2024-09-05T21:57:33Z,Day3
Left,JoyfulNewt,0,113087175467093728,ExcitingTurtle,0,2024-09-05T21:57:59Z,Day3
Left,ExcitingTurtle,0,113087189954351600,GleefulDingo,1,2024-09-05T21:59:51Z,Day3
Left,ExcitingTurtle,0,113083592296399648,CreativeTiger,0,2024-09-05T22:02:35Z,Day3
Left,ExcitingTurtle,0,113087201387322896,GleefulDingo,1,2024-09-05T22:03:24Z,Day3
Left,QuaintPelican,0,113087189954351600,GleefulDingo,1,2024-09-05T22:03:40Z,Day3
Left,ExcitingTurtle,0,113087203760068112,SereneHyena,0,2024-09-05T22:04:02Z,Day3
Left,AdmirableFlamingo,0,113087206028462736,YouthfulPeacock,0,2024-09-05T22:04:11Z,Day3
Left,SereneHyena,0,113087220536410304,ExcitingTurtle,0,2024-09-05T22:07:50Z,Day3
Left,ImaginativeWolverine,0,113087219323382416,PlayfulElk,1,2024-09-05T22:08:47Z,Day3
Left,ExcitingTurtle,0,113087226587316128,SereneHyena,0,2024-09-05T22:09:08Z,Day3
Left,ExcitingTurtle,0,113087217254816512,SereneHyena,0,2024-09-05T22:10:20Z,Day3
Left,ComposedDolphin,0,113087206028462736,YouthfulPeacock,0,2024-09-05T22:11:13Z,Day3
Left,ComposedDolphin,0,113087152917919760,ImaginativeWolverine,0,2024-09-05T22:11:20Z,Day3
Left,ConfidentPanther,0,113087201387322896,GleefulDingo,1,2024-09-05T22:14:07Z,Day3
Left,ConfidentPanther,0,113087247013594704,YouthfulPeacock,0,2024-09-05T22:15:44Z,Day3
Left,ConfidentPanther,0,113087251540099072,YouthfulPeacock,0,2024-09-05T22:15:50Z,Day3
Left,MagnificentPig,0,113087247013594704,YouthfulPeacock,0,2024-09-05T22:16:03Z,Day3
Left,MagnificentPig,0,113087201387322896,GleefulDingo,1,2024-09-05T22:19:40Z,Day3
Left,AmbitiousManatee,0,113087206028462736,YouthfulPeacock,0,2024-09-05T22:21:22Z,Day3
Left,ImaginativeWolverine,0,113086978197141008,ConfidentPanther,0,2024-09-05T22:22:29Z,Day3
Left,ReliableOctopus,0,113082482212344848,ExcitingTurtle,0,2024-09-05T22:23:30Z,Day3
Left,AmazingIbis,0,113087053478316960,HarmoniousCat,0,2024-09-05T22:23:38Z,Day3
Left,ImaginativeWolverine,0,113087201387322896,GleefulDingo,1,2024-09-05T22:24:02Z,Day3
Left,AmiableTortoise,0,113087206028462736,YouthfulPeacock,0,2024-09-05T22:26:12Z,Day3
Left,ConfidentPanther,0,113087279638750496,ImaginativeWolverine,0,2024-09-05T22:26:30Z,Day3
Left,ReliableOctopus,0,113087290306476976,ConfidentPanther,0,2024-09-05T22:27:42Z,Day3
Left,AmazingIbis,0,113087318922657728,FantasticPython,0,2024-09-05T22:32:38Z,Day3
Left,ExcitingTurtle,0,113087252206496080,SereneHyena,0,2024-09-05T22:34:45Z,Day3
Left,ExcitingTurtle,0,113087306307643280,EagerYak,1,2024-09-05T22:38:11Z,Day3
Left,ExcitingTurtle,0,113087320144313328,ConfidentPanther,0,2024-09-05T22:38:20Z,Day3
Left,ExcitingTurtle,0,113087335851055680,MagnificentPig,0,2024-09-05T22:38:31Z,Day3
Left,ExcitingTurtle,0,113087298707845984,EagerYak,1,2024-09-05T22:38:50Z,Day3
Left,ExcitingTurtle,0,113087348036562768,ReliableOctopus,0,2024-09-05T22:40:20Z,Day3
Left,ThrivingHorse,0,113087083707860864,DazzlingLamb,0,2024-09-05T22:44:29Z,Day3
Left,ExcitingTurtle,0,113087284118420960,AmazingIbis,0,2024-09-05T22:45:08Z,Day3
Left,ExcitingTurtle,0,113087256263805088,PlayfulElk,1,2024-09-05T22:46:19Z,Day3
Left,AffectionateWolf,0,113087290306476976,ConfidentPanther,0,2024-09-05T22:46:32Z,Day3
Left,ExcitingTurtle,0,113087252365175408,ConfidentPanther,0,2024-09-05T22:48:11Z,Day3
Left,ExcitingTurtle,0,113087219323382416,PlayfulElk,1,2024-09-05T22:48:12Z,Day3
Left,ThrivingHorse,0,113087318922657728,FantasticPython,0,2024-09-05T22:49:20Z,Day3
Left,ConfidentPanther,0,113087383904696688,AffectionateWolf,0,2024-09-05T22:50:07Z,Day3
Left,GloriousJaguar,0,113087306307643280,EagerYak,1,2024-09-05T22:51:37Z,Day3
Left,CourageousPorpoise,0,113087392880518864,SunnySalamander,0,2024-09-05T22:52:05Z,Day3
Left,GloriousJaguar,0,113087219323382416,PlayfulElk,1,2024-09-05T22:52:23Z,Day3
Left,ExcitingTurtle,0,113087381235280832,CourteousAntelope,0,2024-09-05T22:52:27Z,Day3
Left,GloriousJaguar,0,113087056823097280,ExuberantDuck,1,2024-09-05T22:54:11Z,Day3
Left,ImaginativeWolverine,0,113087392880518864,SunnySalamander,0,2024-09-05T22:54:37Z,Day3
Left,AffectionateWolf,0,113087206028462736,YouthfulPeacock,0,2024-09-05T22:55:55Z,Day3
Left,AffectionateWolf,0,113087393234293952,ConfidentPanther,0,2024-09-05T22:57:09Z,Day3
Left,ExcitingTurtle,0,113087409213536992,CourageousPorpoise,0,2024-09-05T22:57:38Z,Day3
Left,LightheartedWoodpecker,0,113087393902666720,ExcitingTurtle,0,2024-09-05T22:58:00Z,Day3
Left,CaringGecko,0,113087412445179008,ThrivingHorse,0,2024-09-05T22:59:51Z,Day3
Left,CaringGecko,0,113087082859420544,MajesticPlatypus,0,2024-09-05T23:01:24Z,Day3
Left,CaringGecko,0,113087041402885664,MajesticPlatypus,0,2024-09-05T23:02:02Z,Day3
Left,AffectionateWolf,0,113087429168761312,DevotedNightingale,1,2024-09-05T23:02:31Z,Day3
Left,ThrivingHorse,0,113087099407979552,WiseKingfisher,0,2024-09-05T23:06:23Z,Day3
Left,ConfidentPanther,0,113087433753228368,AffectionateWolf,0,2024-09-05T23:07:50Z,Day3
Left,ConfidentPanther,0,113087412445179008,ThrivingHorse,0,2024-09-05T23:07:51Z,Day3
Left,KindheartedStingray,0,113087082859420544,MajesticPlatypus,0,2024-09-05T23:12:02Z,Day3
Left,CaringGecko,0,113083903505774368,ExcitingTurtle,0,2024-09-05T23:17:22Z,Day3
Left,CaringGecko,0,113083410077514016,AffectionateWolf,0,2024-09-05T23:17:53Z,Day3
Left,ThrivingHorse,0,113087453035641360,ConfidentPanther,0,2024-09-05T23:19:08Z,Day3
Left,JoyfulNewt,0,113087476293050352,MindfulWildebeest,1,2024-09-05T23:22:52Z,Day3
Left,ConfidentPanther,0,113087507956070016,CaringGecko,0,2024-09-05T23:25:25Z,Day3
Left,ConfidentPanther,0,113087523805748080,MindfulWildebeest,1,2024-09-05T23:26:54Z,Day3
Left,AdmirableFlamingo,0,113087419843499264,ThrivingHorse,0,2024-09-05T23:35:43Z,Day3
Left,ExcitingTurtle,0,113087572264043136,CourteousAntelope,0,2024-09-05T23:37:19Z,Day3
Left,ExcitingTurtle,0,113087545774349392,NeatChicken,0,2024-09-05T23:40:30Z,Day3
Left,SunnySalamander,0,113087592521306224,FaithfulRhinoceros,0,2024-09-05T23:43:54Z,Day3
Left,SunnySalamander,0,113087415382284176,ImaginativeWolverine,0,2024-09-05T23:43:59Z,Day3
Left,SunnySalamander,0,113087397824610912,ReliableOctopus,0,2024-09-05T23:44:08Z,Day3
Left,ExcitingTurtle,0,113087511226481056,PassionateCondor,0,2024-09-05T23:45:17Z,Day3
Left,ConfidentPanther,0,113087567496882656,ExcitingTurtle,0,2024-09-05T23:45:49Z,Day3
Left,AdmirableFlamingo,0,113087412445179008,ThrivingHorse,0,2024-09-05T23:46:57Z,Day3
Left,AdmirableFlamingo,0,113087405708480480,DevotedNightingale,1,2024-09-05T23:47:03Z,Day3
Left,ExcitingTurtle,0,113087494807026112,CaringGecko,0,2024-09-05T23:47:33Z,Day3
Left,AdmirableFlamingo,0,113087306307643280,EagerYak,1,2024-09-05T23:48:07Z,Day3
Left,ExcitingTurtle,0,113087477164106480,DelightfulEgret,0,2024-09-05T23:50:20Z,Day3
Left,ExcitingTurtle,0,113087615699620016,ConfidentPanther,0,2024-09-05T23:50:53Z,Day3
Left,ConfidentPanther,0,113087642398280896,ExcitingTurtle,0,2024-09-05T23:54:52Z,Day3
Left,ThrivingHorse,0,113087643474568496,FaithfulRhinoceros,0,2024-09-05T23:55:15Z,Day3
Left,ExcitingTurtle,0,113087644669187200,BrilliantKookaburra,0,2024-09-05T23:56:32Z,Day3
Left,AdmirableFlamingo,0,113087637355004592,FaithfulRhinoceros,0,2024-09-05T23:59:11Z,Day3
Left,SunnySalamander,0,113087614275816624,SweetGazelle,0,2024-09-06T00:01:42Z,Day4
Left,ExcitingTurtle,0,113087647364015232,ConfidentPanther,0,2024-09-06T00:02:37Z,Day4
Left,ExcitingTurtle,0,113087458431719952,CaringGecko,0,2024-09-06T00:05:15Z,Day4
Left,ConfidentPanther,0,113087680426993296,ExcitingTurtle,0,2024-09-06T00:06:21Z,Day4
Left,ExcitingTurtle,0,113087691653305744,ConfidentPanther,0,2024-09-06T00:07:55Z,Day4
Left,ExcitingTurtle,0,113087643474568496,FaithfulRhinoceros,0,2024-09-06T00:11:03Z,Day4
Left,ExcitingTurtle,0,113087507956070016,CaringGecko,0,2024-09-06T00:11:48Z,Day4
Left,ExcitingTurtle,0,113087429168761312,DevotedNightingale,1,2024-09-06T00:13:20Z,Day4
Left,ExcitingTurtle,0,113087706894299856,ConfidentPanther,0,2024-09-06T00:17:44Z,Day4
Left,ExcitingTurtle,0,113087724689779392,NeatChicken,0,2024-09-06T00:23:32Z,Day4
Left,ExcitingTurtle,0,113087405708480480,DevotedNightingale,1,2024-09-06T00:24:57Z,Day4
Left,ExcitingTurtle,0,113087759098348592,JoyfulNewt,0,2024-09-06T00:25:04Z,Day4
Left,ConfidentPanther,0,113087752973318784,ExcitingTurtle,0,2024-09-06T00:25:51Z,Day4
Left,JoyfulNewt,0,113087752973318784,ExcitingTurtle,0,2024-09-06T00:25:55Z,Day4
Left,ExcitingTurtle,0,113087772805447664,ConfidentPanther,0,2024-09-06T00:30:26Z,Day4
Left,WonderfulGorilla,0,113085600504861760,UnderstandingPossum,0,2024-09-06T00:34:57Z,Day4
Left,WonderfulGorilla,0,113085602154594096,UnderstandingPossum,0,2024-09-06T00:35:28Z,Day4
Left,WonderfulGorilla,0,113085686343569552,CourteousAntelope,0,2024-09-06T00:36:01Z,Day4
Left,WonderfulGorilla,0,113087752973318784,ExcitingTurtle,0,2024-09-06T00:38:00Z,Day4
Left,WonderfulGorilla,0,113087759098348592,JoyfulNewt,0,2024-09-06T00:38:07Z,Day4
Left,WonderfulGorilla,0,113087766420997184,ExcitingTurtle,0,2024-09-06T00:38:09Z,Day4
Left,WonderfulGorilla,0,113087772805447664,ConfidentPanther,0,2024-09-06T00:38:13Z,Day4
Left,WonderfulGorilla,0,113087791180776576,ExcitingTurtle,0,2024-09-06T00:38:19Z,Day4
Left,CompassionateGopher,0,113087752973318784,ExcitingTurtle,0,2024-09-06T00:38:47Z,Day4
Left,EncouragingLadybug,0,113087392880518864,SunnySalamander,0,2024-09-06T00:44:10Z,Day4
Left,JoyfulNewt,0,113087812943907728,YearningHare,0,2024-09-06T00:44:57Z,Day4
Left,EncouragingLadybug,0,113087124014337248,BeneficialMacaw,0,2024-09-06T00:45:11Z,Day4
Left,CaringGecko,0,113087752973318784,ExcitingTurtle,0,2024-09-06T00:47:45Z,Day4
Left,WonderfulGorilla,0,113087812943907728,YearningHare,0,2024-09-06T00:48:25Z,Day4
Left,WonderfulGorilla,0,113087724689779392,NeatChicken,0,2024-09-06T00:48:29Z,Day4
Left,JoyfulNewt,0,113087865379387792,CaringGecko,0,2024-09-06T00:57:56Z,Day4
Left,JoyfulNewt,0,113087862525298576,CaringGecko,0,2024-09-06T00:57:58Z,Day4
Left,ConfidentPanther,0,113087791180776576,ExcitingTurtle,0,2024-09-06T01:01:14Z,Day4
Left,ConfidentPanther,0,113087865379387792,CaringGecko,0,2024-09-06T01:02:04Z,Day4
Left,CapableCobra,0,113087752973318784,ExcitingTurtle,0,2024-09-06T01:09:35Z,Day4
Left,CapableCobra,0,113087643474568496,FaithfulRhinoceros,0,2024-09-06T01:10:06Z,Day4
Left,CapableCobra,0,113087637355004592,FaithfulRhinoceros,0,2024-09-06T01:10:12Z,Day4
Left,CapableCobra,0,113087523805748080,MindfulWildebeest,1,2024-09-06T01:10:31Z,Day4
Left,CapableCobra,0,113087539544991728,ConfidentPanther,0,2024-09-06T01:10:40Z,Day4
Left,UniqueSnail,0,113086704060760304,UpbeatParrot,0,2024-09-06T01:10:55Z,Day4
Left,AffectionateWolf,0,113087865379387792,CaringGecko,0,2024-09-06T01:11:01Z,Day4
Left,CapableCobra,0,113087865379387792,CaringGecko,0,2024-09-06T01:12:02Z,Day4
Left,MotivatedBandicoot,0,113087862525298576,CaringGecko,0,2024-09-06T01:15:10Z,Day4
Left,MotivatedBandicoot,0,113087752973318784,ExcitingTurtle,0,2024-09-06T01:15:35Z,Day4
Left,MotivatedBandicoot,0,113085466789414256,ConfidentPanther,0,2024-09-06T01:17:27Z,Day4
Left,UnderstandingPossum,0,113087957084139808,UniqueSnail,0,2024-09-06T01:19:30Z,Day4
Left,AffectionateWolf,0,113087752973318784,ExcitingTurtle,0,2024-09-06T01:20:41Z,Day4
Left,AffectionateWolf,0,113087851324458528,WonderfulGorilla,0,2024-09-06T01:21:28Z,Day4
Left,UnderstandingPossum,0,113087853831190208,EncouragingLadybug,0,2024-09-06T01:21:42Z,Day4
Left,AffectionateWolf,0,113085252155511760,WonderfulGorilla,0,2024-09-06T01:21:47Z,Day4
Left,UnderstandingPossum,0,113087873065708672,CheerfulJackal,0,2024-09-06T01:21:51Z,Day4
Left,UnderstandingPossum,0,113087890904667072,CaringGecko,0,2024-09-06T01:21:52Z,Day4
Left,AffectionateWolf,0,113082723414271776,WonderfulGorilla,0,2024-09-06T01:22:02Z,Day4
Left,AffectionateWolf,0,113077806073851456,WonderfulGorilla,0,2024-09-06T01:22:04Z,Day4
Left,UnderstandingPossum,0,113087752973318784,ExcitingTurtle,0,2024-09-06T01:22:34Z,Day4
Left,ExcitingTurtle,0,113087865379387792,CaringGecko,0,2024-09-06T01:23:50Z,Day4
Left,UnderstandingPossum,0,113087759098348592,JoyfulNewt,0,2024-09-06T01:23:57Z,Day4
Left,UnderstandingPossum,0,113087766420997184,ExcitingTurtle,0,2024-09-06T01:24:00Z,Day4
Left,UnderstandingPossum,0,113087772805447664,ConfidentPanther,0,2024-09-06T01:24:03Z,Day4
Left,UnderstandingPossum,0,113087791180776576,ExcitingTurtle,0,2024-09-06T01:24:07Z,Day4
Left,UnderstandingPossum,0,113087851324458528,WonderfulGorilla,0,2024-09-06T01:24:13Z,Day4
Left,UnderstandingPossum,0,113087854071072928,CaringGecko,0,2024-09-06T01:24:38Z,Day4
Left,JoyfulNewt,0,113087982982207264,UnderstandingPossum,0,2024-09-06T01:24:48Z,Day4
Left,ExcitingTurtle,0,113087993214501920,UnderstandingPossum,0,2024-09-06T01:24:49Z,Day4
Left,UnderstandingPossum,0,113087724689779392,NeatChicken,0,2024-09-06T01:24:55Z,Day4
Left,CreativeTiger,0,113087507956070016,CaringGecko,0,2024-09-06T01:25:58Z,Day4
Left,UnderstandingPossum,0,113087669833912064,FaithfulRhinoceros,0,2024-09-06T01:26:08Z,Day4
Left,UnderstandingPossum,0,113087643474568496,FaithfulRhinoceros,0,2024-09-06T01:26:49Z,Day4
Left,UnderstandingPossum,0,113087637355004592,FaithfulRhinoceros,0,2024-09-06T01:27:16Z,Day4
Left,UnderstandingPossum,0,113087653127034272,BrilliantKookaburra,0,2024-09-06T01:27:23Z,Day4
Left,UnderstandingPossum,0,113087662063885440,AdmirableFlamingo,0,2024-09-06T01:27:33Z,Day4
Left,ExcitingTurtle,0,113087883045813392,CaringGecko,0,2024-09-06T01:27:33Z,Day4
Left,UnderstandingPossum,0,113087610264232256,AdmirableFlamingo,0,2024-09-06T01:27:52Z,Day4
Left,UnderstandingPossum,0,113087638125415712,JoyfulNewt,0,2024-09-06T01:27:54Z,Day4
Left,UnderstandingPossum,0,113088003043450624,ExcitingTurtle,0,2024-09-06T01:28:32Z,Day4
Left,UnderstandingPossum,0,113088003726818848,AffectionateWolf,0,2024-09-06T01:28:54Z,Day4
Left,ExcitingTurtle,0,113076792356252192,CaringGecko,0,2024-09-06T01:29:34Z,Day4
Left,ExcitingTurtle,0,113076108660737744,CaringGecko,0,2024-09-06T01:29:42Z,Day4
Left,ExcitingTurtle,0,113087878708273456,CaringGecko,0,2024-09-06T01:29:58Z,Day4
Left,AffectionateWolf,0,113088016141494256,UnderstandingPossum,0,2024-09-06T01:30:01Z,Day4
Left,UnderstandingPossum,0,113088014122987520,UniqueSnail,0,2024-09-06T01:30:06Z,Day4
Left,CreativeTiger,0,113087075498757632,DazzlingLamb,0,2024-09-06T01:30:29Z,Day4
Left,CreativeTiger,0,113086989666549616,HarmoniousCat,0,2024-09-06T01:30:41Z,Day4
Left,CreativeTiger,0,113086992904459968,ExcitingTurtle,0,2024-09-06T01:30:42Z,Day4
Left,CreativeTiger,0,113086986330279408,FantasticPython,0,2024-09-06T01:30:43Z,Day4
Left,ExcitingTurtle,0,113088016480749856,AffectionateWolf,0,2024-09-06T01:30:49Z,Day4
Left,JoyfulNewt,0,113088003726818848,AffectionateWolf,0,2024-09-06T01:31:41Z,Day4
Left,AffectionateWolf,0,113088024555613456,ExcitingTurtle,0,2024-09-06T01:32:25Z,Day4
Left,ExcitingTurtle,0,113087854071072928,CaringGecko,0,2024-09-06T01:32:29Z,Day4
Left,CreativeTiger,0,113087014352240752,ConfidentPanther,0,2024-09-06T01:32:56Z,Day4
Left,UnderstandingPossum,0,113088025310570528,AffectionateWolf,0,2024-09-06T01:33:49Z,Day4
Left,AffectionateWolf,0,113088036673156624,UniqueSnail,0,2024-09-06T01:35:29Z,Day4
Left,ExcitingTurtle,0,113087851324458528,WonderfulGorilla,0,2024-09-06T01:35:30Z,Day4
Left,AffectionateWolf,0,113088037144048576,UnderstandingPossum,0,2024-09-06T01:35:30Z,Day4
Left,UnderstandingPossum,0,113087605033963440,SweetGazelle,0,2024-09-06T01:35:55Z,Day4
Left,UnderstandingPossum,0,113087567496882656,ExcitingTurtle,0,2024-09-06T01:36:04Z,Day4
Left,UnderstandingPossum,0,113087615699620016,ConfidentPanther,0,2024-09-06T01:36:21Z,Day4
Left,UnderstandingPossum,0,113087642398280896,ExcitingTurtle,0,2024-09-06T01:37:09Z,Day4
Left,UnderstandingPossum,0,113087680426993296,ExcitingTurtle,0,2024-09-06T01:37:27Z,Day4
Left,UniqueSnail,0,113088031521837984,UnderstandingPossum,0,2024-09-06T01:37:59Z,Day4
Left,JoyfulNewt,0,113082486690109056,UnderstandingPossum,0,2024-09-06T01:38:03Z,Day4
Left,UnderstandingPossum,0,113087691653305744,ConfidentPanther,0,2024-09-06T01:38:06Z,Day4
Left,JoyfulNewt,0,113082666588075952,WonderfulGorilla,0,2024-09-06T01:38:14Z,Day4
Left,JoyfulNewt,0,113085600504861760,UnderstandingPossum,0,2024-09-06T01:38:17Z,Day4
Left,UnderstandingPossum,0,113087523805748080,MindfulWildebeest,1,2024-09-06T01:38:32Z,Day4
Left,UnderstandingPossum,0,113087539544991728,ConfidentPanther,0,2024-09-06T01:38:41Z,Day4
Left,UniqueSnail,0,113088048795995808,AffectionateWolf,0,2024-09-06T01:39:03Z,Day4
Left,UnderstandingPossum,0,113088043693243360,CaringGecko,0,2024-09-06T01:39:21Z,Day4
Left,CaringGecko,0,113087909598346288,ConfidentPanther,0,2024-09-06T01:39:47Z,Day4
Left,CaringGecko,0,113088037198128720,ExcitingTurtle,0,2024-09-06T01:40:08Z,Day4
Left,UnderstandingPossum,0,113086735043225984,ExcitingTurtle,0,2024-09-06T01:40:16Z,Day4
Left,CaringGecko,0,113088003726818848,AffectionateWolf,0,2024-09-06T01:40:18Z,Day4
Left,UnderstandingPossum,0,113086557405681552,WholesomeHummingbird,0,2024-09-06T01:40:32Z,Day4
Left,ExcitingTurtle,0,113088048579544336,UnderstandingPossum,0,2024-09-06T01:40:38Z,Day4
Left,ExcitingTurtle,0,113088044870868704,UnderstandingPossum,0,2024-09-06T01:42:19Z,Day4
Left,ExcitingTurtle,0,113087862525298576,CaringGecko,0,2024-09-06T01:42:52Z,Day4
Left,ExcitingTurtle,0,113083399053062704,CaringGecko,0,2024-09-06T01:43:04Z,Day4
Left,ExcitingTurtle,0,113082460517740944,CaringGecko,0,2024-09-06T01:43:14Z,Day4
Left,UnderstandingPossum,0,113086008616391200,ThoughtfulCricket,0,2024-09-06T01:43:38Z,Day4
Left,ExcitingTurtle,0,113088067393008464,UnderstandingPossum,0,2024-09-06T01:45:33Z,Day4
Left,HarmoniousCat,0,113087116614638032,YouthfulPeacock,0,2024-09-06T01:47:20Z,Day4
Left,UnderstandingPossum,0,113087507956070016,CaringGecko,0,2024-09-06T01:48:26Z,Day4
Left,UnderstandingPossum,0,113087528304544832,ConfidentPanther,0,2024-09-06T01:48:31Z,Day4
Left,UnderstandingPossum,0,113087562760604976,CaringGecko,0,2024-09-06T01:48:32Z,Day4
Left,AffectionateWolf,0,113088070201428496,UniqueSnail,0,2024-09-06T01:50:14Z,Day4
Left,UniqueSnail,0,113088057845101008,MotivatedBandicoot,0,2024-09-06T01:50:40Z,Day4
Left,ExcitingTurtle,0,113088091673974336,MotivatedBandicoot,0,2024-09-06T01:51:05Z,Day4
Left,MotivatedBandicoot,0,113088098074365792,UniqueSnail,0,2024-09-06T01:54:15Z,Day4
Left,UnderstandingPossum,0,113088096269744736,ExcitingTurtle,0,2024-09-06T01:55:51Z,Day4
Left,CreativeTiger,0,113087643474568496,FaithfulRhinoceros,0,2024-09-06T02:03:29Z,Day4
Left,UnderstandingPossum,0,113088098074365792,UniqueSnail,0,2024-09-06T02:03:37Z,Day4
Left,UnderstandingPossum,0,113088125893027344,MotivatedBandicoot,0,2024-09-06T02:03:45Z,Day4
Left,ExcitingTurtle,0,113088127083646752,EagerYak,1,2024-09-06T02:04:08Z,Day4
Left,ExcitingTurtle,0,113088140830897648,UnderstandingPossum,0,2024-09-06T02:04:15Z,Day4
Left,UniqueSnail,0,113088153703816912,UnderstandingPossum,0,2024-09-06T02:04:58Z,Day4
Left,ConfidentPanther,0,113088044870868704,UnderstandingPossum,0,2024-09-06T02:05:12Z,Day4
Left,ConfidentPanther,0,113088048579544336,UnderstandingPossum,0,2024-09-06T02:05:15Z,Day4
Left,UnderstandingPossum,0,113087865379387792,CaringGecko,0,2024-09-06T02:05:34Z,Day4
Left,UnderstandingPossum,0,113087909598346288,ConfidentPanther,0,2024-09-06T02:05:35Z,Day4
Left,UnderstandingPossum,0,113088054822411712,CaringGecko,0,2024-09-06T02:05:36Z,Day4
Left,UnderstandingPossum,0,113087993810793744,ExcitingTurtle,0,2024-09-06T02:05:39Z,Day4
Left,UnderstandingPossum,0,113088038733162976,CaringGecko,0,2024-09-06T02:05:40Z,Day4
Left,UnderstandingPossum,0,113088156762139472,ExcitingTurtle,0,2024-09-06T02:05:51Z,Day4
Left,ExcitingTurtle,0,113088080747063424,UnderstandingPossum,0,2024-09-06T02:06:45Z,Day4
Left,ExcitingTurtle,0,113088122950187360,UnderstandingPossum,0,2024-09-06T02:07:14Z,Day4
Left,ConfidentPanther,0,113088053215984592,UnderstandingPossum,0,2024-09-06T02:07:47Z,Day4
Left,ConfidentPanther,0,113088054822411712,CaringGecko,0,2024-09-06T02:07:50Z,Day4
Left,ConfidentPanther,0,113088086757623232,HarmoniousCat,0,2024-09-06T02:08:02Z,Day4
Left,ExcitingTurtle,0,113088153703816912,UnderstandingPossum,0,2024-09-06T02:08:02Z,Day4
Left,QuaintPelican,0,113088169718087280,GleefulDingo,1,2024-09-06T02:09:07Z,Day4
Left,ConfidentPanther,0,113088169718087280,GleefulDingo,1,2024-09-06T02:09:46Z,Day4
Left,QuaintPelican,0,113087476293050352,MindfulWildebeest,1,2024-09-06T02:10:05Z,Day4
Left,ConfidentPanther,0,113088174486796944,GleefulDingo,1,2024-09-06T02:10:33Z,Day4
Left,UniqueSnail,0,113088003726818848,AffectionateWolf,0,2024-09-06T02:16:37Z,Day4
Left,ExcitingTurtle,0,113088174486796944,GleefulDingo,1,2024-09-06T02:19:51Z,Day4
Left,ExcitingTurtle,0,113088169718087280,GleefulDingo,1,2024-09-06T02:22:26Z,Day4
Left,ExcitingTurtle,0,113088003726818848,AffectionateWolf,0,2024-09-06T02:23:11Z,Day4
Left,ExcitingTurtle,0,113088025310570528,AffectionateWolf,0,2024-09-06T02:23:48Z,Day4
Left,ExcitingTurtle,0,113088037144048576,UnderstandingPossum,0,2024-09-06T02:24:12Z,Day4
Left,DependableWalrus,0,113088174486796944,GleefulDingo,1,2024-09-06T02:29:18Z,Day4
Left,DependableWalrus,0,113088192327303184,UniqueSnail,0,2024-09-06T02:30:39Z,Day4
Left,DependableWalrus,0,113088153703816912,UnderstandingPossum,0,2024-09-06T02:30:49Z,Day4
Left,DependableWalrus,0,113087853831190208,EncouragingLadybug,0,2024-09-06T02:31:18Z,Day4
Left,DependableWalrus,0,113087653127034272,BrilliantKookaburra,0,2024-09-06T02:32:01Z,Day4
Left,DependableWalrus,0,113087637355004592,FaithfulRhinoceros,0,2024-09-06T02:32:02Z,Day4
Left,DependableWalrus,0,113087662063885440,AdmirableFlamingo,0,2024-09-06T02:32:07Z,Day4
Left,ExcitingTurtle,0,113075680381926400,CaringGecko,0,2024-09-06T02:35:21Z,Day4
Left,ExcitingTurtle,0,113088279078216960,DependableWalrus,0,2024-09-06T02:37:18Z,Day4
Left,ExcitingTurtle,0,113088271756879168,PlayfulElk,1,2024-09-06T02:41:11Z,Day4
Left,WonderfulGorilla,0,113088055661514720,ExcitingTurtle,0,2024-09-06T02:44:00Z,Day4
Left,WonderfulGorilla,0,113087854071072928,CaringGecko,0,2024-09-06T02:44:21Z,Day4
Left,WonderfulGorilla,0,113088037198128720,ExcitingTurtle,0,2024-09-06T02:44:38Z,Day4
Left,WonderfulGorilla,0,113087993214501920,UnderstandingPossum,0,2024-09-06T02:44:41Z,Day4
Left,WonderfulGorilla,0,113088003043450624,ExcitingTurtle,0,2024-09-06T02:44:44Z,Day4
Left,WonderfulGorilla,0,113088016480749856,AffectionateWolf,0,2024-09-06T02:44:48Z,Day4
Left,WonderfulGorilla,0,113088024555613456,ExcitingTurtle,0,2024-09-06T02:44:52Z,Day4
Left,WonderfulGorilla,0,113088271756879168,PlayfulElk,1,2024-09-06T02:45:28Z,Day4
Left,WonderfulGorilla,0,113088305485344608,ExcitingTurtle,0,2024-09-06T02:45:33Z,Day4
Left,WonderfulGorilla,0,113088326083808192,SunnySalamander,0,2024-09-06T02:51:23Z,Day4
Left,WonderfulGorilla,0,113088244540896112,MindfulWildebeest,1,2024-09-06T02:56:03Z,Day4
Left,LoyalMonkey,0,113088271756879168,PlayfulElk,1,2024-09-06T02:56:27Z,Day4
Left,WonderfulGorilla,0,113088169718087280,GleefulDingo,1,2024-09-06T02:56:29Z,Day4
Left,WonderfulGorilla,0,113088174486796944,GleefulDingo,1,2024-09-06T02:56:33Z,Day4
Left,WonderfulGorilla,0,113088221318213520,ExcitingTurtle,0,2024-09-06T02:56:39Z,Day4
Left,WonderfulGorilla,0,113088202716046208,ConfidentPanther,0,2024-09-06T02:57:10Z,Day4
Left,UniqueSnail,0,113088249798790160,DependableWalrus,0,2024-09-06T02:59:14Z,Day4
Left,WonderfulGorilla,0,113088127083646752,EagerYak,1,2024-09-06T02:59:43Z,Day4
Left,WonderfulGorilla,0,113088140830897648,UnderstandingPossum,0,2024-09-06T02:59:56Z,Day4
Left,WonderfulGorilla,0,113088156762139472,ExcitingTurtle,0,2024-09-06T03:00:02Z,Day4
Left,CaptivatingGoat,0,113088244540896112,MindfulWildebeest,1,2024-09-06T03:14:47Z,Day4
Left,WonderfulGorilla,0,113088057845101008,MotivatedBandicoot,0,2024-09-06T03:20:29Z,Day4
Left,WonderfulGorilla,0,113088080747063424,UnderstandingPossum,0,2024-09-06T03:20:56Z,Day4
Left,WonderfulGorilla,0,113088122950187360,UnderstandingPossum,0,2024-09-06T03:23:35Z,Day4
Left,WonderfulGorilla,0,113088199822674656,ExcitingTurtle,0,2024-09-06T03:23:59Z,Day4
Left,WonderfulGorilla,0,113088125893027344,MotivatedBandicoot,0,2024-09-06T03:24:40Z,Day4
Left,WonderfulGorilla,0,113088192327303184,UniqueSnail,0,2024-09-06T03:24:52Z,Day4
Left,WonderfulGorilla,0,113088194038784640,UniqueSnail,0,2024-09-06T03:25:55Z,Day4
Left,WonderfulGorilla,0,113088153703816912,UnderstandingPossum,0,2024-09-06T03:26:05Z,Day4
Left,WonderfulGorilla,0,113088160595174800,UniqueSnail,0,2024-09-06T03:26:08Z,Day4
Left,QuaintPelican,0,113076568011170560,QuaintPelican,0,2024-09-06T03:26:09Z,Day4
Left,WonderfulGorilla,0,113088198229662864,CreativeTiger,0,2024-09-06T03:26:15Z,Day4
Left,WonderfulGorilla,0,113088447198044240,CaptivatingGoat,0,2024-09-06T03:26:22Z,Day4
Left,CaptivatingGoat,0,113087865379387792,CaringGecko,0,2024-09-06T03:29:46Z,Day4
Left,ExcitingTurtle,0,113088379728883168,UniqueSnail,0,2024-09-06T03:30:36Z,Day4
Left,CaptivatingGoat,0,113087752973318784,ExcitingTurtle,0,2024-09-06T03:31:09Z,Day4
Left,CaptivatingGoat,0,113087507956070016,CaringGecko,0,2024-09-06T03:38:01Z,Day4
Left,WonderfulGorilla,0,113087853831190208,EncouragingLadybug,0,2024-09-06T03:39:25Z,Day4
Left,WonderfulGorilla,0,113087873065708672,CheerfulJackal,0,2024-09-06T03:39:28Z,Day4
Left,WonderfulGorilla,0,113087890904667072,CaringGecko,0,2024-09-06T03:39:33Z,Day4
Left,WonderfulGorilla,0,113087987257852080,UnderstandingPossum,0,2024-09-06T03:39:35Z,Day4
Left,WonderfulGorilla,0,113088043693243360,CaringGecko,0,2024-09-06T03:39:39Z,Day4
Left,WonderfulGorilla,0,113088057073756752,UnderstandingPossum,0,2024-09-06T03:39:51Z,Day4
Left,WonderfulGorilla,0,113088218035994240,UniqueSnail,0,2024-09-06T03:40:04Z,Day4
Left,MotivatedBandicoot,0,113088194038784640,UniqueSnail,0,2024-09-06T03:40:29Z,Day4
Left,MotivatedBandicoot,0,113088192327303184,UniqueSnail,0,2024-09-06T03:40:58Z,Day4
Left,MotivatedBandicoot,0,113088144314868864,ExcitingTurtle,0,2024-09-06T03:41:35Z,Day4
Left,CaptivatingGoat,0,113088500792288720,GenerousArmadillo,0,2024-09-06T03:42:32Z,Day4
Left,CaptivatingGoat,0,113088525997745408,ExcitingTurtle,0,2024-09-06T03:45:16Z,Day4
Left,CaptivatingGoat,0,113088531484987360,GenerousArmadillo,0,2024-09-06T03:47:28Z,Day4
Left,ExcitingTurtle,0,113088548788590976,CaptivatingGoat,0,2024-09-06T03:53:37Z,Day4
Left,ExcitingTurtle,0,113088588938506496,CaptivatingGoat,0,2024-09-06T03:55:43Z,Day4
Left,CaptivatingGoat,0,113088586729953648,ExcitingTurtle,0,2024-09-06T03:55:48Z,Day4
Left,ExcitingTurtle,0,113088586658326720,CaptivatingGoat,0,2024-09-06T04:00:00Z,Day4
Left,CaptivatingGoat,0,113088614415743264,ExcitingTurtle,0,2024-09-06T04:02:06Z,Day4
Left,ExcitingTurtle,0,113088616782178768,CaptivatingGoat,0,2024-09-06T04:02:35Z,Day4
Left,WonderfulGorilla,0,113088637178619936,ExcitingTurtle,0,2024-09-06T04:07:50Z,Day4
Left,WonderfulGorilla,0,113088641683655600,InnovativeOcelot,0,2024-09-06T04:10:54Z,Day4
Left,WonderfulGorilla,0,113088588938506496,CaptivatingGoat,0,2024-09-06T04:11:01Z,Day4
Left,WonderfulGorilla,0,113088586658326720,CaptivatingGoat,0,2024-09-06T04:11:05Z,Day4
Left,WonderfulGorilla,0,113088579760003360,ExcitingTurtle,0,2024-09-06T04:11:12Z,Day4
Left,WonderfulGorilla,0,113088525997745408,ExcitingTurtle,0,2024-09-06T04:11:35Z,Day4
Left,WonderfulGorilla,0,113088518215233696,ExuberantDuck,1,2024-09-06T04:11:53Z,Day4
Left,WonderfulGorilla,0,113088538724565056,ExcitingTurtle,0,2024-09-06T04:11:57Z,Day4
Left,WonderfulGorilla,0,113088507819708768,GenerousArmadillo,0,2024-09-06T04:12:07Z,Day4
Left,WonderfulGorilla,0,113088500792288720,GenerousArmadillo,0,2024-09-06T04:12:09Z,Day4
Left,InnovativeOcelot,0,113088637178619936,ExcitingTurtle,0,2024-09-06T04:12:32Z,Day4
Left,WonderfulGorilla,0,113088407681593696,SmartGibbon,0,2024-09-06T04:13:06Z,Day4
Left,WonderfulGorilla,0,113088417510046000,CaptivatingGoat,0,2024-09-06T04:13:11Z,Day4
Left,ForgivingImpala,0,113088637178619936,ExcitingTurtle,0,2024-09-06T04:13:55Z,Day4
Left,ExcitingTurtle,0,113088641683655600,InnovativeOcelot,0,2024-09-06T04:14:19Z,Day4
Left,InnovativeOcelot,0,113088588938506496,CaptivatingGoat,0,2024-09-06T04:14:24Z,Day4
Left,WonderfulGorilla,0,113088493193956976,ExuberantDuck,1,2024-09-06T04:14:59Z,Day4
Left,ExcitingTurtle,0,113077535015350272,InnovativeOcelot,0,2024-09-06T04:15:12Z,Day4
Left,ExcitingTurtle,0,113077559019890544,InnovativeOcelot,0,2024-09-06T04:15:23Z,Day4
Left,WonderfulGorilla,0,113088665574423280,ForgivingImpala,0,2024-09-06T04:16:11Z,Day4
Left,InnovativeOcelot,0,113088675559958144,ExcitingTurtle,0,2024-09-06T04:17:44Z,Day4
Left,QuaintPelican,0,113088579760003360,ExcitingTurtle,0,2024-09-06T04:18:38Z,Day4
Left,ExcitingTurtle,0,113088665574423280,ForgivingImpala,0,2024-09-06T04:18:47Z,Day4
Left,ExcitingTurtle,0,113088674567722080,CaptivatingGoat,0,2024-09-06T04:18:57Z,Day4
Left,InnovativeOcelot,0,113088579760003360,ExcitingTurtle,0,2024-09-06T04:19:26Z,Day4
Left,WonderfulGorilla,0,113088674567722080,CaptivatingGoat,0,2024-09-06T04:20:13Z,Day4
Left,DependableWalrus,0,113088294076128032,ExcitingTurtle,0,2024-09-06T04:20:32Z,Day4
Left,DependableWalrus,0,113087251540099072,YouthfulPeacock,0,2024-09-06T04:26:17Z,Day4
Left,WonderfulGorilla,0,113088691972792064,ExcitingTurtle,0,2024-09-06T04:26:44Z,Day4
Left,DependableWalrus,0,113087124014337248,BeneficialMacaw,0,2024-09-06T04:27:03Z,Day4
Left,DependableWalrus,0,113087020414516544,ExcitingTurtle,0,2024-09-06T04:28:30Z,Day4
Left,DependableWalrus,0,113086974108081184,CapableCobra,0,2024-09-06T04:28:41Z,Day4
Left,DependableWalrus,0,113086891380683824,ThrivingHorse,0,2024-09-06T04:29:02Z,Day4
Left,ExcitingTurtle,0,113088711437690144,WonderfulGorilla,0,2024-09-06T04:30:04Z,Day4
Left,WonderfulGorilla,0,113088531484987360,GenerousArmadillo,0,2024-09-06T04:30:48Z,Day4
Left,WonderfulGorilla,0,113088560045798960,GenerousArmadillo,0,2024-09-06T04:30:49Z,Day4
Left,WonderfulGorilla,0,113088731598190624,ExcitingTurtle,0,2024-09-06T04:37:39Z,Day4
Left,WonderfulGorilla,0,113088747456248816,ExcitingTurtle,0,2024-09-06T04:37:48Z,Day4
Left,EncouragingLadybug,0,113088326083808192,SunnySalamander,0,2024-09-06T04:38:19Z,Day4
Left,WonderfulGorilla,0,113088659793413488,ForgivingImpala,0,2024-09-06T04:42:00Z,Day4
Left,WonderfulGorilla,0,113088675559958144,ExcitingTurtle,0,2024-09-06T04:42:03Z,Day4
Left,EncouragingLadybug,0,113088641683655600,InnovativeOcelot,0,2024-09-06T04:42:38Z,Day4
Left,WonderfulGorilla,0,113088768392269952,EncouragingLadybug,0,2024-09-06T04:44:00Z,Day4
Left,ExcitingTurtle,0,113088763989214960,WonderfulGorilla,0,2024-09-06T04:45:47Z,Day4
Left,WonderfulGorilla,0,113088614415743264,ExcitingTurtle,0,2024-09-06T04:46:03Z,Day4
Left,WonderfulGorilla,0,113088616782178768,CaptivatingGoat,0,2024-09-06T04:46:04Z,Day4
Left,WonderfulGorilla,0,113088619101846672,ExcitingTurtle,0,2024-09-06T04:46:06Z,Day4
Left,WonderfulGorilla,0,113088606772048768,ExcitingTurtle,0,2024-09-06T04:46:33Z,Day4
Left,DazzlingLamb,0,113087175467093728,ExcitingTurtle,0,2024-09-06T04:46:56Z,Day4
Left,WonderfulGorilla,0,113088791754665744,ExcitingTurtle,0,2024-09-06T04:47:10Z,Day4
Left,ExcitingTurtle,0,113088768392269952,EncouragingLadybug,0,2024-09-06T04:47:57Z,Day4
Left,WonderfulGorilla,0,113088800453150352,ExcitingTurtle,0,2024-09-06T04:50:11Z,Day4
Left,UniqueSnail,0,113088525997745408,ExcitingTurtle,0,2024-09-06T04:52:50Z,Day4
Left,UniqueSnail,0,113088515820785472,CaptivatingGoat,0,2024-09-06T04:53:37Z,Day4
Left,ExcitingTurtle,0,113088814581489152,WonderfulGorilla,0,2024-09-06T04:57:23Z,Day4
Left,InnovativeOcelot,0,113088016141494256,UnderstandingPossum,0,2024-09-06T04:58:07Z,Day4
Left,WonderfulGorilla,0,113088828765797744,YouthfulPeacock,0,2024-09-06T04:59:29Z,Day4
Left,Admin,NA,113088851689186352,ExcitingTurtle,0,2024-09-06T05:02:24Z,Day4
Left,WonderfulGorilla,0,113088851689186352,ExcitingTurtle,0,2024-09-06T05:02:34Z,Day4
Left,WonderfulGorilla,0,113088857489245504,ExcitingTurtle,0,2024-09-06T05:03:47Z,Day4
Left,Admin,NA,113088857489245504,ExcitingTurtle,0,2024-09-06T05:03:49Z,Day4
Left,ExcitingTurtle,0,113088828765797744,YouthfulPeacock,0,2024-09-06T05:04:48Z,Day4
Left,WonderfulGorilla,0,113088868014654144,ExcitingTurtle,0,2024-09-06T05:09:39Z,Day4
Left,WonderfulGorilla,0,113088866668658240,ExcitingTurtle,0,2024-09-06T05:11:00Z,Day4
Left,WonderfulGorilla,0,113088249798790160,DependableWalrus,0,2024-09-06T05:21:05Z,Day4
Left,WonderfulGorilla,0,113088367342952800,UniqueSnail,0,2024-09-06T05:21:16Z,Day4
Left,WonderfulGorilla,0,113088393408022096,SmartGibbon,0,2024-09-06T05:21:20Z,Day4
Left,QuaintPelican,0,113088498123450576,ExuberantDuck,1,2024-09-06T06:04:07Z,Day4
Left,QuaintPelican,0,113088493193956976,ExuberantDuck,1,2024-09-06T06:04:25Z,Day4
Left,WonderfulGorilla,0,113089109033609472,FantasticPython,0,2024-09-06T06:28:01Z,Day4
Left,QuickOstrich,0,113088708258027424,WonderfulGorilla,0,2024-09-06T08:42:28Z,Day4
Left,EnthusiasticBee,0,113087475816652640,CaringGecko,0,2024-09-06T11:11:31Z,Day4
Left,EnthusiasticBee,0,113087023626920256,HarmoniousCat,0,2024-09-06T11:11:54Z,Day4
Left,EnthusiasticBee,0,113086826187858496,StrongDog,0,2024-09-06T11:11:54Z,Day4
Left,EnthusiasticBee,0,113087095321596000,AdmirableFlamingo,0,2024-09-06T11:34:49Z,Day4
Left,WonderfulGorilla,0,113089640769805872,CourteousAntelope,0,2024-09-06T11:42:57Z,Day4
Left,WonderfulGorilla,0,113090307305701968,EnthusiasticBee,0,2024-09-06T11:43:36Z,Day4
Left,WonderfulGorilla,0,113089962094225904,HumbleLorikeet,0,2024-09-06T11:43:51Z,Day4
Left,WonderfulGorilla,0,113090393240615040,CourageousPorpoise,0,2024-09-06T11:43:59Z,Day4
Left,EsteemedSquirrel,0,113088579760003360,ExcitingTurtle,0,2024-09-06T11:56:05Z,Day4
Left,EsteemedSquirrel,0,113088271756879168,PlayfulElk,1,2024-09-06T11:59:14Z,Day4
Left,EsteemedSquirrel,0,113088174486796944,GleefulDingo,1,2024-09-06T11:59:39Z,Day4
Left,EsteemedSquirrel,0,113087507956070016,CaringGecko,0,2024-09-06T12:01:46Z,Day4
Left,OptimisticQuoll,0,113088747456248816,ExcitingTurtle,0,2024-09-06T12:30:23Z,Day4
Left,OptimisticQuoll,0,113088708258027424,WonderfulGorilla,0,2024-09-06T12:30:41Z,Day4
Left,IdealEel,0,113087581367204160,PassionateCondor,0,2024-09-06T12:37:20Z,Day4
Left,ThoughtfulCricket,0,113086523498547280,WholesomeHummingbird,0,2024-09-06T12:38:49Z,Day4
Left,ThoughtfulCricket,0,113086463522051072,EsteemedSquirrel,0,2024-09-06T12:39:18Z,Day4
Left,KindheartedStingray,0,113088674567722080,CaptivatingGoat,0,2024-09-06T12:49:17Z,Day4
Left,SereneHyena,0,113087404493488512,CourageousPorpoise,0,2024-09-06T12:49:43Z,Day4
Left,VictoriousKoala,0,113088515820785472,CaptivatingGoat,0,2024-09-06T12:51:17Z,Day4
Left,VictoriousKoala,0,113088174486796944,GleefulDingo,1,2024-09-06T12:52:00Z,Day4
Left,VictoriousKoala,0,113088169718087280,GleefulDingo,1,2024-09-06T12:52:04Z,Day4
Left,VictoriousKoala,0,113087637355004592,FaithfulRhinoceros,0,2024-09-06T12:52:55Z,Day4
Left,ThoughtfulCricket,0,113088399054042640,CaptivatingGoat,0,2024-09-06T12:55:10Z,Day4
Left,ThoughtfulCricket,0,113087376778679344,CourteousAntelope,0,2024-09-06T12:55:22Z,Day4
Left,ThoughtfulCricket,0,113086811376747520,StrongDog,0,2024-09-06T12:57:40Z,Day4
Left,ThoughtfulCricket,0,113076689245012864,ThrivingHorse,0,2024-09-06T12:58:57Z,Day4
Left,VictoriousKoala,0,113089962094225904,HumbleLorikeet,0,2024-09-06T13:03:45Z,Day4
Left,ThoughtfulCricket,0,113090598683360608,JoyousFirefly,0,2024-09-06T13:05:24Z,Day4
Left,SereneHyena,0,113081749424868448,MindfulWildebeest,1,2024-09-06T13:09:36Z,Day4
Left,CleverJellyfish,0,113088174486796944,GleefulDingo,1,2024-09-06T13:15:59Z,Day4
Left,CleverJellyfish,0,113087865379387792,CaringGecko,0,2024-09-06T13:16:16Z,Day4
Left,CleverJellyfish,0,113087507956070016,CaringGecko,0,2024-09-06T13:17:00Z,Day4
Left,ConfidentPanther,0,113088525997745408,ExcitingTurtle,0,2024-09-06T13:21:57Z,Day4
Left,ConfidentPanther,0,113088579760003360,ExcitingTurtle,0,2024-09-06T13:23:30Z,Day4
Left,CleverJellyfish,0,113087082859420544,MajesticPlatypus,0,2024-09-06T13:27:02Z,Day4
Left,CleverJellyfish,0,113087041402885664,MajesticPlatypus,0,2024-09-06T13:27:31Z,Day4
Left,BrightCamel,0,113087306307643280,EagerYak,1,2024-09-06T13:28:08Z,Day4
Left,BrightCamel,0,113087271437731696,AmbitiousManatee,0,2024-09-06T13:28:47Z,Day4
Left,CleverJellyfish,0,113086495917301568,YoungHawk,0,2024-09-06T13:30:05Z,Day4
Left,CleverJellyfish,0,113090822095028784,CaringGecko,0,2024-09-06T13:33:57Z,Day4
Left,YoungHawk,0,113090822095028784,CaringGecko,0,2024-09-06T13:34:13Z,Day4
Left,YoungHawk,0,113088637178619936,ExcitingTurtle,0,2024-09-06T13:35:58Z,Day4
Left,YoungHawk,0,113088588938506496,CaptivatingGoat,0,2024-09-06T13:36:00Z,Day4
Left,YoungHawk,0,113087865379387792,CaringGecko,0,2024-09-06T13:37:42Z,Day4
Left,CleverJellyfish,0,113088003726818848,AffectionateWolf,0,2024-09-06T13:39:05Z,Day4
Left,SympatheticQuokka,0,113088003726818848,AffectionateWolf,0,2024-09-06T13:46:21Z,Day4
Left,ConfidentPanther,0,113088586658326720,CaptivatingGoat,0,2024-09-06T13:54:05Z,Day4
Left,ConfidentPanther,0,113088588938506496,CaptivatingGoat,0,2024-09-06T13:54:21Z,Day4
Left,ConfidentPanther,0,113088641683655600,InnovativeOcelot,0,2024-09-06T13:55:09Z,Day4
Left,ConfidentPanther,0,113088665574423280,ForgivingImpala,0,2024-09-06T13:55:11Z,Day4
Left,ConfidentPanther,0,113088724967514112,WonderfulGorilla,0,2024-09-06T13:55:28Z,Day4
Left,ConfidentPanther,0,113088691972792064,ExcitingTurtle,0,2024-09-06T13:55:29Z,Day4
Left,ConfidentPanther,0,113088674567722080,CaptivatingGoat,0,2024-09-06T13:55:31Z,Day4
Left,ConfidentPanther,0,113088708258027424,WonderfulGorilla,0,2024-09-06T13:55:55Z,Day4
Left,ConfidentPanther,0,113088711437690144,WonderfulGorilla,0,2024-09-06T13:55:57Z,Day4
Left,ConfidentPanther,0,113088828765797744,YouthfulPeacock,0,2024-09-06T13:57:56Z,Day4
Left,ConfidentPanther,0,113089109033609472,FantasticPython,0,2024-09-06T13:58:02Z,Day4
Left,ConfidentPanther,0,113089962094225904,HumbleLorikeet,0,2024-09-06T13:58:30Z,Day4
Left,ConfidentPanther,0,113090484850928752,EsteemedSquirrel,0,2024-09-06T13:58:47Z,Day4
Left,ConfidentPanther,0,113090598683360608,JoyousFirefly,0,2024-09-06T13:59:08Z,Day4
Left,ConfidentPanther,0,113090758668030624,VictoriousKoala,0,2024-09-06T13:59:37Z,Day4
Left,ConfidentPanther,0,113090822095028784,CaringGecko,0,2024-09-06T14:00:05Z,Day4
Left,EnthusiasticBee,0,113090779209167808,CaringGecko,0,2024-09-06T14:14:34Z,Day4
Left,AdmirableFlamingo,0,113088358637335120,HarmoniousCat,0,2024-09-06T14:18:46Z,Day4
Left,AdmirableFlamingo,0,113090796305340816,BrightCamel,0,2024-09-06T14:19:10Z,Day4
Left,UnderstandingPossum,0,113090756655124400,CaringGecko,0,2024-09-06T14:22:28Z,Day4
Left,UnderstandingPossum,0,113088635949888928,WonderfulGorilla,0,2024-09-06T14:27:16Z,Day4
Left,ThrivingHorse,0,113090822095028784,CaringGecko,0,2024-09-06T14:30:44Z,Day4
Left,ThrivingHorse,0,113088641683655600,InnovativeOcelot,0,2024-09-06T14:32:34Z,Day4
Left,ThrivingHorse,0,113088637178619936,ExcitingTurtle,0,2024-09-06T14:32:43Z,Day4
Left,ThrivingHorse,0,113088588938506496,CaptivatingGoat,0,2024-09-06T14:32:46Z,Day4
Left,ThrivingHorse,0,113090980896994816,ConfidentPanther,0,2024-09-06T14:38:47Z,Day4
Left,BrilliantKookaburra,0,113090980896994816,ConfidentPanther,0,2024-09-06T14:48:23Z,Day4
Left,UnderstandingPossum,0,113088265242404096,ExcitingTurtle,0,2024-09-06T14:49:06Z,Day4
Left,UnderstandingPossum,0,113088254323779232,ExcitingTurtle,0,2024-09-06T14:49:08Z,Day4
Left,UnderstandingPossum,0,113088218035994240,UniqueSnail,0,2024-09-06T14:49:30Z,Day4
Left,UnderstandingPossum,0,113088199822674656,ExcitingTurtle,0,2024-09-06T14:49:56Z,Day4
Left,UnderstandingPossum,0,113088160595174800,UniqueSnail,0,2024-09-06T14:51:58Z,Day4
Left,UnderstandingPossum,0,113088064311666224,ExcitingTurtle,0,2024-09-06T14:52:27Z,Day4
Left,CaringGecko,0,113090980896994816,ConfidentPanther,0,2024-09-06T14:59:01Z,Day4
Left,ConfidentPanther,0,113091201053428576,CaringGecko,0,2024-09-06T15:01:17Z,Day4
Left,ConfidentPanther,0,113091086096784880,ThrivingHorse,0,2024-09-06T15:01:30Z,Day4
Left,SincereNumbat,0,113091102835961744,ThrivingHorse,0,2024-09-06T15:02:46Z,Day4
Left,SincereNumbat,0,113090980896994816,ConfidentPanther,0,2024-09-06T15:03:31Z,Day4
Left,SincereNumbat,0,113090822095028784,CaringGecko,0,2024-09-06T15:04:02Z,Day4
Left,SincereNumbat,0,113090796305340816,BrightCamel,0,2024-09-06T15:04:09Z,Day4
Left,SincereNumbat,0,113090758668030624,VictoriousKoala,0,2024-09-06T15:04:18Z,Day4
Left,UnderstandingPossum,0,113091102835961744,ThrivingHorse,0,2024-09-06T15:04:26Z,Day4
Left,UnderstandingPossum,0,113091215307824112,SincereNumbat,0,2024-09-06T15:06:34Z,Day4
Left,UnderstandingPossum,0,113091086096784880,ThrivingHorse,0,2024-09-06T15:06:52Z,Day4
Left,UnderstandingPossum,0,113091201053428576,CaringGecko,0,2024-09-06T15:06:55Z,Day4
Left,UnderstandingPossum,0,113090822095028784,CaringGecko,0,2024-09-06T15:07:55Z,Day4
Left,UnderstandingPossum,0,113091142340826800,WarmTurkey,0,2024-09-06T15:07:58Z,Day4
Left,UnderstandingPossum,0,113091195638194560,CaringGecko,0,2024-09-06T15:07:59Z,Day4
Left,SincereNumbat,0,113086512656269552,WholesomeHummingbird,0,2024-09-06T15:08:09Z,Day4
Left,SincereNumbat,0,113091201053428576,CaringGecko,0,2024-09-06T15:08:26Z,Day4
Left,UnderstandingPossum,0,113090796305340816,BrightCamel,0,2024-09-06T15:08:51Z,Day4
Left,UnderstandingPossum,0,113090758668030624,VictoriousKoala,0,2024-09-06T15:11:07Z,Day4
Left,UnderstandingPossum,0,113091050428440384,AdmirableFlamingo,0,2024-09-06T15:11:35Z,Day4
Left,ThrivingHorse,0,113091227978452080,UnderstandingPossum,0,2024-09-06T15:13:04Z,Day4
Left,UnderstandingPossum,0,113090598683360608,JoyousFirefly,0,2024-09-06T15:13:50Z,Day4
Left,UnderstandingPossum,0,113090610490292432,OptimisticQuoll,0,2024-09-06T15:13:54Z,Day4
Left,UnderstandingPossum,0,113090754473706048,ThoughtfulCricket,0,2024-09-06T15:13:58Z,Day4
Left,UnderstandingPossum,0,113090963249266496,ConfidentPanther,0,2024-09-06T15:14:02Z,Day4
Left,UnderstandingPossum,0,113091093640088352,ThrivingHorse,0,2024-09-06T15:14:03Z,Day4
Left,UnderstandingPossum,0,113090589274676704,JoyousFirefly,0,2024-09-06T15:14:48Z,Day4
Left,UnderstandingPossum,0,113090770408459040,CaringGecko,0,2024-09-06T15:14:53Z,Day4
Left,UnderstandingPossum,0,113090484850928752,EsteemedSquirrel,0,2024-09-06T15:15:22Z,Day4
Left,UnderstandingPossum,0,113090590806354144,JoyousFirefly,0,2024-09-06T15:15:28Z,Day4
Left,UnderstandingPossum,0,113090771702426240,ThoughtfulCricket,0,2024-09-06T15:15:30Z,Day4
Left,UnderstandingPossum,0,113090775929483744,CaringGecko,0,2024-09-06T15:15:38Z,Day4
Left,UnderstandingPossum,0,113090307305701968,EnthusiasticBee,0,2024-09-06T15:17:05Z,Day4
Left,UnderstandingPossum,0,113089962094225904,HumbleLorikeet,0,2024-09-06T15:17:23Z,Day4
Left,UnderstandingPossum,0,113089109033609472,FantasticPython,0,2024-09-06T15:20:45Z,Day4
Left,UnderstandingPossum,0,113088910542090752,WonderfulGorilla,0,2024-09-06T15:20:49Z,Day4
Left,UnderstandingPossum,0,113088828765797744,YouthfulPeacock,0,2024-09-06T15:20:51Z,Day4
Left,UnderstandingPossum,0,113088768392269952,EncouragingLadybug,0,2024-09-06T15:21:01Z,Day4
Left,UnderstandingPossum,0,113088747456248816,ExcitingTurtle,0,2024-09-06T15:21:09Z,Day4
Left,UnderstandingPossum,0,113088711437690144,WonderfulGorilla,0,2024-09-06T15:21:11Z,Day4
Left,UnderstandingPossum,0,113088708258027424,WonderfulGorilla,0,2024-09-06T15:21:24Z,Day4
Left,UnderstandingPossum,0,113088674567722080,CaptivatingGoat,0,2024-09-06T15:21:35Z,Day4
Left,UnderstandingPossum,0,113088641683655600,InnovativeOcelot,0,2024-09-06T15:21:42Z,Day4
Left,UnderstandingPossum,0,113088637178619936,ExcitingTurtle,0,2024-09-06T15:21:47Z,Day4
Left,UnderstandingPossum,0,113088588938506496,CaptivatingGoat,0,2024-09-06T15:21:49Z,Day4
Left,UnderstandingPossum,0,113088586658326720,CaptivatingGoat,0,2024-09-06T15:22:03Z,Day4
Left,UnderstandingPossum,0,113088579760003360,ExcitingTurtle,0,2024-09-06T15:22:16Z,Day4
Left,UnderstandingPossum,0,113088525997745408,ExcitingTurtle,0,2024-09-06T15:22:33Z,Day4
Left,UnderstandingPossum,0,113088538724565056,ExcitingTurtle,0,2024-09-06T15:22:46Z,Day4
Left,UnderstandingPossum,0,113088518215233696,ExuberantDuck,1,2024-09-06T15:22:58Z,Day4
Left,UnderstandingPossum,0,113088507819708768,GenerousArmadillo,0,2024-09-06T15:23:11Z,Day4
Left,UnderstandingPossum,0,113088500792288720,GenerousArmadillo,0,2024-09-06T15:24:02Z,Day4
Left,UnderstandingPossum,0,113088498123450576,ExuberantDuck,1,2024-09-06T15:24:10Z,Day4
Left,ComposedDolphin,0,113090484850928752,EsteemedSquirrel,0,2024-09-06T15:25:55Z,Day4
Left,UnderstandingPossum,0,113088407681593696,SmartGibbon,0,2024-09-06T15:27:15Z,Day4
Left,UnderstandingPossum,0,113088399054042640,CaptivatingGoat,0,2024-09-06T15:28:35Z,Day4
Left,UnderstandingPossum,0,113088326083808192,SunnySalamander,0,2024-09-06T15:28:44Z,Day4
Left,DazzlingLamb,0,113090822095028784,CaringGecko,0,2024-09-06T15:28:46Z,Day4
Left,UnderstandingPossum,0,113088305485344608,ExcitingTurtle,0,2024-09-06T15:28:57Z,Day4
Left,SincereNumbat,0,113091313049478448,VividGiraffe,0,2024-09-06T15:29:40Z,Day4
Left,UnderstandingPossum,0,113088169718087280,GleefulDingo,1,2024-09-06T15:29:41Z,Day4
Left,UnderstandingPossum,0,113088221318213520,ExcitingTurtle,0,2024-09-06T15:29:46Z,Day4
Left,UnderstandingPossum,0,113088202716046208,ConfidentPanther,0,2024-09-06T15:29:56Z,Day4
Left,UnderstandingPossum,0,113088436559771696,CaptivatingGoat,0,2024-09-06T15:30:01Z,Day4
Left,VividGiraffe,0,113085632709110208,UnderstandingPossum,0,2024-09-06T15:32:14Z,Day4
Left,HumbleLorikeet,0,113090666934626592,CourteousAntelope,0,2024-09-06T15:36:12Z,Day4
Left,DelightfulEgret,0,113088708258027424,WonderfulGorilla,0,2024-09-06T15:46:13Z,Day4
Left,SincereNumbat,0,113091269067654512,UnderstandingPossum,0,2024-09-06T15:46:34Z,Day4
Left,SincereNumbat,0,113091262154803328,UnderstandingPossum,0,2024-09-06T15:46:39Z,Day4
Left,SincereNumbat,0,113091245679971792,UnderstandingPossum,0,2024-09-06T15:47:13Z,Day4
Left,DelightfulEgret,0,113088525997745408,ExcitingTurtle,0,2024-09-06T15:50:50Z,Day4
Left,DelightfulEgret,0,113091177774359248,ImpressivePanda,0,2024-09-06T15:51:24Z,Day4
Left,DelightfulEgret,0,113091288208399088,SincereNumbat,0,2024-09-06T15:51:25Z,Day4
Left,DelightfulEgret,0,113091102835961744,ThrivingHorse,0,2024-09-06T15:51:26Z,Day4
Left,DelightfulEgret,0,113089962094225904,HumbleLorikeet,0,2024-09-06T15:51:33Z,Day4
Left,DelightfulEgret,0,113088828765797744,YouthfulPeacock,0,2024-09-06T15:51:45Z,Day4
Left,DelightfulEgret,0,113088665574423280,ForgivingImpala,0,2024-09-06T15:52:24Z,Day4
Left,DelightfulEgret,0,113088674567722080,CaptivatingGoat,0,2024-09-06T15:52:27Z,Day4
Left,DelightfulEgret,0,113088637178619936,ExcitingTurtle,0,2024-09-06T15:52:31Z,Day4
Left,DelightfulEgret,0,113088588938506496,CaptivatingGoat,0,2024-09-06T15:52:35Z,Day4
Left,CaringGecko,0,113091343687890592,SereneHyena,0,2024-09-06T15:55:48Z,Day4
Left,DelightfulEgret,0,113091405609862976,VividGiraffe,0,2024-09-06T15:56:22Z,Day4
Left,DelightfulEgret,0,113091424614808704,GracefulPorcupine,0,2024-09-06T15:57:51Z,Day4
Left,UnderstandingPossum,0,113091424933295056,CaringGecko,0,2024-09-06T15:59:23Z,Day4
Left,DelightfulEgret,0,113091435741790416,CaringGecko,0,2024-09-06T15:59:32Z,Day4
Left,UnderstandingPossum,0,113091435741790416,CaringGecko,0,2024-09-06T15:59:35Z,Day4
Left,UnderstandingPossum,0,113091424614808704,GracefulPorcupine,0,2024-09-06T15:59:58Z,Day4
Left,UnderstandingPossum,0,113091432773387600,DelightfulEgret,0,2024-09-06T15:59:59Z,Day4
Left,UnderstandingPossum,0,113091405609862976,VividGiraffe,0,2024-09-06T16:00:17Z,Day4
Left,UnderstandingPossum,0,113091423690585120,DelightfulEgret,0,2024-09-06T16:00:20Z,Day4
Left,CaringGecko,0,113091405609862976,VividGiraffe,0,2024-09-06T16:00:24Z,Day4
Left,UnderstandingPossum,0,113091386387387952,DelightfulEgret,0,2024-09-06T16:00:24Z,Day4
Left,CaringGecko,0,113088586658326720,CaptivatingGoat,0,2024-09-06T16:00:42Z,Day4
Left,UnderstandingPossum,0,113091381809373728,DelightfulEgret,0,2024-09-06T16:00:45Z,Day4
Left,ThrivingHorse,0,113091381809373728,DelightfulEgret,0,2024-09-06T16:01:02Z,Day4
Left,DelightfulEgret,0,113090969914274768,ThrivingHorse,0,2024-09-06T16:01:18Z,Day4
Left,SincereNumbat,0,113091435741790416,CaringGecko,0,2024-09-06T16:02:25Z,Day4
Left,SincereNumbat,0,113088586658326720,CaptivatingGoat,0,2024-09-06T16:02:36Z,Day4
Left,GracefulPorcupine,0,113091432773387600,DelightfulEgret,0,2024-09-06T16:05:07Z,Day4
Left,GracefulPorcupine,0,113085632709110208,UnderstandingPossum,0,2024-09-06T16:05:47Z,Day4
Left,GracefulPorcupine,0,113085626882712720,VividGiraffe,0,2024-09-06T16:05:52Z,Day4
Left,GracefulPorcupine,0,113085482828417136,VibrantMantis,0,2024-09-06T16:05:54Z,Day4
Left,ThrivingHorse,0,113091435741790416,CaringGecko,0,2024-09-06T16:06:04Z,Day4
Left,GracefulPorcupine,0,113076376612443536,UnderstandingPossum,0,2024-09-06T16:06:08Z,Day4
Left,GracefulPorcupine,0,113076311880318560,CapableCobra,0,2024-09-06T16:06:12Z,Day4
Left,GracefulPorcupine,0,113076208062280400,BenevolentKangaroo,0,2024-09-06T16:06:15Z,Day4
Left,GracefulPorcupine,0,113076201506719664,BenevolentKangaroo,0,2024-09-06T16:06:20Z,Day4
Left,GracefulPorcupine,0,113076160182491328,QuickOstrich,0,2024-09-06T16:06:23Z,Day4
Left,SincereNumbat,0,113091405609862976,VividGiraffe,0,2024-09-06T16:07:07Z,Day4
Left,DelightfulEgret,0,113091497843452992,StrongDog,0,2024-09-06T16:15:18Z,Day4
Left,StrongDog,0,113091102835961744,ThrivingHorse,0,2024-09-06T16:16:36Z,Day4
Left,AdmirableFlamingo,0,113091255826205024,UnderstandingPossum,0,2024-09-06T16:22:34Z,Day4
Left,CaringGecko,0,113091102835961744,ThrivingHorse,0,2024-09-06T16:23:13Z,Day4
Left,DelightfulEgret,0,113091530872303184,CaringGecko,0,2024-09-06T16:23:46Z,Day4
Left,CaringGecko,0,113091424614808704,GracefulPorcupine,0,2024-09-06T16:25:34Z,Day4
Left,AdmirableFlamingo,0,113091424614808704,GracefulPorcupine,0,2024-09-06T16:27:17Z,Day4
Left,AdmirableFlamingo,0,113091386387387952,DelightfulEgret,0,2024-09-06T16:28:27Z,Day4
Left,AdmirableFlamingo,0,113091288208399088,SincereNumbat,0,2024-09-06T16:28:35Z,Day4
Left,AdmirableFlamingo,0,113091177774359248,ImpressivePanda,0,2024-09-06T16:28:39Z,Day4
Left,SincereNumbat,0,113091534634307744,CaringGecko,0,2024-09-06T16:28:44Z,Day4
Left,AdmirableFlamingo,0,113090980896994816,ConfidentPanther,0,2024-09-06T16:28:51Z,Day4
Left,StrongDog,0,113087507956070016,CaringGecko,0,2024-09-06T16:35:35Z,Day4
Left,SympatheticQuokka,0,113091435741790416,CaringGecko,0,2024-09-06T16:35:52Z,Day4
Left,AffectionateWolf,0,113091159285930320,UnderstandingPossum,0,2024-09-06T16:37:47Z,Day4
Left,AffectionateWolf,0,113088486266240096,CaptivatingGoat,0,2024-09-06T16:37:52Z,Day4
Left,AffectionateWolf,0,113088265242404096,ExcitingTurtle,0,2024-09-06T16:38:01Z,Day4
Left,AffectionateWolf,0,113088250722857472,ExcitingTurtle,0,2024-09-06T16:38:12Z,Day4
Left,AffectionateWolf,0,113091435741790416,CaringGecko,0,2024-09-06T16:38:37Z,Day4
Left,AffectionateWolf,0,113088586658326720,CaptivatingGoat,0,2024-09-06T16:38:43Z,Day4
Left,ConfidentPanther,0,113091230617427312,UnderstandingPossum,0,2024-09-06T16:38:54Z,Day4
Left,AffectionateWolf,0,113088910542090752,WonderfulGorilla,0,2024-09-06T16:39:26Z,Day4
Left,AffectionateWolf,0,113088711437690144,WonderfulGorilla,0,2024-09-06T16:39:42Z,Day4
Left,AffectionateWolf,0,113088708258027424,WonderfulGorilla,0,2024-09-06T16:40:05Z,Day4
Left,StrongDog,0,113081966502693424,CaringGecko,0,2024-09-06T16:52:43Z,Day4
Left,CaringGecko,0,113091583380029904,DeterminedSeahorse,0,2024-09-06T16:54:10Z,Day4
Left,MerryToucan,0,113091583380029904,DeterminedSeahorse,0,2024-09-06T17:19:59Z,Day4
Left,MerryToucan,0,113091435741790416,CaringGecko,0,2024-09-06T17:20:25Z,Day4
Left,MerryToucan,0,113091288208399088,SincereNumbat,0,2024-09-06T17:21:00Z,Day4
Left,MerryToucan,0,113090980896994816,ConfidentPanther,0,2024-09-06T17:21:37Z,Day4
Left,CourageousPorpoise,0,113091102835961744,ThrivingHorse,0,2024-09-06T17:21:49Z,Day4
Left,MerryToucan,0,113091736788161728,VibrantMantis,0,2024-09-06T17:24:21Z,Day4
Left,CaringGecko,0,113091736788161728,VibrantMantis,0,2024-09-06T17:25:33Z,Day4
Left,CaringGecko,0,113091765594554672,MerryToucan,0,2024-09-06T17:25:35Z,Day4
Left,SincereNumbat,0,113091736788161728,VibrantMantis,0,2024-09-06T17:28:15Z,Day4
Left,SincereNumbat,0,113091757621708352,MerryToucan,0,2024-09-06T17:28:23Z,Day4
Left,MerryToucan,0,113091787174160656,KindheartedStingray,0,2024-09-06T17:29:29Z,Day4
Left,VictoriousKoala,0,113091787174160656,KindheartedStingray,0,2024-09-06T17:29:57Z,Day4
Left,VictoriousKoala,0,113091765594554672,MerryToucan,0,2024-09-06T17:29:58Z,Day4
Left,MerryToucan,0,113091791942818016,VibrantMantis,0,2024-09-06T17:30:07Z,Day4
Left,VictoriousKoala,0,113091381809373728,DelightfulEgret,0,2024-09-06T17:30:38Z,Day4
Left,KindheartedStingray,0,113091791787316672,MerryToucan,0,2024-09-06T17:33:35Z,Day4
Left,CreativeTiger,0,113090822095028784,CaringGecko,0,2024-09-06T17:34:01Z,Day4
Left,AdmirableFlamingo,0,113091791942818016,VibrantMantis,0,2024-09-06T17:37:14Z,Day4
Left,AdmirableFlamingo,0,113091765594554672,MerryToucan,0,2024-09-06T17:37:16Z,Day4
Left,MerryToucan,0,113091818803676048,AdmirableFlamingo,0,2024-09-06T17:37:35Z,Day4
Left,MerryToucan,0,113091582996477232,VibrantMantis,0,2024-09-06T17:40:23Z,Day4
Left,MerryToucan,0,113091553045414064,AdmirableFlamingo,0,2024-09-06T17:40:48Z,Day4
Left,MerryToucan,0,113090822095028784,CaringGecko,0,2024-09-06T17:42:54Z,Day4
Left,MerryToucan,0,113090598683360608,JoyousFirefly,0,2024-09-06T17:43:30Z,Day4
Left,MerryToucan,0,113090589274676704,JoyousFirefly,0,2024-09-06T17:43:33Z,Day4
Left,MerryToucan,0,113090484850928752,EsteemedSquirrel,0,2024-09-06T17:44:20Z,Day4
Left,CreativeTiger,0,113091765594554672,MerryToucan,0,2024-09-06T17:45:19Z,Day4
Left,MerryToucan,0,113088637178619936,ExcitingTurtle,0,2024-09-06T17:45:58Z,Day4
Left,MerryToucan,0,113087507956070016,CaringGecko,0,2024-09-06T17:49:02Z,Day4
Left,VictoriousKoala,0,113091859535144144,MerryToucan,0,2024-09-06T17:49:55Z,Day4
Left,WarmTurkey,0,113091894438528608,MerryToucan,0,2024-09-06T17:56:16Z,Day4
Left,WarmTurkey,0,113091859535144144,MerryToucan,0,2024-09-06T17:56:18Z,Day4
Left,AffectionateWolf,0,113091894438528608,MerryToucan,0,2024-09-06T17:56:50Z,Day4
Left,MerryToucan,0,113088768392269952,EncouragingLadybug,0,2024-09-06T17:58:42Z,Day4
Left,ExcitingTurtle,0,113091724528477024,OriginalEchidna,0,2024-09-06T18:00:34Z,Day4
Left,MerryToucan,0,113091909818264016,AffectionateWolf,0,2024-09-06T18:00:40Z,Day4
Left,AffectionateWolf,0,113091787174160656,KindheartedStingray,0,2024-09-06T18:00:46Z,Day4
Left,ExcitingTurtle,0,113091170360306400,UnderstandingPossum,0,2024-09-06T18:03:56Z,Day4
Left,AffectionateWolf,0,113091913733192528,MerryToucan,0,2024-09-06T18:05:29Z,Day4
Left,ExcitingTurtle,0,113091159285930320,UnderstandingPossum,0,2024-09-06T18:06:58Z,Day4
Left,ExcitingTurtle,0,113090819380828512,ConfidentPanther,0,2024-09-06T18:09:17Z,Day4
Left,ExcitingTurtle,0,113090759205465280,CaringGecko,0,2024-09-06T18:09:21Z,Day4
Left,ExcitingTurtle,0,113090749863225680,CaringGecko,0,2024-09-06T18:09:27Z,Day4
Left,ExcitingTurtle,0,113090719862038448,CaringGecko,0,2024-09-06T18:09:34Z,Day4
Left,ExcitingTurtle,0,113090697603187040,SereneHyena,0,2024-09-06T18:09:46Z,Day4
Left,ExcitingTurtle,0,113090620651555776,OptimisticQuoll,0,2024-09-06T18:09:49Z,Day4
Left,CaringGecko,0,113091791942818016,VibrantMantis,0,2024-09-06T18:11:12Z,Day4
Left,CaringGecko,0,113091894438528608,MerryToucan,0,2024-09-06T18:13:57Z,Day4
Left,CaringGecko,0,113091859535144144,MerryToucan,0,2024-09-06T18:14:00Z,Day4
Left,NeatChicken,0,113090699203480240,ThoughtfulCricket,0,2024-09-06T18:14:06Z,Day4
Left,NeatChicken,0,113090598683360608,JoyousFirefly,0,2024-09-06T18:14:18Z,Day4
Left,NeatChicken,0,113091599067924656,VibrantMantis,0,2024-09-06T18:21:50Z,Day4
Left,EnthusiasticBee,0,113091859535144144,MerryToucan,0,2024-09-06T18:22:10Z,Day4
Left,NeatChicken,0,113091583380029904,DeterminedSeahorse,0,2024-09-06T18:24:31Z,Day4
Left,EnthusiasticBee,0,113091599067924656,VibrantMantis,0,2024-09-06T18:25:14Z,Day4
Left,EnthusiasticBee,0,113091435741790416,CaringGecko,0,2024-09-06T18:25:42Z,Day4
Left,EnthusiasticBee,0,113091424614808704,GracefulPorcupine,0,2024-09-06T18:26:11Z,Day4
Left,OptimisticQuoll,0,113091989546705760,NeatChicken,0,2024-09-06T18:26:16Z,Day4
Left,OptimisticQuoll,0,113091894438528608,MerryToucan,0,2024-09-06T18:26:20Z,Day4
Left,OptimisticQuoll,0,113091802047894480,KindheartedStingray,0,2024-09-06T18:26:24Z,Day4
Left,OptimisticQuoll,0,113091791942818016,VibrantMantis,0,2024-09-06T18:26:30Z,Day4
Left,OptimisticQuoll,0,113091583380029904,DeterminedSeahorse,0,2024-09-06T18:26:38Z,Day4
Left,OptimisticQuoll,0,113091424614808704,GracefulPorcupine,0,2024-09-06T18:29:23Z,Day4
Left,OptimisticQuoll,0,113092021380381264,EnthusiasticBee,0,2024-09-06T18:29:33Z,Day4
Left,NeatChicken,0,113091963647583024,CaringGecko,0,2024-09-06T18:30:23Z,Day4
Left,NeatChicken,0,113092021380381264,EnthusiasticBee,0,2024-09-06T18:31:05Z,Day4
Left,NeatChicken,0,113092020231903248,OptimisticQuoll,0,2024-09-06T18:31:05Z,Day4
Left,NeatChicken,0,113091894438528608,MerryToucan,0,2024-09-06T18:31:23Z,Day4
Left,NeatChicken,0,113091859535144144,MerryToucan,0,2024-09-06T18:31:25Z,Day4
Left,NeatChicken,0,113091802047894480,KindheartedStingray,0,2024-09-06T18:31:26Z,Day4
Left,NeatChicken,0,113091405609862976,VividGiraffe,0,2024-09-06T18:32:51Z,Day4
Left,NeatChicken,0,113090980896994816,ConfidentPanther,0,2024-09-06T18:36:06Z,Day4
Left,NeatChicken,0,113090796305340816,BrightCamel,0,2024-09-06T18:36:31Z,Day4
Left,NeatChicken,0,113091791942818016,VibrantMantis,0,2024-09-06T18:37:12Z,Day4
Left,NeatChicken,0,113091765594554672,MerryToucan,0,2024-09-06T18:37:20Z,Day4
Left,NeatChicken,0,113091553045414064,AdmirableFlamingo,0,2024-09-06T18:37:31Z,Day4
Left,NeatChicken,0,113091549418614560,AdmirableFlamingo,0,2024-09-06T18:37:47Z,Day4
Left,ExcitingTurtle,0,113090357321505712,CourageousPorpoise,0,2024-09-06T18:38:36Z,Day4
Left,OptimisticQuoll,0,113092059058604480,ExcitingTurtle,0,2024-09-06T18:40:16Z,Day4
Left,NeatChicken,0,113088711437690144,WonderfulGorilla,0,2024-09-06T18:41:17Z,Day4
Left,MarvelousChimpanzee,0,113091963647583024,CaringGecko,0,2024-09-06T18:41:36Z,Day4
Left,NeatChicken,0,113088768392269952,EncouragingLadybug,0,2024-09-06T18:42:15Z,Day4
Left,DeterminedSeahorse,0,113086955297312992,ExcitingTurtle,0,2024-09-06T18:44:04Z,Day4
Left,DeterminedSeahorse,0,113091963647583024,CaringGecko,0,2024-09-06T18:44:59Z,Day4
Left,DeterminedSeahorse,0,113091435741790416,CaringGecko,0,2024-09-06T18:45:07Z,Day4
Left,DeterminedSeahorse,0,113088586658326720,CaptivatingGoat,0,2024-09-06T18:45:10Z,Day4
Left,SereneHyena,0,113088586658326720,CaptivatingGoat,0,2024-09-06T18:48:01Z,Day4
Left,SereneHyena,0,113091435741790416,CaringGecko,0,2024-09-06T18:48:23Z,Day4
Left,IdealEel,0,113091920367186912,EloquentOrangutan,0,2024-09-06T18:48:36Z,Day4
Left,ThrivingHorse,0,113091954224450560,EloquentOrangutan,0,2024-09-06T18:48:40Z,Day4
Left,SereneHyena,0,113092053215475344,ExcitingTurtle,0,2024-09-06T18:49:07Z,Day4
Left,ThrivingHorse,0,113092101697720912,DeterminedSeahorse,0,2024-09-06T18:49:08Z,Day4
Left,ExcitingTurtle,0,113092087804404464,KindDeer,0,2024-09-06T18:52:03Z,Day4
Left,DeterminedSeahorse,0,113091553045414064,AdmirableFlamingo,0,2024-09-06T18:52:38Z,Day4
Left,DeterminedSeahorse,0,113092100166923136,MarvelousChimpanzee,0,2024-09-06T18:52:41Z,Day4
Left,NeatChicken,0,113092114092197568,ExcitingTurtle,0,2024-09-06T18:53:18Z,Day4
Left,NeatChicken,0,113092087804404464,KindDeer,0,2024-09-06T18:53:25Z,Day4
Left,DeterminedSeahorse,0,113092079113089840,KindDeer,0,2024-09-06T18:53:29Z,Day4
Left,ExcitingTurtle,0,113092126910667664,KindDeer,0,2024-09-06T18:56:06Z,Day4
Left,DeterminedSeahorse,0,113092063936096960,KindDeer,0,2024-09-06T18:56:07Z,Day4
Left,DeterminedSeahorse,0,113092021380381264,EnthusiasticBee,0,2024-09-06T18:56:12Z,Day4
Left,DeterminedSeahorse,0,113092020231903248,OptimisticQuoll,0,2024-09-06T18:56:20Z,Day4
Left,DeterminedSeahorse,0,113092135707770176,KindDeer,0,2024-09-06T18:58:09Z,Day4
Left,DeterminedSeahorse,0,113092136935030992,NeatChicken,0,2024-09-06T18:58:19Z,Day4
Left,ExcitingTurtle,0,113092143566399520,HopefulBoa,0,2024-09-06T19:01:05Z,Day4
Left,ExcitingTurtle,0,113092148926820864,KindDeer,0,2024-09-06T19:08:07Z,Day4
Left,IdealEel,0,113091255826205024,UnderstandingPossum,0,2024-09-06T19:11:02Z,Day4
Left,IdealEel,0,113091532255172960,AdmirableFlamingo,0,2024-09-06T19:11:29Z,Day4
Left,ExcitingTurtle,0,113092210475495056,HopefulBoa,0,2024-09-06T19:18:25Z,Day4
Left,CaringGecko,0,113091967336248864,ExcitingTurtle,0,2024-09-06T19:18:27Z,Day4
Left,HopefulBoa,0,113092168299497696,ExcitingTurtle,0,2024-09-06T19:18:51Z,Day4
Left,HopefulBoa,0,113092214846345136,ExcitingTurtle,0,2024-09-06T19:18:53Z,Day4
Left,CaringGecko,0,113092021380381264,EnthusiasticBee,0,2024-09-06T19:19:11Z,Day4
Left,CaringGecko,0,113092020231903248,OptimisticQuoll,0,2024-09-06T19:19:17Z,Day4
Left,HopefulBoa,0,113092220303816272,ExcitingTurtle,0,2024-09-06T19:22:14Z,Day4
Left,SincereNumbat,0,113092217594850272,HopefulBoa,0,2024-09-06T19:22:25Z,Day4
Left,SincereNumbat,0,113092185890068256,HopefulBoa,0,2024-09-06T19:22:35Z,Day4
Left,SincereNumbat,0,113092136935030992,NeatChicken,0,2024-09-06T19:22:49Z,Day4
Left,SincereNumbat,0,113092100166923136,MarvelousChimpanzee,0,2024-09-06T19:22:53Z,Day4
Left,ExcitingTurtle,0,113092233516930432,HopefulBoa,0,2024-09-06T19:24:11Z,Day4
Left,KindheartedStingray,0,113091846687027440,VictoriousKoala,0,2024-09-06T19:24:44Z,Day4
Left,KindheartedStingray,0,113091806939472960,MerryToucan,0,2024-09-06T19:24:52Z,Day4
Left,KindheartedStingray,0,113091905189374528,EloquentOrangutan,0,2024-09-06T19:25:14Z,Day4
Left,KindheartedStingray,0,113091997813662928,EnthusiasticBee,0,2024-09-06T19:25:26Z,Day4
Left,KindheartedStingray,0,113092096146756256,KindDeer,0,2024-09-06T19:25:27Z,Day4
Left,ExcitingTurtle,0,113092227673637472,HopefulBoa,0,2024-09-06T19:27:10Z,Day4
Left,KindheartedStingray,0,113091859535144144,MerryToucan,0,2024-09-06T19:27:21Z,Day4
Left,SincereNumbat,0,113092021380381264,EnthusiasticBee,0,2024-09-06T19:29:51Z,Day4
Left,SincereNumbat,0,113092020231903248,OptimisticQuoll,0,2024-09-06T19:29:54Z,Day4
Left,SincereNumbat,0,113091989546705760,NeatChicken,0,2024-09-06T19:30:10Z,Day4
Left,SincereNumbat,0,113091963647583024,CaringGecko,0,2024-09-06T19:30:19Z,Day4
Left,SincereNumbat,0,113091894438528608,MerryToucan,0,2024-09-06T19:30:31Z,Day4
Left,SincereNumbat,0,113091791942818016,VibrantMantis,0,2024-09-06T19:31:26Z,Day4
Left,SincereNumbat,0,113091787174160656,KindheartedStingray,0,2024-09-06T19:31:40Z,Day4
Left,SincereNumbat,0,113091765594554672,MerryToucan,0,2024-09-06T19:31:48Z,Day4
Left,ExcitingTurtle,0,113091963647583024,CaringGecko,0,2024-09-06T19:35:22Z,Day4
Left,ExcitingTurtle,0,113091435741790416,CaringGecko,0,2024-09-06T19:36:52Z,Day4
Left,ExcitingTurtle,0,113090822095028784,CaringGecko,0,2024-09-06T19:38:31Z,Day4
Left,ExcitingTurtle,0,113082420552463584,CaringGecko,0,2024-09-06T19:43:04Z,Day4
Left,EsteemedSquirrel,0,113092136935030992,NeatChicken,0,2024-09-06T19:48:10Z,Day4
Left,ConfidentPanther,0,113091952723019520,ExcitingTurtle,0,2024-09-06T19:49:15Z,Day4
Left,QuaintPelican,0,113088507819708768,GenerousArmadillo,0,2024-09-06T19:49:34Z,Day4
Left,QuaintPelican,0,113092217594850272,HopefulBoa,0,2024-09-06T19:50:06Z,Day4
Left,AffectionateWolf,0,113092021380381264,EnthusiasticBee,0,2024-09-06T19:50:17Z,Day4
Left,QuaintPelican,0,113092185890068256,HopefulBoa,0,2024-09-06T19:50:18Z,Day4
Left,AffectionateWolf,0,113092020231903248,OptimisticQuoll,0,2024-09-06T19:50:27Z,Day4
Left,SincereNumbat,0,113092344529416576,EsteemedSquirrel,0,2024-09-06T19:50:35Z,Day4
Left,SincereNumbat,0,113092275177297824,ExcitingTurtle,0,2024-09-06T19:50:37Z,Day4
Left,ExcitingTurtle,0,113092332976984272,EsteemedSquirrel,0,2024-09-06T19:50:37Z,Day4
Left,EsteemedSquirrel,0,113091989546705760,NeatChicken,0,2024-09-06T19:51:26Z,Day4
Left,EsteemedSquirrel,0,113091963647583024,CaringGecko,0,2024-09-06T19:51:32Z,Day4
Left,EsteemedSquirrel,0,113091791942818016,VibrantMantis,0,2024-09-06T19:51:54Z,Day4
Left,EsteemedSquirrel,0,113091765594554672,MerryToucan,0,2024-09-06T19:53:26Z,Day4
Left,KindheartedStingray,0,113092355285752944,EsteemedSquirrel,0,2024-09-06T19:53:35Z,Day4
Left,KindheartedStingray,0,113092348773566048,AffectionateWolf,0,2024-09-06T19:53:36Z,Day4
Left,ComposedDolphin,0,113091894438528608,MerryToucan,0,2024-09-06T19:57:54Z,Day4
Left,ComposedDolphin,0,113091802047894480,KindheartedStingray,0,2024-09-06T19:57:57Z,Day4
Left,EsteemedSquirrel,0,113091435741790416,CaringGecko,0,2024-09-06T19:58:21Z,Day4
Left,EsteemedSquirrel,0,113091424614808704,GracefulPorcupine,0,2024-09-06T19:58:43Z,Day4
Left,EsteemedSquirrel,0,113091405609862976,VividGiraffe,0,2024-09-06T19:58:58Z,Day4
Left,EsteemedSquirrel,0,113091381809373728,DelightfulEgret,0,2024-09-06T19:59:23Z,Day4
Left,EsteemedSquirrel,0,113090980896994816,ConfidentPanther,0,2024-09-06T19:59:50Z,Day4
Left,EsteemedSquirrel,0,113090893920057344,SympatheticQuokka,0,2024-09-06T20:00:09Z,Day4
Left,EsteemedSquirrel,0,113090822095028784,CaringGecko,0,2024-09-06T20:00:28Z,Day4
Left,EsteemedSquirrel,0,113090771702426240,ThoughtfulCricket,0,2024-09-06T20:04:11Z,Day4
Left,EsteemedSquirrel,0,113091849656071456,MerryToucan,0,2024-09-06T20:05:20Z,Day4
Left,QuaintPelican,0,113091859535144144,MerryToucan,0,2024-09-06T20:11:16Z,Day4
Left,QuaintPelican,0,113091787174160656,KindheartedStingray,0,2024-09-06T20:11:29Z,Day4
Left,Admin,NA,113090822095028784,CaringGecko,0,2024-09-06T20:15:20Z,Day4
Left,JoyfulNewt,0,113092344529416576,EsteemedSquirrel,0,2024-09-06T20:17:59Z,Day4
Left,JoyfulNewt,0,113092484107215824,JoyousFirefly,0,2024-09-06T20:28:20Z,Day4
Left,IdealEel,0,113092484107215824,JoyousFirefly,0,2024-09-06T20:31:33Z,Day4
Left,WarmTurkey,0,113092145101023328,KindDeer,0,2024-09-06T20:32:27Z,Day4
Left,DeterminedSeahorse,0,113092211498013536,CaringGecko,0,2024-09-06T20:33:45Z,Day4
Left,WholesomeHummingbird,0,113092275177297824,ExcitingTurtle,0,2024-09-06T20:43:51Z,Day4
Left,WholesomeHummingbird,0,113088096269744736,ExcitingTurtle,0,2024-09-06T20:44:07Z,Day4
Left,WholesomeHummingbird,0,113088067393008464,UnderstandingPossum,0,2024-09-06T20:44:18Z,Day4
Left,ArtisticFinch,0,113092484107215824,JoyousFirefly,0,2024-09-06T20:44:27Z,Day4
Left,UnderstandingPossum,0,113092401495234192,EsteemedSquirrel,0,2024-09-06T20:46:10Z,Day4
Left,UnderstandingPossum,0,113092207178543120,IdealEel,0,2024-09-06T20:46:16Z,Day4
Left,UnderstandingPossum,0,113091943767089152,ExcitingTurtle,0,2024-09-06T20:46:21Z,Day4
Left,UnderstandingPossum,0,113091532255172960,AdmirableFlamingo,0,2024-09-06T20:49:38Z,Day4
Left,UnderstandingPossum,0,113092552561743264,KindheartedStingray,0,2024-09-06T20:49:48Z,Day4
Left,UnderstandingPossum,0,113092484107215824,JoyousFirefly,0,2024-09-06T20:50:11Z,Day4
Left,UnderstandingPossum,0,113092344529416576,EsteemedSquirrel,0,2024-09-06T20:50:18Z,Day4
Left,UnderstandingPossum,0,113092275177297824,ExcitingTurtle,0,2024-09-06T20:50:31Z,Day4
Left,UnderstandingPossum,0,113092332976984272,EsteemedSquirrel,0,2024-09-06T20:50:34Z,Day4
Left,UnderstandingPossum,0,113092185890068256,HopefulBoa,0,2024-09-06T20:51:34Z,Day4
Left,UnderstandingPossum,0,113092214846345136,ExcitingTurtle,0,2024-09-06T20:51:40Z,Day4
Left,UnderstandingPossum,0,113092227673637472,HopefulBoa,0,2024-09-06T20:51:52Z,Day4
Left,UnderstandingPossum,0,113092258211074880,ExcitingTurtle,0,2024-09-06T20:51:56Z,Day4
Left,UnderstandingPossum,0,113092388143088432,ComposedDolphin,0,2024-09-06T20:51:59Z,Day4
Left,WholesomeHummingbird,0,113092484107215824,JoyousFirefly,0,2024-09-06T20:52:06Z,Day4
Left,UnderstandingPossum,0,113092151165423712,KindDeer,0,2024-09-06T20:52:07Z,Day4
Left,UnderstandingPossum,0,113092136935030992,NeatChicken,0,2024-09-06T20:52:12Z,Day4
Left,UnderstandingPossum,0,113092100166923136,MarvelousChimpanzee,0,2024-09-06T20:52:20Z,Day4
Left,UnderstandingPossum,0,113091989546705760,NeatChicken,0,2024-09-06T20:53:00Z,Day4
Left,UnderstandingPossum,0,113091963647583024,CaringGecko,0,2024-09-06T20:53:02Z,Day4
Left,UnderstandingPossum,0,113091894438528608,MerryToucan,0,2024-09-06T20:53:04Z,Day4
Left,WholesomeHummingbird,0,113091791942818016,VibrantMantis,0,2024-09-06T20:53:05Z,Day4
Left,UnderstandingPossum,0,113091791942818016,VibrantMantis,0,2024-09-06T20:53:30Z,Day4
Left,UnderstandingPossum,0,113091736788161728,VibrantMantis,0,2024-09-06T20:54:02Z,Day4
Left,SympatheticQuokka,0,113092275177297824,ExcitingTurtle,0,2024-09-06T20:54:16Z,Day4
Left,SympatheticQuokka,0,113091963647583024,CaringGecko,0,2024-09-06T20:54:37Z,Day4
Left,SympatheticQuokka,0,113090969914274768,ThrivingHorse,0,2024-09-06T20:55:19Z,Day4
Left,WholesomeHummingbird,0,113091831922747936,CreativeTiger,0,2024-09-06T20:55:34Z,Day4
Left,WholesomeHummingbird,0,113092285626901808,CheerfulJackal,0,2024-09-06T20:55:43Z,Day4
Left,WholesomeHummingbird,0,113092377025697152,ComposedDolphin,0,2024-09-06T20:55:48Z,Day4
Left,ExcitingTurtle,0,113092583549481360,UnderstandingPossum,0,2024-09-06T20:57:18Z,Day4
Left,WholesomeHummingbird,0,113091599067924656,VibrantMantis,0,2024-09-06T20:57:25Z,Day4
Left,WholesomeHummingbird,0,113091642532257216,CheerfulJackal,0,2024-09-06T20:57:44Z,Day4
Left,WholesomeHummingbird,0,113091645005221744,PassionateCondor,0,2024-09-06T20:58:11Z,Day4
Left,WholesomeHummingbird,0,113091864284806128,VibrantMantis,0,2024-09-06T20:58:25Z,Day4
Left,ExcitingTurtle,0,113092567907368016,UnderstandingPossum,0,2024-09-06T20:59:23Z,Day4
Left,ExcitingTurtle,0,113092542322408032,KindheartedStingray,0,2024-09-06T21:01:34Z,Day4
Left,EnthusiasticBee,0,113092571516513152,UnderstandingPossum,0,2024-09-06T21:03:53Z,Day4
Left,DazzlingLamb,0,113091963647583024,CaringGecko,0,2024-09-06T21:05:11Z,Day4
Left,ExcitingTurtle,0,113092354510560432,KindheartedStingray,0,2024-09-06T21:05:47Z,Day4
Left,HarmoniousCat,0,113092552561743264,KindheartedStingray,0,2024-09-06T21:07:42Z,Day4
Left,HarmoniousCat,0,113092484107215824,JoyousFirefly,0,2024-09-06T21:07:45Z,Day4
Left,HarmoniousCat,0,113092021380381264,EnthusiasticBee,0,2024-09-06T21:08:39Z,Day4
Left,HarmoniousCat,0,113092020231903248,OptimisticQuoll,0,2024-09-06T21:08:43Z,Day4
Left,CalmUnicorn,0,113092217594850272,HopefulBoa,0,2024-09-06T21:09:11Z,Day4
Left,HarmoniousCat,0,113091791942818016,VibrantMantis,0,2024-09-06T21:09:12Z,Day4
Left,CalmUnicorn,0,113091963647583024,CaringGecko,0,2024-09-06T21:09:18Z,Day4
Left,HarmoniousCat,0,113091765594554672,MerryToucan,0,2024-09-06T21:09:21Z,Day4
Left,HarmoniousCat,0,113091386387387952,DelightfulEgret,0,2024-09-06T21:10:00Z,Day4
Left,HarmoniousCat,0,113091381809373728,DelightfulEgret,0,2024-09-06T21:10:23Z,Day4
Left,ExcitingTurtle,0,113092552561743264,KindheartedStingray,0,2024-09-06T21:10:44Z,Day4
Left,ExcitingTurtle,0,113092484107215824,JoyousFirefly,0,2024-09-06T21:10:59Z,Day4
Left,ExcitingTurtle,0,113092559789928656,ArtisticFinch,0,2024-09-06T21:11:15Z,Day4
Left,HarmoniousCat,0,113089962094225904,HumbleLorikeet,0,2024-09-06T21:12:05Z,Day4
Left,HarmoniousCat,0,113088828765797744,YouthfulPeacock,0,2024-09-06T21:12:23Z,Day4
Left,UnderstandingPossum,0,113092613113502608,ExcitingTurtle,0,2024-09-06T21:12:47Z,Day4
Left,ExcitingTurtle,0,113092667667156416,UnderstandingPossum,0,2024-09-06T21:12:55Z,Day4
Left,IdealEel,0,113092658321854096,ExcitingTurtle,0,2024-09-06T21:13:13Z,Day4
Left,HarmoniousCat,0,113088525997745408,ExcitingTurtle,0,2024-09-06T21:13:55Z,Day4
Left,JoyfulNewt,0,113092658321854096,ExcitingTurtle,0,2024-09-06T21:15:30Z,Day4
Left,CalmUnicorn,0,113090822095028784,CaringGecko,0,2024-09-06T21:15:31Z,Day4
Left,HarmoniousCat,0,113087637355004592,FaithfulRhinoceros,0,2024-09-06T21:16:32Z,Day4
Left,HarmoniousCat,0,113087405708480480,DevotedNightingale,1,2024-09-06T21:17:11Z,Day4
Left,WarmTurkey,0,113092658321854096,ExcitingTurtle,0,2024-09-06T21:23:03Z,Day4
Left,ExcitingTurtle,0,113092668704406560,UnderstandingPossum,0,2024-09-06T21:34:34Z,Day4
Left,JoyfulNewt,0,113092552561743264,KindheartedStingray,0,2024-09-06T21:35:28Z,Day4
Left,DeterminedSeahorse,0,113091599067924656,VibrantMantis,0,2024-09-06T22:16:07Z,Day4
Left,AffectionateWolf,0,113092819401511712,CourteousAntelope,0,2024-09-06T22:19:45Z,Day4
Left,AffectionateWolf,0,113092894376305344,JoyfulNewt,0,2024-09-06T22:19:47Z,Day4
Left,AffectionateWolf,0,113092658321854096,ExcitingTurtle,0,2024-09-06T22:19:50Z,Day4
Left,AffectionateWolf,0,113092552561743264,KindheartedStingray,0,2024-09-06T22:19:53Z,Day4
Left,AffectionateWolf,0,113092484107215824,JoyousFirefly,0,2024-09-06T22:19:57Z,Day4
Left,CaringGecko,0,113092658321854096,ExcitingTurtle,0,2024-09-06T22:26:47Z,Day4
Left,CaringGecko,0,113092484107215824,JoyousFirefly,0,2024-09-06T22:26:52Z,Day4
Left,ExcitingTurtle,0,113092858068092784,JoyousFirefly,0,2024-09-06T22:41:34Z,Day4
Left,Admin,NA,113093073464847520,DeterminedSeahorse,0,2024-09-06T22:57:28Z,Day4
Left,ExcitingTurtle,0,113092799106102384,AffectionateWolf,0,2024-09-06T23:39:33Z,Day4
Left,ExcitingTurtle,0,113092992689832048,DeterminedSeahorse,0,2024-09-06T23:41:27Z,Day4
Left,ExcitingTurtle,0,113092969760785120,CaringGecko,0,2024-09-06T23:42:56Z,Day4
Left,ExcitingTurtle,0,113091894438528608,MerryToucan,0,2024-09-06T23:46:10Z,Day4
Left,KindheartedStingray,0,113092969760785120,CaringGecko,0,2024-09-07T00:10:25Z,Day5
Left,WonderfulGorilla,0,113090719862038448,CaringGecko,0,2024-09-07T01:15:32Z,Day5
Left,AmazingIbis,0,113092552561743264,KindheartedStingray,0,2024-09-07T01:17:17Z,Day5
Left,AmazingIbis,0,113092658321854096,ExcitingTurtle,0,2024-09-07T01:17:17Z,Day5
Left,WonderfulGorilla,0,113092992689832048,DeterminedSeahorse,0,2024-09-07T01:17:18Z,Day5
Left,WonderfulGorilla,0,113093073464847520,DeterminedSeahorse,0,2024-09-07T01:17:23Z,Day5
Left,WonderfulGorilla,0,113093028827742112,AmbitiousManatee,0,2024-09-07T01:17:27Z,Day5
Left,WonderfulGorilla,0,113093257037405296,ExcitingTurtle,0,2024-09-07T01:17:30Z,Day5
Left,WonderfulGorilla,0,113093467569227440,LightheartedWoodpecker,0,2024-09-07T01:17:31Z,Day5
Left,DeterminedSeahorse,0,113092969760785120,CaringGecko,0,2024-09-07T01:36:03Z,Day5
Left,DeterminedSeahorse,0,113092894376305344,JoyfulNewt,0,2024-09-07T01:36:06Z,Day5
Left,WonderfulGorilla,0,113093475518639328,FaithfulRhinoceros,0,2024-09-07T02:03:42Z,Day5
Left,WonderfulGorilla,0,113093733230920880,LightheartedWoodpecker,0,2024-09-07T02:03:50Z,Day5
Left,WonderfulGorilla,0,113093519548442256,AmazingIbis,0,2024-09-07T02:03:51Z,Day5
Left,ExcitingTurtle,0,113081468894663552,CaringGecko,0,2024-09-07T02:17:39Z,Day5
Left,WonderfulGorilla,0,113092021380381264,EnthusiasticBee,0,2024-09-07T02:41:08Z,Day5
Left,MotivatedBandicoot,0,113092484107215824,JoyousFirefly,0,2024-09-07T03:04:13Z,Day5
Left,WonderfulGorilla,0,113092275177297824,ExcitingTurtle,0,2024-09-07T03:19:08Z,Day5
Left,WonderfulGorilla,0,113092583549481360,UnderstandingPossum,0,2024-09-07T03:19:10Z,Day5
Left,WonderfulGorilla,0,113092613113502608,ExcitingTurtle,0,2024-09-07T03:19:14Z,Day5
Left,WonderfulGorilla,0,113092668704406560,UnderstandingPossum,0,2024-09-07T03:19:15Z,Day5
Left,WonderfulGorilla,0,113092756899123584,ExcitingTurtle,0,2024-09-07T03:19:18Z,Day5
Left,WonderfulGorilla,0,113092332976984272,EsteemedSquirrel,0,2024-09-07T03:19:25Z,Day5
Left,WonderfulGorilla,0,113092354510560432,KindheartedStingray,0,2024-09-07T03:19:44Z,Day5
Left,WonderfulGorilla,0,113092465524280000,ExcitingTurtle,0,2024-09-07T03:19:47Z,Day5
Left,WonderfulGorilla,0,113092542322408032,KindheartedStingray,0,2024-09-07T03:20:01Z,Day5
Left,WonderfulGorilla,0,113092637228580864,ExcitingTurtle,0,2024-09-07T03:20:03Z,Day5
Left,WonderfulGorilla,0,113092799106102384,AffectionateWolf,0,2024-09-07T03:20:07Z,Day5
Left,CaringGecko,0,113094015474034752,ThrivingHorse,0,2024-09-07T03:24:45Z,Day5
Left,CaringGecko,0,113093959863168464,CreativeTiger,0,2024-09-07T03:24:51Z,Day5
Left,CaringGecko,0,113093815297495232,LoyalMonkey,0,2024-09-07T03:24:57Z,Day5
Left,WonderfulGorilla,0,113094015474034752,ThrivingHorse,0,2024-09-07T03:34:44Z,Day5
Left,WonderfulGorilla,0,113093959863168464,CreativeTiger,0,2024-09-07T03:34:50Z,Day5
Left,WonderfulGorilla,0,113093815297495232,LoyalMonkey,0,2024-09-07T03:34:52Z,Day5
Left,WonderfulGorilla,0,113092894376305344,JoyfulNewt,0,2024-09-07T03:37:49Z,Day5
Left,WonderfulGorilla,0,113092819401511712,CourteousAntelope,0,2024-09-07T03:37:51Z,Day5
Left,WonderfulGorilla,0,113092658321854096,ExcitingTurtle,0,2024-09-07T03:37:57Z,Day5
Left,WonderfulGorilla,0,113092552561743264,KindheartedStingray,0,2024-09-07T03:38:05Z,Day5
Left,WonderfulGorilla,0,113092484107215824,JoyousFirefly,0,2024-09-07T03:38:09Z,Day5
Left,WonderfulGorilla,0,113092478886750528,VibrantMantis,0,2024-09-07T03:38:12Z,Day5
Left,WonderfulGorilla,0,113092559789928656,ArtisticFinch,0,2024-09-07T03:38:15Z,Day5
Left,WonderfulGorilla,0,113092665506060272,ExcitingTurtle,0,2024-09-07T03:38:16Z,Day5
Left,WonderfulGorilla,0,113092344529416576,EsteemedSquirrel,0,2024-09-07T03:38:20Z,Day5
Left,WonderfulGorilla,0,113092217594850272,HopefulBoa,0,2024-09-07T03:38:28Z,Day5
Left,WonderfulGorilla,0,113092450579157920,JoyfulNewt,0,2024-09-07T03:38:30Z,Day5
Left,WonderfulGorilla,0,113092185890068256,HopefulBoa,0,2024-09-07T03:39:01Z,Day5
Left,WonderfulGorilla,0,113092214846345136,ExcitingTurtle,0,2024-09-07T03:39:02Z,Day5
Left,WonderfulGorilla,0,113092227673637472,HopefulBoa,0,2024-09-07T03:39:03Z,Day5
Left,WonderfulGorilla,0,113092151165423712,KindDeer,0,2024-09-07T03:39:07Z,Day5
Left,WonderfulGorilla,0,113092200023893024,ExcitingTurtle,0,2024-09-07T03:39:10Z,Day5
Left,WonderfulGorilla,0,113092100166923136,MarvelousChimpanzee,0,2024-09-07T03:39:15Z,Day5
Left,WonderfulGorilla,0,113092119860798512,DeterminedSeahorse,0,2024-09-07T03:39:19Z,Day5
Left,WonderfulGorilla,0,113092282867305824,ExcitingTurtle,0,2024-09-07T03:39:20Z,Day5
Left,WonderfulGorilla,0,113092079113089840,KindDeer,0,2024-09-07T03:42:08Z,Day5
Left,WonderfulGorilla,0,113092105005932672,WarmTurkey,0,2024-09-07T03:42:15Z,Day5
Left,WonderfulGorilla,0,113092142907386464,WarmTurkey,0,2024-09-07T03:42:32Z,Day5
Left,WonderfulGorilla,0,113092145101023328,KindDeer,0,2024-09-07T03:42:33Z,Day5
Left,WonderfulGorilla,0,113092108065919312,KindDeer,0,2024-09-07T03:42:35Z,Day5
Left,WonderfulGorilla,0,113092098556192768,ExcitingTurtle,0,2024-09-07T03:42:39Z,Day5
Left,WonderfulGorilla,0,113092202364198416,HopefulBoa,0,2024-09-07T03:42:43Z,Day5
Left,WonderfulGorilla,0,113092130229372560,DeterminedSeahorse,0,2024-09-07T03:42:49Z,Day5
Left,WonderfulGorilla,0,113092135707770176,KindDeer,0,2024-09-07T03:42:50Z,Day5
Left,WonderfulGorilla,0,113092173044671696,IdealEel,0,2024-09-07T03:42:53Z,Day5
Left,WonderfulGorilla,0,113092277590369808,CheerfulJackal,0,2024-09-07T03:42:56Z,Day5
Left,WonderfulGorilla,0,113092341110196720,EsteemedSquirrel,0,2024-09-07T03:42:58Z,Day5
Left,WonderfulGorilla,0,113092379677082496,ComposedDolphin,0,2024-09-07T03:42:59Z,Day5
Left,UnderstandingPossum,0,113092992689832048,DeterminedSeahorse,0,2024-09-07T05:19:04Z,Day5
Left,UnderstandingPossum,0,113093073464847520,DeterminedSeahorse,0,2024-09-07T05:19:16Z,Day5
Left,UnderstandingPossum,0,113093028827742112,AmbitiousManatee,0,2024-09-07T05:19:19Z,Day5
Left,UnderstandingPossum,0,113094181325963840,WonderfulGorilla,0,2024-09-07T05:19:28Z,Day5
Left,UnderstandingPossum,0,113092969760785120,CaringGecko,0,2024-09-07T05:20:01Z,Day5
Left,UnderstandingPossum,0,113092894376305344,JoyfulNewt,0,2024-09-07T05:20:06Z,Day5
Left,UnderstandingPossum,0,113092819401511712,CourteousAntelope,0,2024-09-07T05:20:10Z,Day5
Left,WonderfulGorilla,0,113094583517465360,UnderstandingPossum,0,2024-09-07T06:03:10Z,Day5
Left,ExcitingTurtle,0,113094118274692080,WonderfulGorilla,0,2024-09-07T06:12:43Z,Day5
Left,WonderfulGorilla,0,113094790639897008,ExcitingTurtle,0,2024-09-07T06:12:52Z,Day5
Left,ExcitingTurtle,0,113094821640966624,WonderfulGorilla,0,2024-09-07T08:15:15Z,Day5
Left,WonderfulGorilla,0,113095272618239312,ExcitingTurtle,0,2024-09-07T09:06:38Z,Day5
Left,ExcitingTurtle,0,113094015474034752,ThrivingHorse,0,2024-09-07T10:09:24Z,Day5
Left,KindheartedStingray,0,113094790639897008,ExcitingTurtle,0,2024-09-07T14:45:51Z,Day5
Left,KindheartedStingray,0,113094118274692080,WonderfulGorilla,0,2024-09-07T14:46:12Z,Day5
Left,DeterminedSeahorse,0,113094583517465360,UnderstandingPossum,0,2024-09-07T17:21:14Z,Day5
Left,DeterminedSeahorse,0,113096226579200368,SweetGazelle,0,2024-09-07T17:21:33Z,Day5
Left,DeterminedSeahorse,0,113094015474034752,ThrivingHorse,0,2024-09-07T17:21:41Z,Day5
Left,DeterminedSeahorse,0,113093959863168464,CreativeTiger,0,2024-09-07T17:21:42Z,Day5
Left,DeterminedSeahorse,0,113093815297495232,LoyalMonkey,0,2024-09-07T17:21:43Z,Day5
Left,DeterminedSeahorse,0,113093733230920880,LightheartedWoodpecker,0,2024-09-07T17:21:45Z,Day5
Left,DeterminedSeahorse,0,113093475518639328,FaithfulRhinoceros,0,2024-09-07T17:21:48Z,Day5
Left,DeterminedSeahorse,0,113092992689832048,DeterminedSeahorse,0,2024-09-07T17:21:49Z,Day5
Left,DeterminedSeahorse,0,113092819401511712,CourteousAntelope,0,2024-09-07T17:21:54Z,Day5
Left,DeterminedSeahorse,0,113092658321854096,ExcitingTurtle,0,2024-09-07T17:21:56Z,Day5
Left,GentleCrow,0,113092275177297824,ExcitingTurtle,0,2024-09-07T17:29:03Z,Day5
Left,WonderfulGorilla,0,113097452669735760,GentleCrow,0,2024-09-07T19:39:41Z,Day5
Left,WonderfulGorilla,0,113096226579200368,SweetGazelle,0,2024-09-07T20:52:40Z,Day5
Left,UnderstandingPossum,0,113097452669735760,GentleCrow,0,2024-09-07T21:11:47Z,Day5
Left,UnderstandingPossum,0,113096226579200368,SweetGazelle,0,2024-09-07T21:12:19Z,Day5
Left,UnderstandingPossum,0,113094015474034752,ThrivingHorse,0,2024-09-07T21:12:26Z,Day5
Left,UnderstandingPossum,0,113093959863168464,CreativeTiger,0,2024-09-07T21:12:29Z,Day5
Left,AffectionateWolf,0,113097452669735760,GentleCrow,0,2024-09-07T22:36:13Z,Day5
Left,Admin,NA,113099013494993040,ExcitingTurtle,0,2024-09-08T01:56:25Z,Day5
Left,WonderfulGorilla,0,113099013494993040,ExcitingTurtle,0,2024-09-08T02:10:01Z,Day5
Left,WonderfulGorilla,0,113098328564114800,UnderstandingPossum,0,2024-09-08T02:10:19Z,Day5
Left,ResourcefulLlama,NA,113088366947716368,LoyalMonkey,0,2024-09-08T20:38:45Z,Day5
Left,ResourcefulLlama,NA,113082195845801744,LoyalMonkey,0,2024-09-08T20:42:50Z,Day5
Left,ResourcefulLlama,NA,113086631071875744,ThrivingHorse,0,2024-09-08T22:06:52Z,Day5
Left,WonderfulGorilla,0,113103820515012320,ResourcefulLlama,NA,2024-09-08T22:43:52Z,Day5
Left,ExcitingTurtle,0,113103820515012320,ResourcefulLlama,NA,2024-09-08T23:58:32Z,Day5
Left,ExcitingTurtle,0,113104354785158768,WonderfulGorilla,0,2024-09-08T23:58:33Z,Day5
Right,JustJaguar,0,112996390861327680,KeenCrow,0,2024-08-20T21:09:20Z,Day1
Right,ValorousBeaver,0,112996395420161856,ValorousBeaver,0,2024-08-20T21:10:17Z,Day1
Right,ValorousBeaver,0,112996390711840400,ValorousBeaver,0,2024-08-20T21:10:20Z,Day1
Right,ValorousBeaver,0,112996408615393424,BrightNewt,0,2024-08-20T21:13:19Z,Day1
Right,JustJaguar,0,112996426174650352,EagerLamb,0,2024-08-20T21:19:48Z,Day1
Right,KeenCrow,0,112996444772294656,LovableDuck,0,2024-08-20T21:22:09Z,Day1
Right,GratefulChicken,0,112996444772294656,LovableDuck,0,2024-08-20T21:23:32Z,Day1
Right,KeenCrow,0,112996455020819376,SympatheticWoodpecker,0,2024-08-20T21:24:45Z,Day1
Right,JoyfulAardvark,0,112996458095564832,DiligentEgret,0,2024-08-20T21:25:46Z,Day1
Right,JoyfulAardvark,0,112996443218058592,QualifiedSalamander,0,2024-08-20T21:28:52Z,Day1
Right,EagerLamb,0,112996429931485232,KeenCrow,0,2024-08-20T21:29:27Z,Day1
Right,DiligentEgret,0,112996455020819376,SympatheticWoodpecker,0,2024-08-20T21:30:08Z,Day1
Right,DiligentEgret,0,112996444772294656,LovableDuck,0,2024-08-20T21:31:28Z,Day1
Right,KeenCrow,0,112996481692300864,ThrivingImpala,0,2024-08-20T21:32:09Z,Day1
Right,JustJaguar,0,112996475618637712,ThrivingImpala,0,2024-08-20T21:32:54Z,Day1
Right,JustJaguar,0,112996459502137600,AwesomeDhole,0,2024-08-20T21:33:25Z,Day1
Right,GratefulChicken,0,112996481692300864,ThrivingImpala,0,2024-08-20T21:33:27Z,Day1
Right,JoyfulAardvark,0,112996486379533840,OptimisticTortoise,0,2024-08-20T21:33:55Z,Day1
Right,BrightNewt,0,112996412374192592,ValorousBeaver,0,2024-08-20T21:36:09Z,Day1
Right,BrightNewt,0,112996407889297168,ValorousBeaver,0,2024-08-20T21:36:14Z,Day1
Right,DiligentEgret,0,112996486379533840,OptimisticTortoise,0,2024-08-20T21:37:44Z,Day1
Right,SplendidCockatoo,0,112996515660758448,HarmoniousViper,0,2024-08-20T21:40:22Z,Day1
Right,JustJaguar,0,112996518131795872,GentleTrout,0,2024-08-20T21:40:43Z,Day1
Right,SplendidCockatoo,0,112996518131795872,GentleTrout,0,2024-08-20T21:40:47Z,Day1
Right,GentleTrout,0,112996506960893664,SplendidCockatoo,0,2024-08-20T21:41:19Z,Day1
Right,SplendidCockatoo,0,112996512613380080,SincereLadybug,0,2024-08-20T21:42:05Z,Day1
Right,SplendidCockatoo,0,112996475618637712,ThrivingImpala,0,2024-08-20T21:43:27Z,Day1
Right,SplendidCockatoo,0,112996481692300864,ThrivingImpala,0,2024-08-20T21:43:35Z,Day1
Right,SplendidCockatoo,0,112996455105749040,EagerLamb,0,2024-08-20T21:46:36Z,Day1
Right,SplendidCockatoo,0,112996433208848848,MindfulFerret,0,2024-08-20T21:47:39Z,Day1
Right,SplendidCockatoo,0,112996419879771040,GenerousEchidna,0,2024-08-20T21:47:56Z,Day1
Right,JoyfulAardvark,0,112996527426910912,RadiantFalcon,0,2024-08-20T21:48:01Z,Day1
Right,TrustworthySquid,0,112996514298420592,QualifiedSalamander,0,2024-08-20T21:48:05Z,Day1
Right,JoyfulAardvark,0,112996527832317712,GraciousHyena,0,2024-08-20T21:48:07Z,Day1
Right,SplendidCockatoo,0,112996405148445904,DependableDingo,0,2024-08-20T21:49:08Z,Day1
Right,DiligentEgret,0,112996543875915168,JoyousWallaby,0,2024-08-20T21:49:58Z,Day1
Right,DiligentEgret,0,112996519678152624,DevotedDolphin,0,2024-08-20T21:50:07Z,Day1
Right,GraciousHyena,0,112996539341998704,TrustworthySquid,0,2024-08-20T21:50:10Z,Day1
Right,GentleTrout,0,112996554018697712,DiligentEgret,0,2024-08-20T21:50:24Z,Day1
Right,OptimisticTortoise,0,112996514298420592,QualifiedSalamander,0,2024-08-20T21:50:26Z,Day1
Right,GraciousHyena,0,112996520071375456,EagerLamb,0,2024-08-20T21:50:43Z,Day1
Right,JoyousWallaby,0,112996555597161936,JoyfulAardvark,0,2024-08-20T21:51:04Z,Day1
Right,GentleTrout,0,112996481692300864,ThrivingImpala,0,2024-08-20T21:52:03Z,Day1
Right,GentleTrout,0,112996459502137600,AwesomeDhole,0,2024-08-20T21:52:33Z,Day1
Right,DiligentEgret,0,112996560634772384,CharismaticCamel,0,2024-08-20T21:55:50Z,Day1
Right,DiligentEgret,0,112996555597161936,JoyfulAardvark,0,2024-08-20T21:57:23Z,Day1
Right,GentleTrout,0,112996443218058592,QualifiedSalamander,0,2024-08-20T21:57:33Z,Day1
Right,GraciousHyena,0,112996403035540960,BrightNewt,0,2024-08-20T21:58:15Z,Day1
Right,GraciousHyena,0,112996390861327680,KeenCrow,0,2024-08-20T21:58:39Z,Day1
Right,GraciousHyena,0,112996426174650352,EagerLamb,0,2024-08-20T21:59:55Z,Day1
Right,GentleTrout,0,112996531248289008,ThrivingImpala,0,2024-08-20T22:00:36Z,Day1
Right,GentleTrout,0,112996523122947936,YoungReindeer,0,2024-08-20T22:00:37Z,Day1
Right,OptimisticTortoise,0,112996555597161936,JoyfulAardvark,0,2024-08-20T22:02:08Z,Day1
Right,DiligentEgret,0,112996550318155392,OptimisticTortoise,0,2024-08-20T22:02:30Z,Day1
Right,JustJaguar,0,112996597739077152,CharismaticCamel,0,2024-08-20T22:04:50Z,Day1
Right,JustJaguar,0,112996572320134976,CharismaticCamel,0,2024-08-20T22:04:54Z,Day1
Right,JoyousWallaby,0,112996451719744464,ThrivingImpala,0,2024-08-20T22:05:01Z,Day1
Right,GentleTrout,0,112996390861327680,KeenCrow,0,2024-08-20T22:05:02Z,Day1
Right,GentleTrout,0,112996388578450544,JustJaguar,0,2024-08-20T22:05:05Z,Day1
Right,GentleTrout,0,112996601871258944,SplendidCockatoo,0,2024-08-20T22:05:50Z,Day1
Right,DiligentEgret,0,112996621597898256,ObservantBadger,0,2024-08-20T22:09:01Z,Day1
Right,GentleTrout,0,112996622350359408,WelcomingFrog,0,2024-08-20T22:10:48Z,Day1
Right,DiligentEgret,0,112996638699927664,CharismaticCamel,0,2024-08-20T22:11:19Z,Day1
Right,DiligentEgret,0,112996639356945968,HopefulKiwi,0,2024-08-20T22:13:07Z,Day1
Right,VirtuousArmadillo,0,112996593965149840,RadiantFalcon,0,2024-08-20T22:15:08Z,Day1
Right,SplendidCockatoo,0,112996612488416480,JustJaguar,0,2024-08-20T22:18:07Z,Day1
Right,CreativePossum,0,112996555597161936,JoyfulAardvark,0,2024-08-20T22:19:27Z,Day1
Right,VirtuousArmadillo,0,112996647071835952,OptimisticTortoise,0,2024-08-20T22:19:34Z,Day1
Right,WelcomingFrog,0,112996542418432512,EmpatheticWalrus,0,2024-08-20T22:19:41Z,Day1
Right,CreativePossum,0,112996527902943392,BrightNewt,0,2024-08-20T22:20:09Z,Day1
Right,WelcomingFrog,0,112996527832317712,GraciousHyena,0,2024-08-20T22:20:30Z,Day1
Right,CreativePossum,0,112996520071375456,EagerLamb,0,2024-08-20T22:21:34Z,Day1
Right,SplendidCockatoo,0,112996667721115840,VirtuousArmadillo,0,2024-08-20T22:21:37Z,Day1
Right,SplendidCockatoo,0,112996647071835952,OptimisticTortoise,0,2024-08-20T22:22:14Z,Day1
Right,WelcomingFrog,0,112996518131795872,GentleTrout,0,2024-08-20T22:22:34Z,Day1
Right,SupportiveRhinoceros,0,112996539341998704,TrustworthySquid,0,2024-08-20T22:23:19Z,Day1
Right,CreativePossum,0,112996504926069600,DiligentEgret,0,2024-08-20T22:23:37Z,Day1
Right,SplendidCockatoo,0,112996677458607232,CalmLynx,0,2024-08-20T22:23:57Z,Day1
Right,JoyousWallaby,0,112996688380563056,RelaxedDragonfly,1,2024-08-20T22:24:32Z,Day1
Right,CreativePossum,0,112996502073233312,JustJaguar,0,2024-08-20T22:24:47Z,Day1
Right,JustJaguar,0,112996697429125120,CreativePossum,0,2024-08-20T22:26:18Z,Day1
Right,CreativePossum,0,112996486379533840,OptimisticTortoise,0,2024-08-20T22:26:29Z,Day1
Right,VirtuousArmadillo,0,112996694473900448,ResilientOtter,0,2024-08-20T22:27:30Z,Day1
Right,DiligentEgret,0,112996689975045664,CreativePossum,0,2024-08-20T22:27:45Z,Day1
Right,OptimisticTortoise,0,112996704228850256,CreativePossum,0,2024-08-20T22:28:19Z,Day1
Right,VirtuousArmadillo,0,112996506960893664,SplendidCockatoo,0,2024-08-20T22:30:17Z,Day1
Right,SplendidCockatoo,0,112996690291221104,VirtuousArmadillo,0,2024-08-20T22:30:30Z,Day1
Right,SplendidCockatoo,0,112996697923318432,EsteemedNumbat,0,2024-08-20T22:31:00Z,Day1
Right,SplendidCockatoo,0,112996694473900448,ResilientOtter,0,2024-08-20T22:31:11Z,Day1
Right,SplendidCockatoo,0,112996711837567120,VirtuousArmadillo,0,2024-08-20T22:31:29Z,Day1
Right,VirtuousArmadillo,0,112996720355495232,ImpressiveBison,0,2024-08-20T22:32:16Z,Day1
Right,VirtuousArmadillo,0,112996719474804656,SupportiveRhinoceros,0,2024-08-20T22:32:22Z,Day1
Right,KnowledgeableJellyfish,0,112996720355495232,ImpressiveBison,0,2024-08-20T22:32:59Z,Day1
Right,KnowledgeableJellyfish,0,112996719474804656,SupportiveRhinoceros,0,2024-08-20T22:33:07Z,Day1
Right,KnowledgeableJellyfish,0,112996688380563056,RelaxedDragonfly,1,2024-08-20T22:33:50Z,Day1
Right,CreativePossum,0,112996647071835952,OptimisticTortoise,0,2024-08-20T22:33:59Z,Day1
Right,KnowledgeableJellyfish,0,112996661587837344,ArtisticButterfly,1,2024-08-20T22:34:07Z,Day1
Right,KnowledgeableJellyfish,0,112996656319276560,ArtisticButterfly,1,2024-08-20T22:34:17Z,Day1
Right,CreativePossum,0,112996642063439568,RemarkableGopher,1,2024-08-20T22:34:38Z,Day1
Right,SupportiveRhinoceros,0,112996725574758688,ImpressiveBison,0,2024-08-20T22:34:44Z,Day1
Right,KnowledgeableJellyfish,0,112996640848884320,RemarkableGopher,1,2024-08-20T22:34:45Z,Day1
Right,KnowledgeableJellyfish,0,112996635448396368,KindheartedPuma,0,2024-08-20T22:34:55Z,Day1
Right,VirtuousArmadillo,0,112996725574758688,ImpressiveBison,0,2024-08-20T22:35:02Z,Day1
Right,JustJaguar,0,112996697923318432,EsteemedNumbat,0,2024-08-20T22:35:15Z,Day1
Right,CreativePossum,0,112996458095564832,DiligentEgret,0,2024-08-20T22:35:48Z,Day1
Right,GraciousHyena,0,112996706021041568,EsteemedNumbat,0,2024-08-20T22:35:56Z,Day1
Right,KnowledgeableJellyfish,0,112996627641322816,HopefulKiwi,0,2024-08-20T22:35:57Z,Day1
Right,ImpressiveBison,0,112996697923318432,EsteemedNumbat,0,2024-08-20T22:36:05Z,Day1
Right,KnowledgeableJellyfish,0,112996625451755488,RemarkableGopher,1,2024-08-20T22:36:05Z,Day1
Right,SupportiveRhinoceros,0,112996731913016848,VirtuousArmadillo,0,2024-08-20T22:36:06Z,Day1
Right,ImpressiveBison,0,112996694473900448,ResilientOtter,0,2024-08-20T22:36:13Z,Day1
Right,CreativePossum,0,112996455105749040,EagerLamb,0,2024-08-20T22:36:14Z,Day1
Right,KnowledgeableJellyfish,0,112996593965149840,RadiantFalcon,0,2024-08-20T22:36:28Z,Day1
Right,KnowledgeableJellyfish,0,112996569925902848,HarmoniousViper,0,2024-08-20T22:36:33Z,Day1
Right,KnowledgeableJellyfish,0,112996555597161936,JoyfulAardvark,0,2024-08-20T22:37:14Z,Day1
Right,KnowledgeableJellyfish,0,112996546812793200,JollyOctopus,0,2024-08-20T22:37:22Z,Day1
Right,LovingFireworm,0,112993369231916832,NA,0,2024-08-20T22:37:44Z,Day1
Right,LovingFireworm,0,112993369231916832,NA,0,2024-08-20T22:37:44Z,Day1
Right,LovingFireworm,0,112993369231916832,NA,0,2024-08-20T22:37:44Z,Day1
Right,LovingFireworm,0,112993369231916832,NA,0,2024-08-20T22:37:44Z,Day1
Right,LovingFireworm,0,112993369231916832,NA,0,2024-08-20T22:37:44Z,Day1
Right,CreativePossum,0,112996725574758688,ImpressiveBison,0,2024-08-20T22:38:05Z,Day1
Right,VirtuousArmadillo,0,112996697923318432,EsteemedNumbat,0,2024-08-20T22:38:47Z,Day1
Right,KnowledgeableJellyfish,0,112996533910279440,JollyOctopus,0,2024-08-20T22:38:54Z,Day1
Right,KnowledgeableJellyfish,0,112996520071375456,EagerLamb,0,2024-08-20T22:39:18Z,Day1
Right,KnowledgeableJellyfish,0,112996510970090048,SincereLadybug,0,2024-08-20T22:39:34Z,Day1
Right,ImpressiveBison,0,112996647071835952,OptimisticTortoise,0,2024-08-20T22:39:57Z,Day1
Right,KnowledgeableJellyfish,0,112996502073233312,JustJaguar,0,2024-08-20T22:40:02Z,Day1
Right,SplendidCockatoo,0,112996725574758688,ImpressiveBison,0,2024-08-20T22:41:27Z,Day1
Right,LovingFireworm,0,112996752798699536,InnovativeGrasshopper,0,2024-08-20T22:41:39Z,Day1
Right,ImpressiveBison,0,112996757817459152,FriendlyBaboon,1,2024-08-20T22:41:41Z,Day1
Right,SupportiveRhinoceros,0,112996757627344480,UnderstandingKingfisher,0,2024-08-20T22:42:11Z,Day1
Right,ImpressiveBison,0,112996741548994688,RelaxedDragonfly,1,2024-08-20T22:43:24Z,Day1
Right,TrustworthySquid,0,112996762104533088,KnowledgeableJellyfish,0,2024-08-20T22:43:25Z,Day1
Right,ImpressiveBison,0,112996751379476496,CreativePossum,0,2024-08-20T22:43:44Z,Day1
Right,ImpressiveBison,0,112996768330086304,FriendlyBaboon,1,2024-08-20T22:44:28Z,Day1
Right,KnowledgeableJellyfish,0,112996741548994688,RelaxedDragonfly,1,2024-08-20T22:44:53Z,Day1
Right,KnowledgeableJellyfish,0,112996735362470144,RelaxedDragonfly,1,2024-08-20T22:44:59Z,Day1
Right,KnowledgeableJellyfish,0,112996735483291568,KnowledgeableJellyfish,0,2024-08-20T22:50:01Z,Day1
Right,LovingFireworm,0,112996796786028960,VirtuousArmadillo,0,2024-08-20T22:51:33Z,Day1
Right,EloquentBumblebee,0,112996741548994688,RelaxedDragonfly,1,2024-08-20T22:51:33Z,Day1
Right,EloquentBumblebee,0,112996789972453712,InnovativeGrasshopper,0,2024-08-20T22:51:54Z,Day1
Right,VirtuousArmadillo,0,112996798596494912,LovingFireworm,0,2024-08-20T22:51:57Z,Day1
Right,LovingFireworm,0,112996647071835952,OptimisticTortoise,0,2024-08-20T22:52:39Z,Day1
Right,EloquentBumblebee,0,112996788892031504,LovingFireworm,0,2024-08-20T22:53:10Z,Day1
Right,LovingFireworm,0,112996801398752240,HonestLion,0,2024-08-20T22:53:24Z,Day1
Right,HeartfeltBandicoot,0,112996789972453712,InnovativeGrasshopper,0,2024-08-20T22:55:48Z,Day1
Right,InnovativeGrasshopper,0,112996799905158560,JollyOctopus,0,2024-08-20T22:56:03Z,Day1
Right,InnovativeGrasshopper,0,112996800713093280,EloquentBumblebee,0,2024-08-20T22:56:07Z,Day1
Right,InnovativeGrasshopper,0,112996794966623392,EnchantingHawk,0,2024-08-20T22:56:16Z,Day1
Right,BubblyDog,0,112993369231916832,NA,0,2024-08-20T22:57:53Z,Day1
Right,BubblyDog,0,112993369231916832,NA,0,2024-08-20T22:57:53Z,Day1
Right,BubblyDog,0,112993369231916832,NA,0,2024-08-20T22:57:53Z,Day1
Right,BubblyDog,0,112993369231916832,NA,0,2024-08-20T22:57:53Z,Day1
Right,BubblyDog,0,112993369231916832,NA,0,2024-08-20T22:57:53Z,Day1
Right,LaudableStingray,0,112996783319272032,FriendlyBaboon,1,2024-08-20T22:58:13Z,Day1
Right,VirtuousArmadillo,0,112996748591767376,ImpressiveBison,0,2024-08-20T22:58:30Z,Day1
Right,EloquentBumblebee,0,112996824255665568,DevotedDolphin,0,2024-08-20T22:58:53Z,Day1
Right,InnovativeGrasshopper,0,112996822441733664,JustJaguar,0,2024-08-20T22:59:09Z,Day1
Right,EloquentBumblebee,0,112996826126519776,LightheartedEmu,0,2024-08-20T22:59:43Z,Day1
Right,HonestLion,0,112996635448396368,KindheartedPuma,0,2024-08-20T23:01:44Z,Day1
Right,SplendidCockatoo,0,112996826126519776,LightheartedEmu,0,2024-08-20T23:03:33Z,Day1
Right,OptimisticTortoise,0,112996835123717040,LaudableStingray,0,2024-08-20T23:03:34Z,Day1
Right,OptimisticTortoise,0,112996826126519776,LightheartedEmu,0,2024-08-20T23:03:40Z,Day1
Right,SplendidCockatoo,0,112996822397709568,InnovativeGrasshopper,0,2024-08-20T23:03:43Z,Day1
Right,OptimisticTortoise,0,112996822397709568,InnovativeGrasshopper,0,2024-08-20T23:03:52Z,Day1
Right,CreativePossum,0,112996795610237952,EloquentBumblebee,0,2024-08-20T23:04:32Z,Day1
Right,CreativePossum,0,112996789972453712,InnovativeGrasshopper,0,2024-08-20T23:04:36Z,Day1
Right,CreativePossum,0,112996782105195920,InnovativeGrasshopper,0,2024-08-20T23:05:35Z,Day1
Right,DiligentEgret,0,112996789972453712,InnovativeGrasshopper,0,2024-08-20T23:05:40Z,Day1
Right,DiligentEgret,0,112996783319272032,FriendlyBaboon,1,2024-08-20T23:05:57Z,Day1
Right,CreativePossum,0,112996770318435568,FriendlyBaboon,1,2024-08-20T23:06:06Z,Day1
Right,CreativePossum,0,112996835123717040,LaudableStingray,0,2024-08-20T23:06:56Z,Day1
Right,InnovativeGrasshopper,0,112996853717727984,CreativePossum,0,2024-08-20T23:08:07Z,Day1
Right,DiligentEgret,0,112996782105195920,InnovativeGrasshopper,0,2024-08-20T23:08:07Z,Day1
Right,HeartfeltBandicoot,0,112996719474804656,SupportiveRhinoceros,0,2024-08-20T23:08:22Z,Day1
Right,BubblyDog,0,112996625451755488,RemarkableGopher,1,2024-08-20T23:08:50Z,Day1
Right,UnderstandingKingfisher,0,112996694473900448,ResilientOtter,0,2024-08-20T23:09:21Z,Day1
Right,SplendidCockatoo,0,112996870247043856,BubblyDog,0,2024-08-20T23:10:15Z,Day1
Right,LovingFireworm,0,112996863221963056,JustJaguar,0,2024-08-20T23:13:34Z,Day1
Right,VirtuousArmadillo,0,112996882260774160,HeartfeltBandicoot,0,2024-08-20T23:13:34Z,Day1
Right,KnowledgeableJellyfish,0,112996834906376528,BubblyDog,0,2024-08-20T23:14:58Z,Day1
Right,KnowledgeableJellyfish,0,112996891901132112,InnovativeGrasshopper,0,2024-08-20T23:15:47Z,Day1
Right,KnowledgeableJellyfish,0,112996869233123472,InnovativeGrasshopper,0,2024-08-20T23:16:00Z,Day1
Right,KnowledgeableJellyfish,0,112996862408257408,BubblyDog,0,2024-08-20T23:16:41Z,Day1
Right,InnovativeGrasshopper,0,112996895599391504,KnowledgeableJellyfish,0,2024-08-20T23:16:44Z,Day1
Right,LovingFireworm,0,112996897519802752,InnovativeGrasshopper,0,2024-08-20T23:17:13Z,Day1
Right,VirtuousArmadillo,0,112996891674061312,HeartfeltBandicoot,0,2024-08-20T23:17:46Z,Day1
Right,KnowledgeableJellyfish,0,112996894991677280,HonestLion,0,2024-08-20T23:17:55Z,Day1
Right,KnowledgeableJellyfish,0,112996782212897712,JollyOctopus,0,2024-08-20T23:18:16Z,Day1
Right,VirtuousArmadillo,0,112996874876269968,HeartfeltBandicoot,0,2024-08-20T23:18:22Z,Day1
Right,LovingFireworm,0,112996795610237952,EloquentBumblebee,0,2024-08-20T23:18:58Z,Day1
Right,KnowledgeableJellyfish,0,112996899044105120,RelaxedDragonfly,1,2024-08-20T23:19:57Z,Day1
Right,HeartfeltBandicoot,0,112996622350359408,WelcomingFrog,0,2024-08-20T23:20:38Z,Day1
Right,HeartfeltBandicoot,0,112996533910279440,JollyOctopus,0,2024-08-20T23:22:20Z,Day1
Right,HeartfeltBandicoot,0,112996426174650352,EagerLamb,0,2024-08-20T23:23:40Z,Day1
Right,KnowledgeableJellyfish,0,112996924450190736,LightheartedEmu,0,2024-08-20T23:24:11Z,Day1
Right,ExcellentMantis,0,112996910431435168,RelaxedDragonfly,1,2024-08-20T23:24:46Z,Day1
Right,ExcellentMantis,0,112996869233123472,InnovativeGrasshopper,0,2024-08-20T23:25:17Z,Day1
Right,SplendidCockatoo,0,112996926171993856,BubblyDog,0,2024-08-20T23:25:24Z,Day1
Right,SplendidCockatoo,0,112996930193512864,BubblyDog,0,2024-08-20T23:25:30Z,Day1
Right,ExcellentMantis,0,112996854091587664,HonestLion,0,2024-08-20T23:25:36Z,Day1
Right,ExcellentMantis,0,112996801705458944,DazzlingManatee,0,2024-08-20T23:25:55Z,Day1
Right,LovingFireworm,0,112996924450190736,LightheartedEmu,0,2024-08-20T23:25:57Z,Day1
Right,ExcellentMantis,0,112996783319272032,FriendlyBaboon,1,2024-08-20T23:26:21Z,Day1
Right,ExcellentMantis,0,112996770318435568,FriendlyBaboon,1,2024-08-20T23:26:35Z,Day1
Right,LovingFireworm,0,112996922488276144,SplendidCockatoo,0,2024-08-20T23:27:00Z,Day1
Right,ExcellentMantis,0,112996768330086304,FriendlyBaboon,1,2024-08-20T23:27:01Z,Day1
Right,ExcellentMantis,0,112996757817459152,FriendlyBaboon,1,2024-08-20T23:27:06Z,Day1
Right,ExcellentMantis,0,112996741548994688,RelaxedDragonfly,1,2024-08-20T23:27:13Z,Day1
Right,ExcellentMantis,0,112996735362470144,RelaxedDragonfly,1,2024-08-20T23:27:19Z,Day1
Right,BubblyDog,0,112996801705458944,DazzlingManatee,0,2024-08-20T23:28:05Z,Day1
Right,KnowledgeableJellyfish,0,112996941293397040,InsightfulEagle,1,2024-08-20T23:29:34Z,Day1
Right,ExcellentMantis,0,112996924450190736,LightheartedEmu,0,2024-08-20T23:30:17Z,Day1
Right,LovingFireworm,0,112996922979051488,PlayfulGecko,0,2024-08-20T23:30:34Z,Day1
Right,LovingFireworm,0,112996913903682480,PlayfulGecko,0,2024-08-20T23:30:35Z,Day1
Right,DiligentEgret,0,112996924450190736,LightheartedEmu,0,2024-08-20T23:31:07Z,Day1
Right,LovingFireworm,0,112996788892031504,LovingFireworm,0,2024-08-20T23:31:38Z,Day1
Right,SplendidCockatoo,0,112996922979051488,PlayfulGecko,0,2024-08-20T23:31:46Z,Day1
Right,DiligentEgret,0,112996905532708976,ConfidentWildebeest,0,2024-08-20T23:32:28Z,Day1
Right,KnowledgeableJellyfish,0,112996800419381328,PatientOcelot,1,2024-08-20T23:32:28Z,Day1
Right,KnowledgeableJellyfish,0,112996801705458944,DazzlingManatee,0,2024-08-20T23:33:25Z,Day1
Right,LovingFireworm,0,112996833258452416,ConfidentWildebeest,0,2024-08-20T23:34:08Z,Day1
Right,CreativePossum,0,112996891901132112,InnovativeGrasshopper,0,2024-08-20T23:36:17Z,Day1
Right,CreativePossum,0,112996869233123472,InnovativeGrasshopper,0,2024-08-20T23:36:40Z,Day1
Right,OutstandingSeahorse,0,112996974155020576,EsteemedNumbat,0,2024-08-20T23:37:18Z,Day1
Right,ExcellentMantis,0,112996970076943824,KnowledgeableJellyfish,0,2024-08-20T23:38:02Z,Day1
Right,LavishPorpoise,0,112996854091587664,HonestLion,0,2024-08-20T23:38:46Z,Day1
Right,DiligentEgret,0,112996973447557952,ExcellentMantis,0,2024-08-20T23:38:57Z,Day1
Right,LovingFireworm,0,112996718190599440,FlourishingMagpie,0,2024-08-20T23:39:01Z,Day1
Right,KnowledgeableJellyfish,0,112996977133179280,PatientOcelot,1,2024-08-20T23:39:31Z,Day1
Right,LovingFireworm,0,112996994197112224,KnowledgeableJellyfish,0,2024-08-20T23:42:28Z,Day1
Right,SplendidCockatoo,0,112997013926411232,TranquilFlamingo,0,2024-08-20T23:47:15Z,Day1
Right,SplendidCockatoo,0,112997017735642480,LavishPorpoise,0,2024-08-20T23:47:59Z,Day1
Right,SplendidCockatoo,0,112996969211777024,OutstandingSeahorse,0,2024-08-20T23:49:57Z,Day1
Right,ExcellentMantis,0,112997000701511920,DiligentEgret,0,2024-08-20T23:50:05Z,Day1
Right,AffectionateWhale,0,112996843719125824,SplendidCockatoo,0,2024-08-20T23:52:11Z,Day1
Right,SupportiveRhinoceros,0,112996866863702288,HeartfeltBandicoot,0,2024-08-20T23:56:11Z,Day1
Right,LavishPorpoise,0,112996622350359408,WelcomingFrog,0,2024-08-20T23:57:20Z,Day1
Right,MarvelousHare,0,112996387783388608,LovableDuck,0,2024-08-21T00:00:47Z,Day2
Right,ConfidentWildebeest,0,112997023873293088,SplendidCockatoo,0,2024-08-21T00:01:47Z,Day2
Right,AffectionateWhale,0,112996969211777024,OutstandingSeahorse,0,2024-08-21T00:03:40Z,Day2
Right,MarvelousHare,0,112996388578450544,JustJaguar,0,2024-08-21T00:04:50Z,Day2
Right,ConfidentWildebeest,0,112996962519835792,AffectionateWhale,0,2024-08-21T00:05:51Z,Day2
Right,MarvelousHare,0,112996397711725280,EagerLamb,0,2024-08-21T00:06:04Z,Day2
Right,LovingFireworm,0,112997050403299456,GloriousSeal,0,2024-08-21T00:07:22Z,Day2
Right,MarvelousHare,0,112996405148445904,DependableDingo,0,2024-08-21T00:10:11Z,Day2
Right,ImpressiveBison,0,112997063917050464,LavishPorpoise,0,2024-08-21T00:10:26Z,Day2
Right,ImpressiveBison,0,112997027774676256,LavishPorpoise,0,2024-08-21T00:10:31Z,Day2
Right,AffectionateWhale,0,112996922488276144,SplendidCockatoo,0,2024-08-21T00:11:28Z,Day2
Right,ImpressiveBison,0,112997057829885440,RemarkableGopher,1,2024-08-21T00:12:08Z,Day2
Right,ImpressiveBison,0,112997017735642480,LavishPorpoise,0,2024-08-21T00:12:50Z,Day2
Right,ImpressiveBison,0,112996994197112224,KnowledgeableJellyfish,0,2024-08-21T00:13:12Z,Day2
Right,MarvelousHare,0,112996931008607808,HeartfeltBandicoot,0,2024-08-21T00:14:57Z,Day2
Right,MarvelousHare,0,112996459502137600,AwesomeDhole,0,2024-08-21T00:16:21Z,Day2
Right,MarvelousHare,0,112996486703357808,JustJaguar,0,2024-08-21T00:16:30Z,Day2
Right,ImpressiveBison,0,112996826126519776,LightheartedEmu,0,2024-08-21T00:16:31Z,Day2
Right,ImpressiveBison,0,112996822397709568,InnovativeGrasshopper,0,2024-08-21T00:16:37Z,Day2
Right,GloriousSeal,0,112997143554594256,BlissfulGorilla,0,2024-08-21T00:19:59Z,Day2
Right,ImpressiveBison,0,112996835123717040,LaudableStingray,0,2024-08-21T00:22:48Z,Day2
Right,LavishPorpoise,0,112997118659618096,HelpfulBee,0,2024-08-21T00:23:32Z,Day2
Right,DiligentEgret,0,112997103034654784,ConfidentWildebeest,0,2024-08-21T00:29:26Z,Day2
Right,LavishPorpoise,0,112997095817940704,VibrantGrizzly,0,2024-08-21T00:30:15Z,Day2
Right,OutstandingSeahorse,0,112997084851014864,AffectionateWhale,0,2024-08-21T00:30:48Z,Day2
Right,AffectionateWhale,0,112997084817008800,ConfidentWildebeest,0,2024-08-21T00:31:38Z,Day2
Right,BlissfulGorilla,0,112996788892031504,LovingFireworm,0,2024-08-21T00:35:00Z,Day2
Right,WelcomingFrog,0,112997054763993744,LavishPorpoise,0,2024-08-21T00:41:40Z,Day2
Right,WelcomingFrog,0,112996876240799840,LightheartedEmu,0,2024-08-21T00:42:12Z,Day2
Right,BlissfulGorilla,0,112997233900665408,NobleLobster,0,2024-08-21T00:43:09Z,Day2
Right,WelcomingFrog,0,112997202289944560,OutstandingSeahorse,0,2024-08-21T00:43:22Z,Day2
Right,NobleLobster,0,112996977133179280,PatientOcelot,1,2024-08-21T00:45:02Z,Day2
Right,LovingFireworm,0,112997177580418672,BlissfulGorilla,0,2024-08-21T00:48:09Z,Day2
Right,LovingFireworm,0,112997190295788992,BlissfulGorilla,0,2024-08-21T00:48:46Z,Day2
Right,WelcomingFrog,0,112997167388572512,BlissfulGorilla,0,2024-08-21T00:50:01Z,Day2
Right,WelcomingFrog,0,112997243015665104,BlissfulGorilla,0,2024-08-21T00:54:24Z,Day2
Right,NobleLobster,0,112997202289944560,OutstandingSeahorse,0,2024-08-21T01:03:56Z,Day2
Right,TenderMoose,0,112997294197927712,TenderMoose,0,2024-08-21T01:04:40Z,Day2
Right,NobleLobster,0,112997177580418672,BlissfulGorilla,0,2024-08-21T01:05:50Z,Day2
Right,ImpressiveBison,0,112997243015665104,BlissfulGorilla,0,2024-08-21T01:08:01Z,Day2
Right,ImpressiveBison,0,112997233900665408,NobleLobster,0,2024-08-21T01:08:05Z,Day2
Right,RadiantFalcon,0,112996795610237952,EloquentBumblebee,0,2024-08-21T01:14:36Z,Day2
Right,LavishPorpoise,0,112997243049048672,ResourcefulAntelope,0,2024-08-21T01:35:25Z,Day2
Right,LavishPorpoise,0,112997502176293328,BrilliantOwl,0,2024-08-21T01:58:11Z,Day2
Right,LavishPorpoise,0,112997466536323120,BrilliantOwl,0,2024-08-21T01:59:02Z,Day2
Right,LavishPorpoise,0,112997456017192224,BrilliantOwl,0,2024-08-21T02:02:27Z,Day2
Right,SplendidCockatoo,0,112997546394111104,InspiringCrab,0,2024-08-21T02:12:19Z,Day2
Right,SplendidCockatoo,0,112997321062283296,HonestLion,0,2024-08-21T02:12:33Z,Day2
Right,SplendidCockatoo,0,112997332952632944,ImpressiveBison,0,2024-08-21T02:12:42Z,Day2
Right,SplendidCockatoo,0,112997508829705008,AffectionateWhale,0,2024-08-21T02:13:06Z,Day2
Right,SplendidCockatoo,0,112997505698106992,AffectionateWhale,0,2024-08-21T02:13:39Z,Day2
Right,SplendidCockatoo,0,112997342813628560,AffectionateWhale,0,2024-08-21T02:14:04Z,Day2
Right,SplendidCockatoo,0,112996962519835792,AffectionateWhale,0,2024-08-21T02:14:37Z,Day2
Right,InspiringCrab,0,112997118651994816,ArtisticButterfly,1,2024-08-21T02:15:06Z,Day2
Right,SplendidCockatoo,0,112997229271457824,CooperativeTurtle,0,2024-08-21T02:15:41Z,Day2
Right,InspiringCrab,0,112996862408257408,BubblyDog,0,2024-08-21T02:17:50Z,Day2
Right,MagnificentBuffalo,0,112997167388572512,BlissfulGorilla,0,2024-08-21T02:19:21Z,Day2
Right,MagnificentBuffalo,0,112997084817008800,ConfidentWildebeest,0,2024-08-21T02:19:27Z,Day2
Right,MagnificentBuffalo,0,112997555043807536,BrilliantOwl,0,2024-08-21T02:19:34Z,Day2
Right,SplendidCockatoo,0,112997071045878576,ConfidentWildebeest,0,2024-08-21T02:20:28Z,Day2
Right,MagnificentBuffalo,0,112996697923318432,EsteemedNumbat,0,2024-08-21T02:33:30Z,Day2
Right,MagnificentBuffalo,0,112996685905029856,SplendidCockatoo,0,2024-08-21T02:35:38Z,Day2
Right,MagnificentBuffalo,0,112996555597161936,JoyfulAardvark,0,2024-08-21T02:36:25Z,Day2
Right,TrustworthySquid,0,112996520071375456,EagerLamb,0,2024-08-21T03:19:23Z,Day2
Right,DevotedDolphin,0,112997707838212064,IdealDonkey,0,2024-08-21T03:50:42Z,Day2
Right,AffectionateWhale,0,112997590449973168,SplendidCockatoo,0,2024-08-21T04:02:38Z,Day2
Right,DevotedDolphin,0,112997994697408912,WarmShark,0,2024-08-21T04:06:26Z,Day2
Right,OptimisticTortoise,0,112998067177210432,WholesomeSparrow,0,2024-08-21T11:37:39Z,Day2
Right,HappyPigeon,0,112997915933851408,Admin,NA,2024-08-21T11:43:47Z,Day2
Right,KnowledgeableJellyfish,0,112999557088831200,OutstandingSeahorse,0,2024-08-21T11:51:32Z,Day2
Right,KnowledgeableJellyfish,0,112998775189098128,RelaxedDragonfly,1,2024-08-21T11:51:56Z,Day2
Right,KnowledgeableJellyfish,0,112997702102840080,IdealDonkey,0,2024-08-21T11:53:39Z,Day2
Right,KnowledgeableJellyfish,0,112997915933851408,Admin,NA,2024-08-21T11:53:55Z,Day2
Right,KnowledgeableJellyfish,0,112999794202870720,OptimisticTortoise,0,2024-08-21T11:57:23Z,Day2
Right,BubblyDog,0,112997653643441456,MagnificentBuffalo,0,2024-08-21T12:04:47Z,Day2
Right,OptimisticTortoise,0,112999885962417792,KnowledgeableJellyfish,0,2024-08-21T12:04:58Z,Day2
Right,VibrantGrizzly,0,112997155211744128,LavishPorpoise,0,2024-08-21T12:05:21Z,Day2
Right,VibrantGrizzly,0,112997133871848080,LavishPorpoise,0,2024-08-21T12:05:22Z,Day2
Right,OptimisticTortoise,0,112997723134656768,IdealDonkey,0,2024-08-21T12:10:42Z,Day2
Right,OptimisticTortoise,0,112999951178690880,HappyPigeon,0,2024-08-21T12:15:23Z,Day2
Right,BubblyDog,0,112999510328461904,HelpfulBee,0,2024-08-21T12:25:53Z,Day2
Right,ConfidentWildebeest,0,112997167388572512,BlissfulGorilla,0,2024-08-21T12:55:20Z,Day2
Right,ConfidentWildebeest,0,112997555043807536,BrilliantOwl,0,2024-08-21T12:55:47Z,Day2
Right,HonestLion,0,112998067177210432,WholesomeSparrow,0,2024-08-21T12:57:00Z,Day2
Right,ConfidentWildebeest,0,112997249169194096,WelcomingFrog,0,2024-08-21T13:00:38Z,Day2
Right,ConfidentWildebeest,0,113000094548208672,HonestLion,0,2024-08-21T13:05:30Z,Day2
Right,TenderMoose,0,112997309337213072,FlexiblePig,0,2024-08-21T13:07:08Z,Day2
Right,TenderMoose,0,112997321062283296,HonestLion,0,2024-08-21T13:07:32Z,Day2
Right,TenderMoose,0,112997332952632944,ImpressiveBison,0,2024-08-21T13:07:46Z,Day2
Right,TenderMoose,0,112996725574758688,ImpressiveBison,0,2024-08-21T13:08:15Z,Day2
Right,TenderMoose,0,112996782105195920,InnovativeGrasshopper,0,2024-08-21T13:10:23Z,Day2
Right,TenderMoose,0,112997130024238384,ResourcefulAntelope,0,2024-08-21T13:13:07Z,Day2
Right,VibrantGrizzly,0,112999885962417792,KnowledgeableJellyfish,0,2024-08-21T13:34:40Z,Day2
Right,VibrantGrizzly,0,112999968774371200,BubblyDog,0,2024-08-21T13:34:41Z,Day2
Right,VibrantGrizzly,0,112999870463487728,GenerousEchidna,0,2024-08-21T13:34:44Z,Day2
Right,VibrantGrizzly,0,113000069496457664,WelcomingFrog,0,2024-08-21T13:36:46Z,Day2
Right,VibrantGrizzly,0,113000272420758576,SympatheticWoodpecker,0,2024-08-21T13:38:28Z,Day2
Right,OutstandingSeahorse,0,112997546394111104,InspiringCrab,0,2024-08-21T13:44:18Z,Day2
Right,OutstandingSeahorse,0,112999918118023568,HappyPigeon,0,2024-08-21T13:45:33Z,Day2
Right,OutstandingSeahorse,0,112997233900665408,NobleLobster,0,2024-08-21T13:49:05Z,Day2
Right,OutstandingSeahorse,0,112997243015665104,BlissfulGorilla,0,2024-08-21T13:49:13Z,Day2
Right,OutstandingSeahorse,0,112997294197927712,TenderMoose,0,2024-08-21T13:49:46Z,Day2
Right,ConfidentWildebeest,0,112997618535530208,SplendidCockatoo,0,2024-08-21T13:51:50Z,Day2
Right,DevotedDolphin,0,112998094855997312,WholesomeSparrow,0,2024-08-21T13:56:50Z,Day2
Right,DevotedDolphin,0,113000009402288400,InsightfulEagle,1,2024-08-21T13:57:28Z,Day2
Right,DevotedDolphin,0,113000387577971360,EsteemedNumbat,0,2024-08-21T14:14:22Z,Day2
Right,DevotedDolphin,0,113000314492805360,ConfidentWildebeest,0,2024-08-21T14:36:48Z,Day2
Right,KnowledgeableJellyfish,0,113000387577971360,EsteemedNumbat,0,2024-08-21T14:48:01Z,Day2
Right,KnowledgeableJellyfish,0,113000069496457664,WelcomingFrog,0,2024-08-21T14:50:03Z,Day2
Right,OutstandingSeahorse,0,112996811003768672,PatientOcelot,1,2024-08-21T14:51:19Z,Day2
Right,OutstandingSeahorse,0,112996688380563056,RelaxedDragonfly,1,2024-08-21T14:51:20Z,Day2
Right,KnowledgeableJellyfish,0,113000514301637344,DazzlingManatee,0,2024-08-21T14:53:26Z,Day2
Right,OutstandingSeahorse,0,112996741548994688,RelaxedDragonfly,1,2024-08-21T15:00:09Z,Day2
Right,JudiciousFox,0,113000577350269696,KnowledgeableJellyfish,0,2024-08-21T15:12:22Z,Day2
Right,JudiciousFox,0,113000564656770192,KnowledgeableJellyfish,0,2024-08-21T15:16:19Z,Day2
Right,JubilantCat,0,113000577350269696,KnowledgeableJellyfish,0,2024-08-21T15:43:42Z,Day2
Right,AdaptablePorcupine,0,113000680647595744,HonestLion,0,2024-08-21T15:50:00Z,Day2
Right,JubilantCat,0,113000815977140688,InsightfulEagle,1,2024-08-21T16:01:34Z,Day2
Right,OutstandingSeahorse,0,112996443218058592,QualifiedSalamander,0,2024-08-21T16:07:34Z,Day2
Right,OutstandingSeahorse,0,112996400166489392,SympatheticWoodpecker,0,2024-08-21T16:12:45Z,Day2
Right,ConfidentWildebeest,0,113000889146107488,OutstandingSeahorse,0,2024-08-21T16:13:22Z,Day2
Right,JudiciousFox,0,113000872506525456,IdealDonkey,0,2024-08-21T16:13:54Z,Day2
Right,UnderstandingKingfisher,0,113000577350269696,KnowledgeableJellyfish,0,2024-08-21T16:14:53Z,Day2
Right,GracefulPheasant,0,113000387577971360,EsteemedNumbat,0,2024-08-21T16:16:17Z,Day2
Right,JudiciousFox,0,113000911616961776,IdealDonkey,0,2024-08-21T16:18:23Z,Day2
Right,GracefulPheasant,0,112999815467179744,HappyPigeon,0,2024-08-21T16:20:29Z,Day2
Right,DeterminedYabby,0,113000921290298352,GracefulPheasant,0,2024-08-21T16:21:39Z,Day2
Right,GracefulPheasant,0,113000912087034080,JudiciousFox,0,2024-08-21T16:22:54Z,Day2
Right,ConfidentWildebeest,0,113000905734195584,DeterminedYabby,0,2024-08-21T16:23:53Z,Day2
Right,JudiciousFox,0,113000930169356080,ConfidentWildebeest,0,2024-08-21T16:25:42Z,Day2
Right,AdaptablePorcupine,0,112998090009731776,WholesomeSparrow,0,2024-08-21T16:30:19Z,Day2
Right,AdaptablePorcupine,0,112997955923286656,WarmShark,0,2024-08-21T16:30:20Z,Day2
Right,OutstandingSeahorse,0,112996413785153040,DependableDingo,0,2024-08-21T16:36:15Z,Day2
Right,GracefulPheasant,0,113000985999483680,ConfidentWildebeest,0,2024-08-21T16:37:05Z,Day2
Right,OutstandingSeahorse,0,112997723134656768,IdealDonkey,0,2024-08-21T16:37:41Z,Day2
Right,GracefulPheasant,0,113000991013706080,SplendidCockatoo,0,2024-08-21T16:38:24Z,Day2
Right,SplendidCockatoo,0,113000935571014208,DeterminedYabby,0,2024-08-21T16:39:27Z,Day2
Right,AffectionateWhale,0,113000910481750832,DeterminedYabby,0,2024-08-21T16:40:21Z,Day2
Right,DeterminedYabby,0,113000979155942336,GracefulPheasant,0,2024-08-21T16:40:22Z,Day2
Right,SplendidCockatoo,0,113000921290298352,GracefulPheasant,0,2024-08-21T16:41:40Z,Day2
Right,AffectionateWhale,0,112997555043807536,BrilliantOwl,0,2024-08-21T16:42:35Z,Day2
Right,SplendidCockatoo,0,113000680647595744,HonestLion,0,2024-08-21T16:43:44Z,Day2
Right,SplendidCockatoo,0,113000825345507520,AdaptablePorcupine,0,2024-08-21T16:44:17Z,Day2
Right,DeterminedYabby,0,113000971791943424,AwesomeDhole,0,2024-08-21T16:45:59Z,Day2
Right,SplendidCockatoo,0,113000977629822368,ConfidentWildebeest,0,2024-08-21T16:46:16Z,Day2
Right,GracefulPheasant,0,113001023837426720,SincereLadybug,0,2024-08-21T16:46:37Z,Day2
Right,GracefulPheasant,0,113001027997892656,SincereLadybug,0,2024-08-21T16:47:43Z,Day2
Right,SplendidCockatoo,0,113001029991959424,AffectionateWhale,0,2024-08-21T16:49:19Z,Day2
Right,SplendidCockatoo,0,113001044175160128,AffectionateWhale,0,2024-08-21T16:53:57Z,Day2
Right,SplendidCockatoo,0,113001054758515312,KindheartedPuma,0,2024-08-21T16:54:44Z,Day2
Right,AffectionateWhale,0,113000825345507520,AdaptablePorcupine,0,2024-08-21T16:55:52Z,Day2
Right,AffectionateWhale,0,112997167388572512,BlissfulGorilla,0,2024-08-21T16:56:30Z,Day2
Right,DeterminedYabby,0,113001099714896368,QuaintPanther,0,2024-08-21T17:06:01Z,Day2
Right,DiligentEgret,0,113000152389330752,SincereLadybug,0,2024-08-21T17:08:45Z,Day2
Right,SplendidCockatoo,0,113001085386989568,QuaintPanther,0,2024-08-21T17:19:45Z,Day2
Right,SplendidCockatoo,0,113001096377389424,DeterminedYabby,0,2024-08-21T17:20:04Z,Day2
Right,ConfidentWildebeest,0,113001096377389424,DeterminedYabby,0,2024-08-21T17:20:05Z,Day2
Right,TenderMoose,0,113000387577971360,EsteemedNumbat,0,2024-08-21T17:20:14Z,Day2
Right,TenderMoose,0,112996697923318432,EsteemedNumbat,0,2024-08-21T17:20:49Z,Day2
Right,BubblyDog,0,113000887601091360,AdaptablePorcupine,0,2024-08-21T17:22:28Z,Day2
Right,BubblyDog,0,112996891674061312,HeartfeltBandicoot,0,2024-08-21T17:23:48Z,Day2
Right,JubilantCat,0,113001112571154192,CourteousWombat,0,2024-08-21T17:24:18Z,Day2
Right,TenderMoose,0,113000342595016688,OutstandingSeahorse,0,2024-08-21T17:24:19Z,Day2
Right,BubblyDog,0,113000879152862096,IdealDonkey,0,2024-08-21T17:24:26Z,Day2
Right,ConfidentWildebeest,0,113000825345507520,AdaptablePorcupine,0,2024-08-21T17:24:37Z,Day2
Right,DiligentEgret,0,113001032771479840,UnderstandingKingfisher,0,2024-08-21T17:24:43Z,Day2
Right,BubblyDog,0,113001081974066832,CourteousWombat,0,2024-08-21T17:24:53Z,Day2
Right,WelcomingFrog,0,113000985199557984,AdaptablePorcupine,0,2024-08-21T17:26:24Z,Day2
Right,BubblyDog,0,113000815977140688,InsightfulEagle,1,2024-08-21T17:27:45Z,Day2
Right,WelcomingFrog,0,113000888646320432,ConfidentWildebeest,0,2024-08-21T17:27:52Z,Day2
Right,KnowledgeableJellyfish,0,113000857011013296,OutstandingSeahorse,0,2024-08-21T17:31:32Z,Day2
Right,KnowledgeableJellyfish,0,113000951899848752,AdaptablePorcupine,0,2024-08-21T17:32:29Z,Day2
Right,KnowledgeableJellyfish,0,113000924630357888,IdealDonkey,0,2024-08-21T17:32:54Z,Day2
Right,WelcomingFrog,0,113000678311865952,JudiciousFox,0,2024-08-21T17:35:02Z,Day2
Right,KnowledgeableJellyfish,0,113001178654540096,DiligentEgret,0,2024-08-21T17:36:22Z,Day2
Right,KnowledgeableJellyfish,0,113001212329787792,EnrichingLorikeet,0,2024-08-21T17:36:38Z,Day2
Right,DiligentEgret,0,113001212329787792,EnrichingLorikeet,0,2024-08-21T17:36:55Z,Day2
Right,KnowledgeableJellyfish,0,113001112571154192,CourteousWombat,0,2024-08-21T17:38:11Z,Day2
Right,KnowledgeableJellyfish,0,113001081974066832,CourteousWombat,0,2024-08-21T17:38:25Z,Day2
Right,KnowledgeableJellyfish,0,113001151644416496,DiligentEgret,0,2024-08-21T17:39:09Z,Day2
Right,KnowledgeableJellyfish,0,113001014084892272,ConfidentWildebeest,0,2024-08-21T17:41:44Z,Day2
Right,DiligentEgret,0,113001225388682832,KnowledgeableJellyfish,0,2024-08-21T17:42:20Z,Day2
Right,WelcomingFrog,0,113001154114543648,SplendidCockatoo,0,2024-08-21T17:42:41Z,Day2
Right,KnowledgeableJellyfish,0,113000859204875856,IdealDonkey,0,2024-08-21T17:42:48Z,Day2
Right,VirtuousArmadillo,0,113001096377389424,DeterminedYabby,0,2024-08-21T17:46:00Z,Day2
Right,DiligentEgret,0,113000326673435872,BubblyDog,0,2024-08-21T17:46:01Z,Day2
Right,KnowledgeableJellyfish,0,113000872506525456,IdealDonkey,0,2024-08-21T17:47:26Z,Day2
Right,DiligentEgret,0,113001183479476128,ObservantBadger,0,2024-08-21T17:51:27Z,Day2
Right,OptimisticTortoise,0,113000113153303232,HonestLion,0,2024-08-21T17:52:12Z,Day2
Right,OptimisticTortoise,0,113000383159883872,ConfidentWildebeest,0,2024-08-21T17:52:30Z,Day2
Right,OptimisticTortoise,0,113000957664006080,AdaptablePorcupine,0,2024-08-21T17:52:34Z,Day2
Right,OptimisticTortoise,0,113001160237578320,ObservantBadger,0,2024-08-21T17:52:39Z,Day2
Right,DiligentEgret,0,112997966115399792,WarmShark,0,2024-08-21T17:53:48Z,Day2
Right,DiligentEgret,0,113001277056386272,CharitableGoat,0,2024-08-21T17:55:32Z,Day2
Right,DiligentEgret,0,113001081974066832,CourteousWombat,0,2024-08-21T17:56:41Z,Day2
Right,CourageousBilby,0,113001178654540096,DiligentEgret,0,2024-08-21T17:57:34Z,Day2
Right,OutstandingSeahorse,0,113001183479476128,ObservantBadger,0,2024-08-21T17:59:32Z,Day2
Right,BubblyDog,0,113000872119325024,AdaptablePorcupine,0,2024-08-21T18:06:45Z,Day2
Right,CharitableGoat,0,112997610775613136,MagnificentBuffalo,0,2024-08-21T18:08:21Z,Day2
Right,SplendidCockatoo,0,113001256781364320,WelcomingFrog,0,2024-08-21T18:10:40Z,Day2
Right,SplendidCockatoo,0,113001349700634176,CourageousBilby,0,2024-08-21T18:10:58Z,Day2
Right,SplendidCockatoo,0,113001178654540096,DiligentEgret,0,2024-08-21T18:11:10Z,Day2
Right,CharitableGoat,0,112996601871258944,SplendidCockatoo,0,2024-08-21T18:15:30Z,Day2
Right,CourageousBilby,0,113001359854894624,ResilientOtter,0,2024-08-21T18:17:38Z,Day2
Right,EagerLamb,0,113001387344169072,CharitableGoat,0,2024-08-21T18:19:35Z,Day2
Right,GracefulPheasant,0,113001413759061728,EagerLamb,0,2024-08-21T18:26:41Z,Day2
Right,TenderMoose,0,112997994697408912,WarmShark,0,2024-08-21T18:27:02Z,Day2
Right,TenderMoose,0,112996922979051488,PlayfulGecko,0,2024-08-21T18:27:12Z,Day2
Right,TenderMoose,0,112997149390912528,ResourcefulAntelope,0,2024-08-21T18:29:09Z,Day2
Right,TenderMoose,0,112996879268765712,EsteemedNumbat,0,2024-08-21T18:31:33Z,Day2
Right,TenderMoose,0,112996891901132112,InnovativeGrasshopper,0,2024-08-21T18:31:36Z,Day2
Right,TenderMoose,0,112996869233123472,InnovativeGrasshopper,0,2024-08-21T18:31:46Z,Day2
Right,TenderMoose,0,112996854091587664,HonestLion,0,2024-08-21T18:31:53Z,Day2
Right,TenderMoose,0,112996822397709568,InnovativeGrasshopper,0,2024-08-21T18:33:41Z,Day2
Right,TenderMoose,0,112996789972453712,InnovativeGrasshopper,0,2024-08-21T18:33:46Z,Day2
Right,TenderMoose,0,112996752798699536,InnovativeGrasshopper,0,2024-08-21T18:33:54Z,Day2
Right,TenderMoose,0,112996720355495232,ImpressiveBison,0,2024-08-21T18:34:03Z,Day2
Right,TenderMoose,0,112996555597161936,JoyfulAardvark,0,2024-08-21T18:34:14Z,Day2
Right,TenderMoose,0,112996593965149840,RadiantFalcon,0,2024-08-21T18:34:51Z,Day2
Right,TenderMoose,0,112996527426910912,RadiantFalcon,0,2024-08-21T18:36:48Z,Day2
Right,TenderMoose,0,112993369231916832,NA,0,2024-08-21T18:37:02Z,Day2
Right,TenderMoose,0,112993369231916832,NA,0,2024-08-21T18:37:02Z,Day2
Right,TenderMoose,0,112993369231916832,NA,0,2024-08-21T18:37:02Z,Day2
Right,TenderMoose,0,112993369231916832,NA,0,2024-08-21T18:37:02Z,Day2
Right,TenderMoose,0,112993369231916832,NA,0,2024-08-21T18:37:02Z,Day2
Right,DevotedDolphin,0,113001456962457968,NotableHummingbird,0,2024-08-21T18:37:08Z,Day2
Right,WholesomeSparrow,0,113001446994045744,EagerLamb,0,2024-08-21T18:39:16Z,Day2
Right,KnowledgeableJellyfish,0,113001349700634176,CourageousBilby,0,2024-08-21T18:48:24Z,Day2
Right,KnowledgeableJellyfish,0,113001490159129744,NotableHummingbird,0,2024-08-21T18:49:09Z,Day2
Right,LovingFireworm,0,112999957194883488,OptimisticTortoise,0,2024-08-21T18:58:09Z,Day2
Right,SplendidCockatoo,0,113001519648651536,ThrivingImpala,0,2024-08-21T19:22:50Z,Day2
Right,SplendidCockatoo,0,113001452771633472,DevotedDolphin,0,2024-08-21T19:24:00Z,Day2
Right,SplendidCockatoo,0,113001456962457968,NotableHummingbird,0,2024-08-21T19:24:06Z,Day2
Right,SplendidCockatoo,0,113001581568044880,WholesomeSparrow,0,2024-08-21T19:24:10Z,Day2
Right,LovingFireworm,0,113001096377389424,DeterminedYabby,0,2024-08-21T19:24:19Z,Day2
Right,SplendidCockatoo,0,113001387344169072,CharitableGoat,0,2024-08-21T19:24:39Z,Day2
Right,SplendidCockatoo,0,113001359854894624,ResilientOtter,0,2024-08-21T19:24:52Z,Day2
Right,LovingFireworm,0,113001672925019792,EsteemedNumbat,0,2024-08-21T19:31:46Z,Day2
Right,AmiableLeopard,0,113001096377389424,DeterminedYabby,0,2024-08-21T19:34:24Z,Day2
Right,AmiableLeopard,0,113001054758515312,KindheartedPuma,0,2024-08-21T19:35:02Z,Day2
Right,DeterminedYabby,0,113001522757364096,HappyPigeon,0,2024-08-21T19:35:47Z,Day2
Right,LovingFireworm,0,113001691576134240,WarmShark,0,2024-08-21T19:38:06Z,Day2
Right,OptimisticTortoise,0,113001387344169072,CharitableGoat,0,2024-08-21T19:41:19Z,Day2
Right,LovingFireworm,0,113001701878380272,EsteemedNumbat,0,2024-08-21T19:41:44Z,Day2
Right,PassionateAlligator,0,113001446994045744,EagerLamb,0,2024-08-21T19:55:39Z,Day2
Right,PassionateAlligator,0,113001387344169072,CharitableGoat,0,2024-08-21T19:56:52Z,Day2
Right,PassionateAlligator,0,113001768582083792,ThrivingImpala,0,2024-08-21T20:00:12Z,Day2
Right,JubilantCat,0,113001788284006048,RelaxedDragonfly,1,2024-08-21T20:01:20Z,Day2
Right,DeterminedYabby,0,113001800882960656,QualifiedSalamander,0,2024-08-21T20:08:08Z,Day2
Right,DiligentEgret,0,113001364309237136,CourageousBilby,0,2024-08-21T20:08:37Z,Day2
Right,EloquentBumblebee,0,112996857532921584,LightheartedEmu,0,2024-08-21T20:17:07Z,Day2
Right,EloquentBumblebee,0,112996795610237952,EloquentBumblebee,0,2024-08-21T20:17:20Z,Day2
Right,EloquentBumblebee,0,112996801712645600,LaudableStingray,0,2024-08-21T20:19:49Z,Day2
Right,EloquentBumblebee,0,112996802838026032,JustJaguar,0,2024-08-21T20:19:50Z,Day2
Right,DiligentEgret,0,113001799989485648,JubilantCat,0,2024-08-21T20:21:48Z,Day2
Right,DiligentEgret,0,113001672925019792,EsteemedNumbat,0,2024-08-21T20:21:51Z,Day2
Right,CarefreeDragon,0,112993369231916832,NA,0,2024-08-21T20:27:05Z,Day2
Right,CarefreeDragon,0,112993369231916832,NA,0,2024-08-21T20:27:05Z,Day2
Right,CarefreeDragon,0,112993369231916832,NA,0,2024-08-21T20:27:05Z,Day2
Right,CarefreeDragon,0,112993369231916832,NA,0,2024-08-21T20:27:05Z,Day2
Right,CarefreeDragon,0,112993369231916832,NA,0,2024-08-21T20:27:05Z,Day2
Right,DeterminedYabby,0,113001895326968224,ImpressiveBison,0,2024-08-21T20:29:29Z,Day2
Right,DiligentEgret,0,113001889618869312,RemarkableGopher,1,2024-08-21T20:31:01Z,Day2
Right,WelcomingFrog,0,113001899769901808,DeterminedYabby,0,2024-08-21T20:33:41Z,Day2
Right,EloquentBumblebee,0,113001889356986272,CarefreeDragon,0,2024-08-21T20:35:19Z,Day2
Right,DiligentEgret,0,113001922507766832,FriendlyBaboon,1,2024-08-21T20:36:13Z,Day2
Right,EloquentBumblebee,0,113001929937330080,ImaginativeHedgehog,0,2024-08-21T20:37:37Z,Day2
Right,WelcomingFrog,0,113001346138716544,WholesomeSparrow,0,2024-08-21T20:37:39Z,Day2
Right,FlourishingMagpie,0,113001914984499344,VibrantGrizzly,0,2024-08-21T20:37:53Z,Day2
Right,FlourishingMagpie,0,113001925989619376,JustJaguar,0,2024-08-21T20:38:07Z,Day2
Right,ImpressiveBison,0,113001903285282672,DeterminedYabby,0,2024-08-21T20:42:09Z,Day2
Right,ImpressiveBison,0,113001936350467296,FriendlyBaboon,1,2024-08-21T20:42:50Z,Day2
Right,ConfidentWildebeest,0,113001899769901808,DeterminedYabby,0,2024-08-21T20:44:52Z,Day2
Right,ConfidentWildebeest,0,113001914984499344,VibrantGrizzly,0,2024-08-21T20:45:17Z,Day2
Right,LaudableStingray,0,113001963533959920,WelcomingFrog,0,2024-08-21T20:45:44Z,Day2
Right,ConfidentWildebeest,0,113001925989619376,JustJaguar,0,2024-08-21T20:45:50Z,Day2
Right,EloquentBumblebee,0,113001387344169072,CharitableGoat,0,2024-08-21T20:48:03Z,Day2
Right,CarefreeDragon,0,113001931465817776,EloquentBumblebee,0,2024-08-21T20:49:10Z,Day2
Right,WelcomingFrog,0,113001536184162240,ConfidentWildebeest,0,2024-08-21T20:50:22Z,Day2
Right,CarefreeDragon,0,113001963533959920,WelcomingFrog,0,2024-08-21T20:50:33Z,Day2
Right,EloquentBumblebee,0,113001978165495520,CarefreeDragon,0,2024-08-21T20:50:45Z,Day2
Right,ImaginativeHedgehog,0,113001795837930096,RelaxedDragonfly,1,2024-08-21T20:51:30Z,Day2
Right,HonestLion,0,113001931465817776,EloquentBumblebee,0,2024-08-21T20:52:47Z,Day2
Right,JustJaguar,0,113000935359510432,AdaptablePorcupine,0,2024-08-21T20:55:14Z,Day2
Right,OutstandingSeahorse,0,113001963533959920,WelcomingFrog,0,2024-08-21T20:55:30Z,Day2
Right,ImpressiveBison,0,113001959700565008,FortunateWolverine,0,2024-08-21T20:56:51Z,Day2
Right,DeterminedYabby,0,113001994033733792,FlourishingMagpie,0,2024-08-21T20:56:55Z,Day2
Right,CarefreeDragon,0,113001889618869312,RemarkableGopher,1,2024-08-21T20:57:58Z,Day2
Right,LaudableStingray,0,113001985436405232,CompassionateHippopotamus,0,2024-08-21T20:59:19Z,Day2
Right,FlourishingMagpie,0,113001867424790608,ImpressiveBison,0,2024-08-21T20:59:42Z,Day2
Right,CarefreeDragon,0,112996795610237952,EloquentBumblebee,0,2024-08-21T21:00:47Z,Day2
Right,DeterminedYabby,0,113002023043096976,EloquentBumblebee,0,2024-08-21T21:01:19Z,Day2
Right,EloquentBumblebee,0,113002046663633520,DeterminedYabby,0,2024-08-21T21:06:49Z,Day2
Right,EloquentBumblebee,0,113002023043096976,EloquentBumblebee,0,2024-08-21T21:08:00Z,Day2
Right,EloquentBumblebee,0,113002058656575952,ArtisticButterfly,1,2024-08-21T21:15:12Z,Day2
Right,GentleTrout,0,113001925989619376,JustJaguar,0,2024-08-21T21:30:03Z,Day2
Right,GentleTrout,0,113001800882960656,QualifiedSalamander,0,2024-08-21T21:30:44Z,Day2
Right,GentleTrout,0,112997025792565264,EsteemedNumbat,0,2024-08-21T21:32:01Z,Day2
Right,GentleTrout,0,112997133812325376,BraveGazelle,0,2024-08-21T21:32:02Z,Day2
Right,JudiciousFox,0,113001216029674560,KnowledgeableJellyfish,0,2024-08-21T21:36:20Z,Day2
Right,GentleTrout,0,113000910481750832,DeterminedYabby,0,2024-08-21T21:36:28Z,Day2
Right,JudiciousFox,0,113001029507590752,SincereLadybug,0,2024-08-21T21:37:07Z,Day2
Right,JudiciousFox,0,113001003847097264,EsteemedNumbat,0,2024-08-21T21:37:38Z,Day2
Right,JudiciousFox,0,113000912087034080,JudiciousFox,0,2024-08-21T21:37:57Z,Day2
Right,GentleTrout,0,113001985436405232,CompassionateHippopotamus,0,2024-08-21T21:38:14Z,Day2
Right,EloquentBumblebee,0,113002168667225856,GentleTrout,0,2024-08-21T21:39:20Z,Day2
Right,CreativePossum,0,113002122471722384,CooperativeTurtle,0,2024-08-21T21:43:52Z,Day2
Right,SupportiveRhinoceros,0,113001929937330080,ImaginativeHedgehog,0,2024-08-21T21:44:02Z,Day2
Right,GentleTrout,0,113001785041554528,PassionateAlligator,0,2024-08-21T21:45:17Z,Day2
Right,CreativePossum,0,113001963533959920,WelcomingFrog,0,2024-08-21T21:45:18Z,Day2
Right,SupportiveRhinoceros,0,113000979155942336,GracefulPheasant,0,2024-08-21T21:45:46Z,Day2
Right,SupportiveRhinoceros,0,113000910481750832,DeterminedYabby,0,2024-08-21T21:45:50Z,Day2
Right,SupportiveRhinoceros,0,113002191888291552,CreativePossum,0,2024-08-21T21:46:16Z,Day2
Right,SupportiveRhinoceros,0,113002201250667536,DevotedDolphin,0,2024-08-21T21:47:26Z,Day2
Right,CreativePossum,0,113001746571682496,PassionateAlligator,0,2024-08-21T21:49:10Z,Day2
Right,SupportiveRhinoceros,0,113001672925019792,EsteemedNumbat,0,2024-08-21T21:49:12Z,Day2
Right,GentleTrout,0,113002201250667536,DevotedDolphin,0,2024-08-21T21:50:34Z,Day2
Right,CreativePossum,0,113001672925019792,EsteemedNumbat,0,2024-08-21T21:50:39Z,Day2
Right,JudiciousFox,0,113002213677999264,CooperativeTurtle,0,2024-08-21T21:50:56Z,Day2
Right,GentleTrout,0,113002030063701952,LaudableStingray,0,2024-08-21T21:51:09Z,Day2
Right,SupportiveRhinoceros,0,113002058656575952,ArtisticButterfly,1,2024-08-21T21:51:24Z,Day2
Right,CreativePossum,0,113001112571154192,CourteousWombat,0,2024-08-21T21:52:22Z,Day2
Right,CreativePossum,0,113001081974066832,CourteousWombat,0,2024-08-21T21:52:49Z,Day2
Right,JudiciousFox,0,113002064527110544,ArtisticButterfly,1,2024-08-21T21:52:50Z,Day2
Right,SupportiveRhinoceros,0,113002122307822800,CalmLynx,0,2024-08-21T21:53:03Z,Day2
Right,GentleTrout,0,113001994033733792,FlourishingMagpie,0,2024-08-21T21:53:05Z,Day2
Right,GentleTrout,0,113001910721570480,DeterminedYabby,0,2024-08-21T21:53:19Z,Day2
Right,GentleTrout,0,113001359854894624,ResilientOtter,0,2024-08-21T21:54:16Z,Day2
Right,CreativePossum,0,113000971791943424,AwesomeDhole,0,2024-08-21T21:54:21Z,Day2
Right,GentleTrout,0,113001569744686272,HappyPigeon,0,2024-08-21T21:55:05Z,Day2
Right,JudiciousFox,0,113002058656575952,ArtisticButterfly,1,2024-08-21T21:55:07Z,Day2
Right,EloquentBumblebee,0,113002190714600672,InsightfulEagle,1,2024-08-21T21:55:33Z,Day2
Right,CreativePossum,0,113000935571014208,DeterminedYabby,0,2024-08-21T21:56:05Z,Day2
Right,DeterminedYabby,0,113002161170174880,SupportiveRhinoceros,0,2024-08-21T21:57:45Z,Day2
Right,DeterminedYabby,0,113002201250667536,DevotedDolphin,0,2024-08-21T21:58:04Z,Day2
Right,GentleTrout,0,113001096377389424,DeterminedYabby,0,2024-08-21T21:58:09Z,Day2
Right,GentleTrout,0,113001032042017312,SplendidCockatoo,0,2024-08-21T21:58:26Z,Day2
Right,GentleTrout,0,113000825345507520,AdaptablePorcupine,0,2024-08-21T21:58:55Z,Day2
Right,CreativePossum,0,113000003946191328,InsightfulEagle,1,2024-08-21T22:00:02Z,Day2
Right,GentleTrout,0,112997546394111104,InspiringCrab,0,2024-08-21T22:00:39Z,Day2
Right,DeterminedYabby,0,113001925989619376,JustJaguar,0,2024-08-21T22:01:46Z,Day2
Right,GentleTrout,0,112997555043807536,BrilliantOwl,0,2024-08-21T22:01:52Z,Day2
Right,CreativePossum,0,112999870463487728,GenerousEchidna,0,2024-08-21T22:02:17Z,Day2
Right,GentleTrout,0,112997084817008800,ConfidentWildebeest,0,2024-08-21T22:02:35Z,Day2
Right,GentleTrout,0,112997023873293088,SplendidCockatoo,0,2024-08-21T22:02:40Z,Day2
Right,CreativePossum,0,112997994697408912,WarmShark,0,2024-08-21T22:05:28Z,Day2
Right,CreativePossum,0,112997915933851408,Admin,NA,2024-08-21T22:06:18Z,Day2
Right,CreativePossum,0,112997233900665408,NobleLobster,0,2024-08-21T22:09:20Z,Day2
Right,CreativePossum,0,112997102445749808,HelpfulBee,0,2024-08-21T22:10:37Z,Day2
Right,ConfidentWildebeest,0,113002274013569824,HonestLion,0,2024-08-21T22:10:50Z,Day2
Right,CreativePossum,0,112997087078114512,BraveGazelle,0,2024-08-21T22:10:59Z,Day2
Right,KnowledgeableJellyfish,0,113001833509082144,PatientOcelot,1,2024-08-21T22:11:08Z,Day2
Right,KnowledgeableJellyfish,0,113001788284006048,RelaxedDragonfly,1,2024-08-21T22:11:25Z,Day2
Right,KnowledgeableJellyfish,0,113001785453360912,RelaxedDragonfly,1,2024-08-21T22:11:32Z,Day2
Right,CreativePossum,0,112997019740038448,GloriousSeal,0,2024-08-21T22:11:39Z,Day2
Right,CreativePossum,0,112997017735642480,LavishPorpoise,0,2024-08-21T22:12:40Z,Day2
Right,KnowledgeableJellyfish,0,113002213677999264,CooperativeTurtle,0,2024-08-21T22:12:41Z,Day2
Right,KnowledgeableJellyfish,0,113002062225933312,JollyOctopus,0,2024-08-21T22:13:46Z,Day2
Right,CreativePossum,0,112997009859655088,InsightfulEagle,1,2024-08-21T22:14:43Z,Day2
Right,CreativePossum,0,113002213677999264,CooperativeTurtle,0,2024-08-21T22:17:49Z,Day2
Right,KnowledgeableJellyfish,0,113001672925019792,EsteemedNumbat,0,2024-08-21T22:18:08Z,Day2
Right,CreativePossum,0,113002190714600672,InsightfulEagle,1,2024-08-21T22:18:21Z,Day2
Right,GraciousHyena,0,113002336827602912,ConfidentWildebeest,0,2024-08-21T22:24:36Z,Day2
Right,GraciousHyena,0,113002349830747888,ConfidentWildebeest,0,2024-08-21T22:24:37Z,Day2
Right,DeterminedYabby,0,113002340958172544,EloquentBumblebee,0,2024-08-21T22:25:38Z,Day2
Right,GraciousHyena,0,112997177580418672,BlissfulGorilla,0,2024-08-21T22:26:48Z,Day2
Right,GraciousHyena,0,112999957194883488,OptimisticTortoise,0,2024-08-21T22:26:55Z,Day2
Right,GraciousHyena,0,112997098824066816,AffectionateWhale,0,2024-08-21T22:27:05Z,Day2
Right,GraciousHyena,0,112997050403299456,GloriousSeal,0,2024-08-21T22:27:17Z,Day2
Right,BrightNewt,0,113002275558535392,InsightfulEagle,1,2024-08-21T22:28:44Z,Day2
Right,GloriousSeal,0,113002365184608688,InsightfulEagle,1,2024-08-21T22:28:49Z,Day2
Right,CreativePossum,0,113002365184608688,InsightfulEagle,1,2024-08-21T22:29:27Z,Day2
Right,EloquentBumblebee,0,113002372247378256,GloriousSeal,0,2024-08-21T22:29:56Z,Day2
Right,CreativePossum,0,113002340958172544,EloquentBumblebee,0,2024-08-21T22:30:51Z,Day2
Right,EloquentBumblebee,0,113002379616248688,JollyOctopus,0,2024-08-21T22:31:45Z,Day2
Right,EloquentBumblebee,0,113002382232460880,CreativePossum,0,2024-08-21T22:32:25Z,Day2
Right,ConfidentWildebeest,0,113002386443972032,SplendidCockatoo,0,2024-08-21T22:33:50Z,Day2
Right,RadiantFalcon,0,113001985436405232,CompassionateHippopotamus,0,2024-08-21T22:34:40Z,Day2
Right,RadiantFalcon,0,113001672925019792,EsteemedNumbat,0,2024-08-21T22:37:46Z,Day2
Right,BrightNewt,0,113002385786067696,JollyOctopus,0,2024-08-21T22:40:15Z,Day2
Right,MagnificentBuffalo,0,113002324534892672,SincereLadybug,0,2024-08-21T22:40:51Z,Day2
Right,MagnificentBuffalo,0,113002213677999264,CooperativeTurtle,0,2024-08-21T22:40:53Z,Day2
Right,JollyOctopus,0,113002410133964704,BrightNewt,0,2024-08-21T22:40:53Z,Day2
Right,EloquentBumblebee,0,113002416861674528,SplendidCockatoo,0,2024-08-21T22:42:20Z,Day2
Right,WelcomingFrog,0,113002422185887376,SplendidCockatoo,0,2024-08-21T22:42:45Z,Day2
Right,BrightNewt,0,113002421275794224,EloquentBumblebee,0,2024-08-21T22:47:51Z,Day2
Right,SplendidCockatoo,0,113002437696222736,LightheartedEmu,0,2024-08-21T22:48:21Z,Day2
Right,SplendidCockatoo,0,113002413648716368,WelcomingFrog,0,2024-08-21T22:48:27Z,Day2
Right,WelcomingFrog,0,113002437696222736,LightheartedEmu,0,2024-08-21T22:49:58Z,Day2
Right,EloquentBumblebee,0,113002439911097120,SplendidCockatoo,0,2024-08-21T22:52:00Z,Day2
Right,WelcomingFrog,0,113002402074857488,SplendidCockatoo,0,2024-08-21T22:54:28Z,Day2
Right,WelcomingFrog,0,113002386443972032,SplendidCockatoo,0,2024-08-21T22:55:49Z,Day2
Right,SplendidCockatoo,0,113002471949271328,EloquentBumblebee,0,2024-08-21T22:56:20Z,Day2
Right,BubblyDog,0,113002365184608688,InsightfulEagle,1,2024-08-21T23:00:02Z,Day2
Right,BubblyDog,0,113002275558535392,InsightfulEagle,1,2024-08-21T23:00:06Z,Day2
Right,EloquentBumblebee,0,113002437696222736,LightheartedEmu,0,2024-08-21T23:01:58Z,Day2
Right,WelcomingFrog,0,113002487640805200,MagnificentBuffalo,0,2024-08-21T23:02:10Z,Day2
Right,SplendidCockatoo,0,113002519280319808,EloquentBumblebee,0,2024-08-21T23:06:54Z,Day2
Right,EloquentBumblebee,0,113002485253789344,MajesticYak,0,2024-08-21T23:07:27Z,Day2
Right,SplendidCockatoo,0,113002523369530144,KeenCrow,0,2024-08-21T23:08:42Z,Day2
Right,SplendidCockatoo,0,113002527055897520,MajesticYak,0,2024-08-21T23:08:48Z,Day2
Right,MarvelousHare,0,113002453312729920,SplendidCockatoo,0,2024-08-21T23:11:41Z,Day2
Right,SplendidCockatoo,0,113002463951467712,LightheartedEmu,0,2024-08-21T23:11:47Z,Day2
Right,MarvelousHare,0,113002284911451520,HonestLion,0,2024-08-21T23:12:00Z,Day2
Right,SplendidCockatoo,0,113002380776278752,ConfidentWildebeest,0,2024-08-21T23:12:10Z,Day2
Right,SplendidCockatoo,0,113002291052455536,CreativePossum,0,2024-08-21T23:12:28Z,Day2
Right,SplendidCockatoo,0,113002262906976656,GentleTrout,0,2024-08-21T23:12:32Z,Day2
Right,SplendidCockatoo,0,113002218597125216,CreativePossum,0,2024-08-21T23:12:44Z,Day2
Right,SplendidCockatoo,0,113002191888291552,CreativePossum,0,2024-08-21T23:12:50Z,Day2
Right,SplendidCockatoo,0,113002161170174880,SupportiveRhinoceros,0,2024-08-21T23:12:54Z,Day2
Right,MarvelousHare,0,113002386487052128,BrightNewt,0,2024-08-21T23:13:01Z,Day2
Right,SplendidCockatoo,0,113002010941318320,FlourishingMagpie,0,2024-08-21T23:13:10Z,Day2
Right,SplendidCockatoo,0,113001985436405232,CompassionateHippopotamus,0,2024-08-21T23:13:17Z,Day2
Right,SplendidCockatoo,0,113001895326968224,ImpressiveBison,0,2024-08-21T23:13:35Z,Day2
Right,SplendidCockatoo,0,113001867424790608,ImpressiveBison,0,2024-08-21T23:13:47Z,Day2
Right,MarvelousHare,0,113002213677999264,CooperativeTurtle,0,2024-08-21T23:13:53Z,Day2
Right,SplendidCockatoo,0,113001731042394288,ImpressiveBison,0,2024-08-21T23:14:04Z,Day2
Right,PlayfulGecko,0,113002542039997888,PlayfulGecko,0,2024-08-21T23:14:45Z,Day2
Right,MarvelousHare,0,113002064527110544,ArtisticButterfly,1,2024-08-21T23:17:31Z,Day2
Right,MagnificentBuffalo,0,113002437171351776,DeterminedYabby,0,2024-08-21T23:18:27Z,Day2
Right,MagnificentBuffalo,0,113002481562003440,MajesticYak,0,2024-08-21T23:18:31Z,Day2
Right,MarvelousHare,0,113002026021442176,FortunateWolverine,0,2024-08-21T23:19:44Z,Day2
Right,DeterminedYabby,0,113002413648716368,WelcomingFrog,0,2024-08-21T23:21:36Z,Day2
Right,MarvelousHare,0,113001985436405232,CompassionateHippopotamus,0,2024-08-21T23:24:35Z,Day2
Right,MarvelousHare,0,113002025355435264,KindheartedPuma,0,2024-08-21T23:24:55Z,Day2
Right,MarvelousHare,0,113001986141555184,HonestLion,0,2024-08-21T23:26:09Z,Day2
Right,MarvelousHare,0,113001895326968224,ImpressiveBison,0,2024-08-21T23:26:39Z,Day2
Right,JollyOctopus,0,113002429443781264,SplendidCockatoo,0,2024-08-21T23:29:05Z,Day2
Right,SplendidCockatoo,0,113002616047761984,KnowledgeableJellyfish,0,2024-08-21T23:31:29Z,Day2
Right,KnowledgeableJellyfish,0,113002397347675904,BrightNewt,0,2024-08-21T23:31:47Z,Day2
Right,KnowledgeableJellyfish,0,113002395001704352,JollyOctopus,0,2024-08-21T23:31:51Z,Day2
Right,SplendidCockatoo,0,113002616399208704,SympatheticWoodpecker,0,2024-08-21T23:32:25Z,Day2
Right,KnowledgeableJellyfish,0,113002527055897520,MajesticYak,0,2024-08-21T23:32:53Z,Day2
Right,KnowledgeableJellyfish,0,113002523369530144,KeenCrow,0,2024-08-21T23:32:55Z,Day2
Right,KnowledgeableJellyfish,0,113002519280319808,EloquentBumblebee,0,2024-08-21T23:32:58Z,Day2
Right,KnowledgeableJellyfish,0,113002437696222736,LightheartedEmu,0,2024-08-21T23:33:01Z,Day2
Right,KnowledgeableJellyfish,0,113002365184608688,InsightfulEagle,1,2024-08-21T23:33:28Z,Day2
Right,KnowledgeableJellyfish,0,113002340958172544,EloquentBumblebee,0,2024-08-21T23:33:34Z,Day2
Right,JustJaguar,0,113002413648716368,WelcomingFrog,0,2024-08-21T23:34:26Z,Day2
Right,LovingFireworm,0,113001745818649408,WholesomeSparrow,0,2024-08-21T23:47:49Z,Day2
Right,LovingFireworm,0,113002676130407616,KnowledgeableJellyfish,0,2024-08-21T23:49:28Z,Day2
Right,EnchantingHawk,0,113001788284006048,RelaxedDragonfly,1,2024-08-21T23:50:36Z,Day2
Right,SplendidCockatoo,0,113002719047775792,TrustworthySquid,0,2024-08-21T23:59:57Z,Day2
Right,SplendidCockatoo,0,113002698215256128,JubilantCat,0,2024-08-22T00:00:48Z,Day3
Right,JoyousWallaby,0,113002453312729920,SplendidCockatoo,0,2024-08-22T00:05:05Z,Day3
Right,Admin,NA,113002686417448656,LovingFireworm,0,2024-08-22T00:06:17Z,Day3
Right,JoyousWallaby,0,113002213677999264,CooperativeTurtle,0,2024-08-22T00:06:27Z,Day3
Right,SplendidCockatoo,0,113002758664783440,Admin,NA,2024-08-22T00:08:28Z,Day3
Right,SplendidCockatoo,0,113002686417448656,LovingFireworm,0,2024-08-22T00:08:34Z,Day3
Right,WelcomingFrog,0,113002751168609232,LovingFireworm,0,2024-08-22T00:09:50Z,Day3
Right,JoyousWallaby,0,113002340958172544,EloquentBumblebee,0,2024-08-22T00:11:13Z,Day3
Right,NobleLobster,0,112997508829705008,AffectionateWhale,0,2024-08-22T00:12:17Z,Day3
Right,LovingFireworm,0,113002758664783440,Admin,NA,2024-08-22T00:13:44Z,Day3
Right,NobleLobster,0,113002645841772960,RelaxedDragonfly,1,2024-08-22T00:13:47Z,Day3
Right,WelcomingFrog,0,113002774269194624,OutstandingSeahorse,0,2024-08-22T00:13:48Z,Day3
Right,CreativePossum,0,113002723355462912,RelaxedDragonfly,1,2024-08-22T00:14:29Z,Day3
Right,WelcomingFrog,0,113002494149719344,MagnificentBuffalo,0,2024-08-22T00:15:59Z,Day3
Right,HonestLion,0,113002719047775792,TrustworthySquid,0,2024-08-22T00:19:21Z,Day3
Right,HonestLion,0,113002650012342800,RelaxedDragonfly,1,2024-08-22T00:20:40Z,Day3
Right,HopefulKiwi,0,113002809835541584,NobleLobster,0,2024-08-22T00:26:26Z,Day3
Right,LavishPorpoise,0,112997571005776960,BrilliantOwl,0,2024-08-22T00:27:44Z,Day3
Right,UpbeatCougar,0,113002635896730464,JustJaguar,0,2024-08-22T00:28:39Z,Day3
Right,BlissfulGorilla,0,113001756131420480,ImpressiveBison,0,2024-08-22T00:34:02Z,Day3
Right,JoyousWallaby,0,113002676130407616,KnowledgeableJellyfish,0,2024-08-22T00:40:50Z,Day3
Right,LavishPorpoise,0,113002723355462912,RelaxedDragonfly,1,2024-08-22T00:41:42Z,Day3
Right,LavishPorpoise,0,113002717095040096,RelaxedDragonfly,1,2024-08-22T00:42:16Z,Day3
Right,RadiantFalcon,0,113002719047775792,TrustworthySquid,0,2024-08-22T00:42:26Z,Day3
Right,LavishPorpoise,0,113002616399208704,SympatheticWoodpecker,0,2024-08-22T00:44:47Z,Day3
Right,JubilantCat,0,113002809835541584,NobleLobster,0,2024-08-22T00:46:09Z,Day3
Right,AffectionateWhale,0,113001985436405232,CompassionateHippopotamus,0,2024-08-22T01:06:09Z,Day3
Right,SplendidCockatoo,0,113002939247116944,LavishPorpoise,0,2024-08-22T01:08:07Z,Day3
Right,AffectionateWhale,0,113002830578460976,SplendidCockatoo,0,2024-08-22T01:08:49Z,Day3
Right,BlissfulGorilla,0,113000275563077392,VibrantGrizzly,0,2024-08-22T01:14:47Z,Day3
Right,MagnificentBuffalo,0,113002751168609232,LovingFireworm,0,2024-08-22T01:14:50Z,Day3
Right,OptimisticTortoise,0,113001446994045744,EagerLamb,0,2024-08-22T01:19:07Z,Day3
Right,OptimisticTortoise,0,113001731042394288,ImpressiveBison,0,2024-08-22T01:19:27Z,Day3
Right,OptimisticTortoise,0,113002262906976656,GentleTrout,0,2024-08-22T01:19:42Z,Day3
Right,OptimisticTortoise,0,113001032042017312,SplendidCockatoo,0,2024-08-22T01:19:54Z,Day3
Right,BlissfulGorilla,0,113000935571014208,DeterminedYabby,0,2024-08-22T01:21:10Z,Day3
Right,BlissfulGorilla,0,113000910481750832,DeterminedYabby,0,2024-08-22T01:21:16Z,Day3
Right,MagnificentBuffalo,0,113000314492805360,ConfidentWildebeest,0,2024-08-22T01:21:25Z,Day3
Right,ImpressiveBison,0,113002519173524320,RadiantFalcon,0,2024-08-22T01:23:49Z,Day3
Right,ImpressiveBison,0,113002028356852544,JollyOctopus,0,2024-08-22T01:24:06Z,Day3
Right,ImpressiveBison,0,113002880337161104,BlissfulGorilla,0,2024-08-22T01:27:33Z,Day3
Right,ImpressiveBison,0,113003017739839280,BlissfulGorilla,0,2024-08-22T01:27:56Z,Day3
Right,DiligentEgret,0,113002962675542864,CleverPelican,0,2024-08-22T01:29:03Z,Day3
Right,OptimisticTortoise,0,112997092251281616,LavishPorpoise,0,2024-08-22T01:30:54Z,Day3
Right,OptimisticTortoise,0,113002758664783440,Admin,NA,2024-08-22T01:31:06Z,Day3
Right,DazzlingManatee,0,113002958242654160,DazzlingManatee,0,2024-08-22T01:33:26Z,Day3
Right,SplendidCockatoo,0,113003006652123248,YearningRooster,0,2024-08-22T01:33:57Z,Day3
Right,CharismaticCamel,0,113002650012342800,RelaxedDragonfly,1,2024-08-22T01:35:10Z,Day3
Right,DiligentEgret,0,113002876466092080,JubilantCat,0,2024-08-22T01:35:43Z,Day3
Right,CharismaticCamel,0,113002413648716368,WelcomingFrog,0,2024-08-22T01:35:50Z,Day3
Right,CharismaticCamel,0,113002340958172544,EloquentBumblebee,0,2024-08-22T01:36:20Z,Day3
Right,SplendidCockatoo,0,113003050705751248,AffectionateWhale,0,2024-08-22T01:37:33Z,Day3
Right,CharismaticCamel,0,113003102724822576,AffectionateWhale,0,2024-08-22T01:38:52Z,Day3
Right,DiligentEgret,0,113003070715277424,BrilliantOwl,0,2024-08-22T01:42:01Z,Day3
Right,DiligentEgret,0,113003114949746192,AffectionateWhale,0,2024-08-22T01:42:40Z,Day3
Right,HeartfeltBandicoot,0,113003122989789040,EsteemedNumbat,0,2024-08-22T01:43:53Z,Day3
Right,JollyOctopus,0,113003123286448208,DiligentEgret,0,2024-08-22T01:44:07Z,Day3
Right,DiligentEgret,0,113002715865024608,HelpfulBee,0,2024-08-22T01:45:19Z,Day3
Right,CharismaticCamel,0,113002262906976656,GentleTrout,0,2024-08-22T01:45:48Z,Day3
Right,CharismaticCamel,0,112996531248289008,ThrivingImpala,0,2024-08-22T01:46:13Z,Day3
Right,DiligentEgret,0,113002616399208704,SympatheticWoodpecker,0,2024-08-22T01:46:18Z,Day3
Right,CharismaticCamel,0,113003138570988864,EsteemedNumbat,0,2024-08-22T01:46:46Z,Day3
Right,LovingFireworm,0,113003027807860160,MagnificentBuffalo,0,2024-08-22T01:46:57Z,Day3
Right,InspiringCrab,0,113002262906976656,GentleTrout,0,2024-08-22T01:51:54Z,Day3
Right,InspiringCrab,0,113000309979061136,OutstandingSeahorse,0,2024-08-22T01:51:55Z,Day3
Right,InspiringCrab,0,112999837646760080,HappyPigeon,0,2024-08-22T01:52:06Z,Day3
Right,CharismaticCamel,0,113001446994045744,EagerLamb,0,2024-08-22T01:56:19Z,Day3
Right,EsteemedNumbat,0,113003181617909200,CharismaticCamel,0,2024-08-22T01:56:44Z,Day3
Right,LovingFireworm,0,113003138570988864,EsteemedNumbat,0,2024-08-22T01:57:41Z,Day3
Right,DiligentEgret,0,113003133782784160,ExcellentMantis,0,2024-08-22T01:59:10Z,Day3
Right,LovingFireworm,0,113001905662030096,WelcomingFrog,0,2024-08-22T01:59:22Z,Day3
Right,HeartfeltBandicoot,0,113003050705751248,AffectionateWhale,0,2024-08-22T02:06:18Z,Day3
Right,HeartfeltBandicoot,0,113002903678836080,SympatheticWoodpecker,0,2024-08-22T02:07:03Z,Day3
Right,InspiringCrab,0,113002680117120112,RelaxedDragonfly,1,2024-08-22T02:10:11Z,Day3
Right,LovingFireworm,0,113003062970155328,ExcellentMantis,0,2024-08-22T02:13:40Z,Day3
Right,SplendidCockatoo,0,113003161094266464,LavishPorpoise,0,2024-08-22T02:16:17Z,Day3
Right,SplendidCockatoo,0,113003017383305040,BrilliantOwl,0,2024-08-22T02:17:36Z,Day3
Right,SplendidCockatoo,0,113002985748783920,BrilliantOwl,0,2024-08-22T02:17:44Z,Day3
Right,OptimisticTortoise,0,113003138570988864,EsteemedNumbat,0,2024-08-22T02:17:57Z,Day3
Right,SplendidCockatoo,0,113003017739839280,BlissfulGorilla,0,2024-08-22T02:18:11Z,Day3
Right,DiligentEgret,0,113003231943339280,AffectionateWhale,0,2024-08-22T02:19:00Z,Day3
Right,HeartfeltBandicoot,0,113002413648716368,WelcomingFrog,0,2024-08-22T02:19:12Z,Day3
Right,DiligentEgret,0,113003234681830384,AffectionateWhale,0,2024-08-22T02:19:14Z,Day3
Right,LavishPorpoise,0,113002941259641728,LavishPorpoise,0,2024-08-22T02:19:45Z,Day3
Right,HeartfeltBandicoot,0,112996897460935360,VirtuousArmadillo,0,2024-08-22T02:22:49Z,Day3
Right,HeartfeltBandicoot,0,112997050478769808,MarvelousHare,0,2024-08-22T02:27:47Z,Day3
Right,LavishPorpoise,0,113002962675542864,CleverPelican,0,2024-08-22T02:35:27Z,Day3
Right,LavishPorpoise,0,113002437696222736,LightheartedEmu,0,2024-08-22T02:36:34Z,Day3
Right,ExcellentMantis,0,113003253130955040,LovingFireworm,0,2024-08-22T02:42:05Z,Day3
Right,ExcellentMantis,0,113003271536140288,DiligentEgret,0,2024-08-22T02:43:03Z,Day3
Right,ExcellentMantis,0,113003259730164800,DiligentEgret,0,2024-08-22T02:44:20Z,Day3
Right,DiligentEgret,0,113003373290087152,ExcellentMantis,0,2024-08-22T02:49:14Z,Day3
Right,LavishPorpoise,0,113003310427690704,FlexiblePig,0,2024-08-22T02:54:06Z,Day3
Right,WelcomingFrog,0,113003286297504448,HeartfeltBandicoot,0,2024-08-22T02:58:17Z,Day3
Right,WelcomingFrog,0,113003138570988864,EsteemedNumbat,0,2024-08-22T03:02:33Z,Day3
Right,JubilantCat,0,113003257432178048,AffectionateWhale,0,2024-08-22T03:03:38Z,Day3
Right,ExcellentMantis,0,113003400529884144,DiligentEgret,0,2024-08-22T03:05:22Z,Day3
Right,AffectionateWhale,0,113003212352371488,HeartfeltBandicoot,0,2024-08-22T03:23:21Z,Day3
Right,AffectionateWhale,0,112996518131795872,GentleTrout,0,2024-08-22T03:26:13Z,Day3
Right,GratefulChicken,0,113003122989789040,EsteemedNumbat,0,2024-08-22T04:05:24Z,Day3
Right,SplendidCockatoo,0,113003696661766128,GratefulChicken,0,2024-08-22T04:08:49Z,Day3
Right,DeterminedYabby,0,113003696661766128,GratefulChicken,0,2024-08-22T04:09:20Z,Day3
Right,GratefulChicken,0,113003078657574480,LavishPorpoise,0,2024-08-22T04:15:02Z,Day3
Right,PassionateAlligator,0,113003161094266464,LavishPorpoise,0,2024-08-22T04:16:27Z,Day3
Right,GratefulChicken,0,113003758079341312,PassionateAlligator,0,2024-08-22T04:30:39Z,Day3
Right,InnovativeGrasshopper,0,113001445114151344,TenderMoose,0,2024-08-22T04:55:33Z,Day3
Right,InnovativeGrasshopper,0,113003062970155328,ExcellentMantis,0,2024-08-22T05:10:50Z,Day3
Right,DaringKookaburra,0,113003015727785888,MagnificentBuffalo,0,2024-08-22T06:00:50Z,Day3
Right,DaringKookaburra,0,113002984885258224,YoungReindeer,0,2024-08-22T06:18:13Z,Day3
Right,DaringKookaburra,0,113004249362916576,GratefulChicken,0,2024-08-22T06:28:21Z,Day3
Right,GratefulChicken,0,113004256819199312,DaringKookaburra,0,2024-08-22T06:28:43Z,Day3
Right,GratefulChicken,0,113004819789975344,ResourcefulAntelope,0,2024-08-22T09:24:58Z,Day3
Right,EsteemedNumbat,0,113003526858585408,AffectionateWhale,0,2024-08-22T11:17:54Z,Day3
Right,EsteemedNumbat,0,113003212352371488,HeartfeltBandicoot,0,2024-08-22T11:18:35Z,Day3
Right,EsteemedNumbat,0,113003201783954816,LovingFireworm,0,2024-08-22T11:18:58Z,Day3
Right,EsteemedNumbat,0,113003191115467152,LovingFireworm,0,2024-08-22T11:19:24Z,Day3
Right,EsteemedNumbat,0,113002214060821728,SupportiveRhinoceros,0,2024-08-22T11:20:18Z,Day3
Right,EsteemedNumbat,0,113001954599308256,JustJaguar,0,2024-08-22T11:20:45Z,Day3
Right,EsteemedNumbat,0,113001908835016768,WelcomingFrog,0,2024-08-22T11:20:56Z,Day3
Right,EsteemedNumbat,0,113001905662030096,WelcomingFrog,0,2024-08-22T11:24:37Z,Day3
Right,EsteemedNumbat,0,113003251185991728,InspiringCrab,0,2024-08-22T11:29:36Z,Day3
Right,JubilantCat,0,113005246033608336,CompassionateHippopotamus,0,2024-08-22T11:30:30Z,Day3
Right,KnowledgeableJellyfish,0,113002915691055280,LavishPorpoise,0,2024-08-22T11:49:07Z,Day3
Right,KnowledgeableJellyfish,0,113002686417448656,LovingFireworm,0,2024-08-22T11:49:26Z,Day3
Right,KnowledgeableJellyfish,0,113002404302975824,BrightNewt,0,2024-08-22T11:49:42Z,Day3
Right,JubilantCat,0,113005533418540800,ArtisticButterfly,1,2024-08-22T11:57:56Z,Day3
Right,BubblyDog,0,113003262240413776,InspiringCrab,0,2024-08-22T12:14:29Z,Day3
Right,BubblyDog,0,113005358877293776,FriendlyBaboon,1,2024-08-22T12:30:39Z,Day3
Right,OutstandingSeahorse,0,113003837960880320,InnovativeGrasshopper,0,2024-08-22T12:37:21Z,Day3
Right,OutstandingSeahorse,0,112996782105195920,InnovativeGrasshopper,0,2024-08-22T12:43:39Z,Day3
Right,BubblyDog,0,113005716740426688,VibrantGrizzly,0,2024-08-22T12:44:56Z,Day3
Right,CheerfulQuokka,0,113004125102811504,DaringKookaburra,0,2024-08-22T12:48:00Z,Day3
Right,OptimisticTortoise,0,113000889146107488,OutstandingSeahorse,0,2024-08-22T12:50:41Z,Day3
Right,TenderMoose,0,113001445114151344,TenderMoose,0,2024-08-22T13:00:39Z,Day3
Right,TenderMoose,0,113003859322162640,InnovativeGrasshopper,0,2024-08-22T13:01:15Z,Day3
Right,TenderMoose,0,113001741707445008,ImpressiveBison,0,2024-08-22T13:01:26Z,Day3
Right,TenderMoose,0,113003991467706208,InnovativeGrasshopper,0,2024-08-22T13:03:34Z,Day3
Right,TenderMoose,0,113001895326968224,ImpressiveBison,0,2024-08-22T13:05:25Z,Day3
Right,TenderMoose,0,113000935571014208,DeterminedYabby,0,2024-08-22T13:07:34Z,Day3
Right,TenderMoose,0,113000910481750832,DeterminedYabby,0,2024-08-22T13:07:58Z,Day3
Right,TenderMoose,0,113001877066075520,FortunateWolverine,0,2024-08-22T13:08:46Z,Day3
Right,TenderMoose,0,113001950065472416,FortunateWolverine,0,2024-08-22T13:10:07Z,Day3
Right,TenderMoose,0,113002028408917408,FortunateWolverine,0,2024-08-22T13:10:12Z,Day3
Right,TenderMoose,0,113005467747523504,PatientOcelot,1,2024-08-22T13:10:30Z,Day3
Right,TenderMoose,0,113001847779892064,PatientOcelot,1,2024-08-22T13:12:56Z,Day3
Right,TenderMoose,0,113001833509082144,PatientOcelot,1,2024-08-22T13:14:16Z,Day3
Right,TenderMoose,0,112996977133179280,PatientOcelot,1,2024-08-22T13:14:37Z,Day3
Right,TenderMoose,0,112996688380563056,RelaxedDragonfly,1,2024-08-22T13:15:00Z,Day3
Right,TenderMoose,0,112996811003768672,PatientOcelot,1,2024-08-22T13:15:14Z,Day3
Right,TenderMoose,0,112996800419381328,PatientOcelot,1,2024-08-22T13:15:33Z,Day3
Right,TenderMoose,0,113000940878086208,IdealDonkey,0,2024-08-22T13:16:05Z,Day3
Right,TenderMoose,0,113000932435672000,IdealDonkey,0,2024-08-22T13:16:27Z,Day3
Right,TenderMoose,0,113000896425855248,IdealDonkey,0,2024-08-22T13:17:58Z,Day3
Right,TenderMoose,0,113000872506525456,IdealDonkey,0,2024-08-22T13:19:30Z,Day3
Right,TenderMoose,0,113000859204875856,IdealDonkey,0,2024-08-22T13:20:36Z,Day3
Right,TenderMoose,0,112997723134656768,IdealDonkey,0,2024-08-22T13:21:39Z,Day3
Right,TenderMoose,0,112997702102840080,IdealDonkey,0,2024-08-22T13:21:57Z,Day3
Right,TenderMoose,0,112997631107916688,IdealDonkey,0,2024-08-22T13:22:59Z,Day3
Right,TenderMoose,0,112997623061520288,IdealDonkey,0,2024-08-22T13:23:11Z,Day3
Right,HonestLion,0,113005495356451008,WholesomeSparrow,0,2024-08-22T13:32:13Z,Day3
Right,OutstandingSeahorse,0,113005887826131936,HonestLion,0,2024-08-22T13:33:42Z,Day3
Right,BubblyDog,0,113002012731866544,CarefreeDragon,0,2024-08-22T13:48:25Z,Day3
Right,OptimisticTortoise,0,113005781218792000,OutstandingSeahorse,0,2024-08-22T13:53:11Z,Day3
Right,OptimisticTortoise,0,113005867791032224,HappyPigeon,0,2024-08-22T13:53:27Z,Day3
Right,OutstandingSeahorse,0,113006004707471360,OptimisticTortoise,0,2024-08-22T14:05:15Z,Day3
Right,EsteemedNumbat,0,113005949077671728,SympatheticWoodpecker,0,2024-08-22T14:06:50Z,Day3
Right,EsteemedNumbat,0,113005763664173712,OutstandingSeahorse,0,2024-08-22T14:07:05Z,Day3
Right,EsteemedNumbat,0,113005711395152864,VibrantGrizzly,0,2024-08-22T14:07:40Z,Day3
Right,EsteemedNumbat,0,113005310292917424,OptimisticTortoise,0,2024-08-22T14:07:46Z,Day3
Right,EsteemedNumbat,0,113005467747523504,PatientOcelot,1,2024-08-22T14:09:43Z,Day3
Right,KnowledgeableJellyfish,0,113005636957263904,WholesomeSparrow,0,2024-08-22T14:25:27Z,Day3
Right,KnowledgeableJellyfish,0,113005750730032080,CheerfulQuokka,0,2024-08-22T14:25:49Z,Day3
Right,KnowledgeableJellyfish,0,113005505578700944,ArtisticButterfly,1,2024-08-22T14:27:12Z,Day3
Right,KnowledgeableJellyfish,0,113005845023815552,TenderMoose,0,2024-08-22T14:27:19Z,Day3
Right,KnowledgeableJellyfish,0,113004125102811504,DaringKookaburra,0,2024-08-22T14:28:13Z,Day3
Right,KnowledgeableJellyfish,0,113003991467706208,InnovativeGrasshopper,0,2024-08-22T14:28:19Z,Day3
Right,AdaptablePorcupine,0,113005646307725312,RemarkableGopher,1,2024-08-22T14:50:00Z,Day3
Right,AdaptablePorcupine,0,113003991467706208,InnovativeGrasshopper,0,2024-08-22T14:56:33Z,Day3
Right,AdaptablePorcupine,0,113003138570988864,EsteemedNumbat,0,2024-08-22T15:01:56Z,Day3
Right,AdaptablePorcupine,0,113001676565282912,LovingFireworm,0,2024-08-22T15:02:15Z,Day3
Right,AdaptablePorcupine,0,113001691576134240,WarmShark,0,2024-08-22T15:02:22Z,Day3
Right,VirtuousArmadillo,0,113003304627829600,HeartfeltBandicoot,0,2024-08-22T15:05:12Z,Day3
Right,VirtuousArmadillo,0,113005750730032080,CheerfulQuokka,0,2024-08-22T15:05:34Z,Day3
Right,AdaptablePorcupine,0,113001905662030096,WelcomingFrog,0,2024-08-22T15:06:53Z,Day3
Right,AdaptablePorcupine,0,112996697923318432,EsteemedNumbat,0,2024-08-22T15:07:25Z,Day3
Right,AdaptablePorcupine,0,113000395544861680,EsteemedNumbat,0,2024-08-22T15:07:52Z,Day3
Right,JudiciousFox,0,113006222207313584,CourteousWombat,0,2024-08-22T15:11:31Z,Day3
Right,JudiciousFox,0,113005781218792000,OutstandingSeahorse,0,2024-08-22T15:14:05Z,Day3
Right,VirtuousArmadillo,0,113002262906976656,GentleTrout,0,2024-08-22T15:16:45Z,Day3
Right,JudiciousFox,0,113005467747523504,PatientOcelot,1,2024-08-22T15:18:30Z,Day3
Right,JudiciousFox,0,113005505578700944,ArtisticButterfly,1,2024-08-22T15:20:39Z,Day3
Right,JudiciousFox,0,113005246033608336,CompassionateHippopotamus,0,2024-08-22T15:23:22Z,Day3
Right,JudiciousFox,0,113004125102811504,DaringKookaburra,0,2024-08-22T15:24:29Z,Day3
Right,JudiciousFox,0,113003991467706208,InnovativeGrasshopper,0,2024-08-22T15:24:43Z,Day3
Right,JudiciousFox,0,113003262240413776,InspiringCrab,0,2024-08-22T15:34:55Z,Day3
Right,SplendidCockatoo,0,113006222207313584,CourteousWombat,0,2024-08-22T15:36:55Z,Day3
Right,SplendidCockatoo,0,113006169630027152,KnowledgeableJellyfish,0,2024-08-22T15:38:46Z,Day3
Right,JudiciousFox,0,113003804481073696,InnovativeGrasshopper,0,2024-08-22T15:39:46Z,Day3
Right,SplendidCockatoo,0,113005880973769072,HonestLion,0,2024-08-22T15:40:51Z,Day3
Right,SplendidCockatoo,0,113005781218792000,OutstandingSeahorse,0,2024-08-22T15:41:24Z,Day3
Right,SplendidCockatoo,0,113005887826131936,HonestLion,0,2024-08-22T15:41:40Z,Day3
Right,SplendidCockatoo,0,113006004707471360,OptimisticTortoise,0,2024-08-22T15:41:49Z,Day3
Right,SplendidCockatoo,0,113006329398137152,JudiciousFox,0,2024-08-22T15:41:56Z,Day3
Right,SplendidCockatoo,0,113006427154585968,ConfidentWildebeest,0,2024-08-22T15:42:05Z,Day3
Right,VirtuousArmadillo,0,113006427154585968,ConfidentWildebeest,0,2024-08-22T15:43:35Z,Day3
Right,VirtuousArmadillo,0,113005887826131936,HonestLion,0,2024-08-22T15:43:36Z,Day3
Right,JudiciousFox,0,113006452454102480,VirtuousArmadillo,0,2024-08-22T15:51:18Z,Day3
Right,ConfidentWildebeest,0,113006452454102480,VirtuousArmadillo,0,2024-08-22T15:57:36Z,Day3
Right,ConfidentWildebeest,0,113005912196431872,HonestLion,0,2024-08-22T16:00:42Z,Day3
Right,TenderMoose,0,113006481950814576,ConfidentWildebeest,0,2024-08-22T16:00:50Z,Day3
Right,TenderMoose,0,113005845023815552,TenderMoose,0,2024-08-22T16:00:54Z,Day3
Right,VirtuousArmadillo,0,113005272728351600,HappyPigeon,0,2024-08-22T16:04:47Z,Day3
Right,TenderMoose,0,112997555043807536,BrilliantOwl,0,2024-08-22T16:06:08Z,Day3
Right,TenderMoose,0,112997915933851408,Admin,NA,2024-08-22T16:06:09Z,Day3
Right,TenderMoose,0,112997167388572512,BlissfulGorilla,0,2024-08-22T16:06:54Z,Day3
Right,OptimisticTortoise,0,113006329398137152,JudiciousFox,0,2024-08-22T16:08:41Z,Day3
Right,AffectionateWhale,0,113002614808910976,JustJaguar,0,2024-08-22T16:17:28Z,Day3
Right,ConfidentWildebeest,0,113006518175085712,TenderMoose,0,2024-08-22T16:18:02Z,Day3
Right,AffectionateWhale,0,113002386443972032,SplendidCockatoo,0,2024-08-22T16:18:19Z,Day3
Right,GracefulPheasant,0,113005867791032224,HappyPigeon,0,2024-08-22T16:21:00Z,Day3
Right,GracefulPheasant,0,113006004707471360,OptimisticTortoise,0,2024-08-22T16:35:31Z,Day3
Right,GracefulPheasant,0,113006169630027152,KnowledgeableJellyfish,0,2024-08-22T16:36:12Z,Day3
Right,JustJaguar,0,113006585698841920,GracefulPheasant,0,2024-08-22T16:52:20Z,Day3
Right,JustJaguar,0,113006381737988096,ConfidentWildebeest,0,2024-08-22T16:55:31Z,Day3
Right,SplendidCockatoo,0,113006675844550752,JustJaguar,0,2024-08-22T17:06:17Z,Day3
Right,PassionateAlligator,0,113003788881557888,SplendidCockatoo,0,2024-08-22T17:09:30Z,Day3
Right,PassionateAlligator,0,113006826185263440,TrustworthySquid,0,2024-08-22T17:26:27Z,Day3
Right,OutstandingSeahorse,0,113006594241710560,AffectionateWhale,0,2024-08-22T17:28:18Z,Day3
Right,AffectionateWhale,0,113006675844550752,JustJaguar,0,2024-08-22T17:29:11Z,Day3
Right,PassionateAlligator,0,113006858976791120,TrustworthySquid,0,2024-08-22T17:31:06Z,Day3
Right,TrustworthySquid,0,113006846156222384,PassionateAlligator,0,2024-08-22T17:31:46Z,Day3
Right,PassionateAlligator,0,113006864205092192,TrustworthySquid,0,2024-08-22T17:32:40Z,Day3
Right,PassionateAlligator,0,113006877820646048,TrustworthySquid,0,2024-08-22T17:36:04Z,Day3
Right,DeterminedYabby,0,113006890717074176,TrustworthySquid,0,2024-08-22T17:39:33Z,Day3
Right,TrustworthySquid,0,113006896135462528,PassionateAlligator,0,2024-08-22T17:40:16Z,Day3
Right,TrustworthySquid,0,113006881448488176,DeterminedYabby,0,2024-08-22T17:40:20Z,Day3
Right,PassionateAlligator,0,113006900927395744,TrustworthySquid,0,2024-08-22T17:42:17Z,Day3
Right,VirtuousArmadillo,0,113006585698841920,GracefulPheasant,0,2024-08-22T17:44:35Z,Day3
Right,DeterminedYabby,0,113006920793359616,PassionateAlligator,0,2024-08-22T17:51:01Z,Day3
Right,PassionateAlligator,0,113006943731550432,JustJaguar,0,2024-08-22T17:52:17Z,Day3
Right,WelcomingFrog,0,113006324492043424,WarmShark,0,2024-08-22T17:53:31Z,Day3
Right,KnowledgeableJellyfish,0,113006679956852528,JustJaguar,0,2024-08-22T17:56:42Z,Day3
Right,DaringKookaburra,0,113006637366366480,InsightfulEagle,1,2024-08-22T17:56:56Z,Day3
Right,WelcomingFrog,0,113005495356451008,WholesomeSparrow,0,2024-08-22T17:57:04Z,Day3
Right,KnowledgeableJellyfish,0,113006526502061136,ObservantBadger,0,2024-08-22T17:57:04Z,Day3
Right,KnowledgeableJellyfish,0,113006426841959680,SplendidCockatoo,0,2024-08-22T17:57:09Z,Day3
Right,WelcomingFrog,0,113005921203317344,HonestLion,0,2024-08-22T17:57:20Z,Day3
Right,KnowledgeableJellyfish,0,113006193138305312,AdaptablePorcupine,0,2024-08-22T17:57:21Z,Day3
Right,DaringKookaburra,0,113006826185263440,TrustworthySquid,0,2024-08-22T17:58:18Z,Day3
Right,KnowledgeableJellyfish,0,113006962614112000,DaringKookaburra,0,2024-08-22T17:59:45Z,Day3
Right,WelcomingFrog,0,113006247649146752,AdaptablePorcupine,0,2024-08-22T18:01:30Z,Day3
Right,WelcomingFrog,0,113006419870493408,ConfidentWildebeest,0,2024-08-22T18:03:22Z,Day3
Right,WelcomingFrog,0,113006769544693872,SplendidCockatoo,0,2024-08-22T18:05:18Z,Day3
Right,KnowledgeableJellyfish,0,113006863222694896,PassionateAlligator,0,2024-08-22T18:05:39Z,Day3
Right,KnowledgeableJellyfish,0,113006889291329008,JollyOctopus,0,2024-08-22T18:08:06Z,Day3
Right,KnowledgeableJellyfish,0,113006996645636272,SympatheticWoodpecker,0,2024-08-22T18:12:16Z,Day3
Right,PassionateAlligator,0,113007013773114992,BalancedRidgeback,0,2024-08-22T18:12:35Z,Day3
Right,KnowledgeableJellyfish,0,113006937536688880,EagerLamb,0,2024-08-22T18:12:52Z,Day3
Right,WelcomingFrog,0,113006834111966432,PassionateAlligator,0,2024-08-22T18:12:52Z,Day3
Right,WelcomingFrog,0,113006879768902160,JollyOctopus,0,2024-08-22T18:13:00Z,Day3
Right,VirtuousArmadillo,0,113007015369263888,HeartfeltBandicoot,0,2024-08-22T18:17:52Z,Day3
Right,SplendidCockatoo,0,113007029872889312,BalancedRidgeback,0,2024-08-22T18:22:31Z,Day3
Right,SplendidCockatoo,0,113007015725125312,DeterminedYabby,0,2024-08-22T18:24:12Z,Day3
Right,HeartfeltBandicoot,0,113006920793359616,PassionateAlligator,0,2024-08-22T18:24:28Z,Day3
Right,SplendidCockatoo,0,113007061348657248,DevotedDolphin,0,2024-08-22T18:25:07Z,Day3
Right,BalancedRidgeback,0,113007055687399520,DevotedDolphin,0,2024-08-22T18:25:11Z,Day3
Right,BalancedRidgeback,0,113007060453708368,RadiantFalcon,0,2024-08-22T18:25:13Z,Day3
Right,BalancedRidgeback,0,113007043178694400,EagerLamb,0,2024-08-22T18:25:16Z,Day3
Right,BalancedRidgeback,0,113007070176193728,HeartfeltBandicoot,0,2024-08-22T18:25:18Z,Day3
Right,TenderMoose,0,113006518175085712,TenderMoose,0,2024-08-22T18:26:09Z,Day3
Right,BalancedRidgeback,0,113007036424276672,SympatheticWoodpecker,0,2024-08-22T18:26:36Z,Day3
Right,BalancedRidgeback,0,113006996645636272,SympatheticWoodpecker,0,2024-08-22T18:26:43Z,Day3
Right,TenderMoose,0,113007036424276672,SympatheticWoodpecker,0,2024-08-22T18:27:04Z,Day3
Right,LovingFireworm,0,113006675844550752,JustJaguar,0,2024-08-22T18:27:14Z,Day3
Right,LovingFireworm,0,113006329398137152,JudiciousFox,0,2024-08-22T18:27:17Z,Day3
Right,SplendidCockatoo,0,113006996645636272,SympatheticWoodpecker,0,2024-08-22T18:27:25Z,Day3
Right,SplendidCockatoo,0,113007068990224560,RadiantFalcon,0,2024-08-22T18:27:51Z,Day3
Right,TenderMoose,0,113007029872889312,BalancedRidgeback,0,2024-08-22T18:28:00Z,Day3
Right,SplendidCockatoo,0,113006995633249920,JustJaguar,0,2024-08-22T18:28:00Z,Day3
Right,TenderMoose,0,113007010642455456,ResilientOtter,0,2024-08-22T18:28:06Z,Day3
Right,SplendidCockatoo,0,113007085828499120,BalancedRidgeback,0,2024-08-22T18:28:13Z,Day3
Right,SplendidCockatoo,0,113006920793359616,PassionateAlligator,0,2024-08-22T18:28:52Z,Day3
Right,PassionateAlligator,0,113007082844339984,HeartfeltBandicoot,0,2024-08-22T18:28:56Z,Day3
Right,TenderMoose,0,113006996645636272,SympatheticWoodpecker,0,2024-08-22T18:30:15Z,Day3
Right,HeartfeltBandicoot,0,113006834111966432,PassionateAlligator,0,2024-08-22T18:31:01Z,Day3
Right,TenderMoose,0,113006970016682528,EagerLamb,0,2024-08-22T18:31:39Z,Day3
Right,ResourcefulAntelope,0,113005272728351600,HappyPigeon,0,2024-08-22T18:31:43Z,Day3
Right,TenderMoose,0,113006962614112000,DaringKookaburra,0,2024-08-22T18:32:14Z,Day3
Right,TenderMoose,0,113006937536688880,EagerLamb,0,2024-08-22T18:33:08Z,Day3
Right,TenderMoose,0,113006920793359616,PassionateAlligator,0,2024-08-22T18:33:27Z,Day3
Right,BalancedRidgeback,0,113007101557395120,IdealDonkey,0,2024-08-22T18:34:52Z,Day3
Right,BalancedRidgeback,0,113006834111966432,PassionateAlligator,0,2024-08-22T18:37:13Z,Day3
Right,TenderMoose,0,113006858976791120,TrustworthySquid,0,2024-08-22T18:37:13Z,Day3
Right,SplendidCockatoo,0,113006927959738928,JustJaguar,0,2024-08-22T18:37:14Z,Day3
Right,BalancedRidgeback,0,113006169630027152,KnowledgeableJellyfish,0,2024-08-22T18:37:53Z,Day3
Right,BalancedRidgeback,0,113003991467706208,InnovativeGrasshopper,0,2024-08-22T18:38:25Z,Day3
Right,SplendidCockatoo,0,113007100620503264,BalancedRidgeback,0,2024-08-22T18:40:30Z,Day3
Right,OptimisticTortoise,0,113006594241710560,AffectionateWhale,0,2024-08-22T18:43:14Z,Day3
Right,TenderMoose,0,113006834111966432,PassionateAlligator,0,2024-08-22T18:43:42Z,Day3
Right,TenderMoose,0,113006826185263440,TrustworthySquid,0,2024-08-22T18:45:08Z,Day3
Right,SplendidCockatoo,0,113007146283653968,NotableHummingbird,0,2024-08-22T18:45:39Z,Day3
Right,DaringKookaburra,0,113006996645636272,SympatheticWoodpecker,0,2024-08-22T18:47:40Z,Day3
Right,SplendidCockatoo,0,113007137272670544,OptimisticTortoise,0,2024-08-22T18:47:48Z,Day3
Right,SplendidCockatoo,0,113007164648381584,IdealDonkey,0,2024-08-22T18:48:15Z,Day3
Right,TenderMoose,0,113006811845438688,PassionateAlligator,0,2024-08-22T18:48:47Z,Day3
Right,PassionateAlligator,0,113006927952860720,EagerLamb,0,2024-08-22T18:49:11Z,Day3
Right,NotableHummingbird,0,113006933555046784,JustJaguar,0,2024-08-22T18:50:30Z,Day3
Right,TrustworthySquid,0,113007177392270896,PassionateAlligator,0,2024-08-22T18:51:55Z,Day3
Right,NotableHummingbird,0,113000905734195584,DeterminedYabby,0,2024-08-22T18:52:29Z,Day3
Right,TrustworthySquid,0,113007183961655856,PassionateAlligator,0,2024-08-22T18:53:32Z,Day3
Right,TenderMoose,0,113006701786236368,GleefulOstrich,0,2024-08-22T18:53:43Z,Day3
Right,TenderMoose,0,113006637366366480,InsightfulEagle,1,2024-08-22T18:54:02Z,Day3
Right,TenderMoose,0,113006626463715168,InsightfulEagle,1,2024-08-22T18:54:25Z,Day3
Right,TenderMoose,0,113006585698841920,GracefulPheasant,0,2024-08-22T18:54:41Z,Day3
Right,TenderMoose,0,113006452454102480,VirtuousArmadillo,0,2024-08-22T18:55:30Z,Day3
Right,TenderMoose,0,113006222207313584,CourteousWombat,0,2024-08-22T18:55:38Z,Day3
Right,TenderMoose,0,113006169630027152,KnowledgeableJellyfish,0,2024-08-22T18:56:03Z,Day3
Right,DaringKookaburra,0,113007172986937664,IdealDonkey,0,2024-08-22T18:57:10Z,Day3
Right,TenderMoose,0,113005867791032224,HappyPigeon,0,2024-08-22T18:57:32Z,Day3
Right,TenderMoose,0,113005781218792000,OutstandingSeahorse,0,2024-08-22T18:57:58Z,Day3
Right,TenderMoose,0,113005733505116256,CheerfulQuokka,0,2024-08-22T18:58:37Z,Day3
Right,NotableHummingbird,0,113006970472415008,JustJaguar,0,2024-08-22T18:58:47Z,Day3
Right,TenderMoose,0,113005657243638928,BubblyDog,0,2024-08-22T18:59:00Z,Day3
Right,NotableHummingbird,0,113002614808910976,JustJaguar,0,2024-08-22T19:00:02Z,Day3
Right,CharitableGoat,0,113007186946378160,CooperativeTurtle,0,2024-08-22T19:00:07Z,Day3
Right,TenderMoose,0,113005533418540800,ArtisticButterfly,1,2024-08-22T19:00:29Z,Day3
Right,TenderMoose,0,113005358877293776,FriendlyBaboon,1,2024-08-22T19:00:55Z,Day3
Right,NotableHummingbird,0,113001925989619376,JustJaguar,0,2024-08-22T19:01:03Z,Day3
Right,TenderMoose,0,113005246033608336,CompassionateHippopotamus,0,2024-08-22T19:01:16Z,Day3
Right,TenderMoose,0,113004819789975344,ResourcefulAntelope,0,2024-08-22T19:01:21Z,Day3
Right,TenderMoose,0,113004125102811504,DaringKookaburra,0,2024-08-22T19:01:26Z,Day3
Right,NotableHummingbird,0,112996822441733664,JustJaguar,0,2024-08-22T19:01:27Z,Day3
Right,TenderMoose,0,113003262240413776,InspiringCrab,0,2024-08-22T19:02:29Z,Day3
Right,TenderMoose,0,113003257432178048,AffectionateWhale,0,2024-08-22T19:02:46Z,Day3
Right,TenderMoose,0,113003138570988864,EsteemedNumbat,0,2024-08-22T19:03:21Z,Day3
Right,KeenCrow,0,113007186946378160,CooperativeTurtle,0,2024-08-22T19:03:32Z,Day3
Right,TenderMoose,0,113003122989789040,EsteemedNumbat,0,2024-08-22T19:03:45Z,Day3
Right,TenderMoose,0,113003078657574480,LavishPorpoise,0,2024-08-22T19:04:00Z,Day3
Right,TenderMoose,0,113002903678836080,SympatheticWoodpecker,0,2024-08-22T19:05:20Z,Day3
Right,TenderMoose,0,113002809835541584,NobleLobster,0,2024-08-22T19:05:49Z,Day3
Right,HeartfeltBandicoot,0,113007186946378160,CooperativeTurtle,0,2024-08-22T19:07:25Z,Day3
Right,HeartfeltBandicoot,0,113007172986937664,IdealDonkey,0,2024-08-22T19:08:50Z,Day3
Right,CharitableGoat,0,113005515035701856,KnowledgeableJellyfish,0,2024-08-22T19:15:17Z,Day3
Right,PassionateAlligator,0,113007273843970624,HeartfeltBandicoot,0,2024-08-22T19:17:26Z,Day3
Right,OutstandingSeahorse,0,113007038969497616,BalancedRidgeback,0,2024-08-22T19:18:02Z,Day3
Right,DaringKookaburra,0,113007137272670544,OptimisticTortoise,0,2024-08-22T19:18:05Z,Day3
Right,CharitableGoat,0,113006209715458432,ConfidentWildebeest,0,2024-08-22T19:18:33Z,Day3
Right,OutstandingSeahorse,0,113006971979773200,DaringKookaburra,0,2024-08-22T19:19:27Z,Day3
Right,OutstandingSeahorse,0,113006973899342528,DaringKookaburra,0,2024-08-22T19:19:49Z,Day3
Right,CarefreeDragon,0,113002045928951520,JustJaguar,0,2024-08-22T19:22:39Z,Day3
Right,SplendidCockatoo,0,113007186946378160,CooperativeTurtle,0,2024-08-22T19:24:25Z,Day3
Right,OutstandingSeahorse,0,113007137272670544,OptimisticTortoise,0,2024-08-22T19:25:49Z,Day3
Right,OutstandingSeahorse,0,113006858976791120,TrustworthySquid,0,2024-08-22T19:27:43Z,Day3
Right,OptimisticTortoise,0,113007322401674352,CarefreeDragon,0,2024-08-22T19:28:44Z,Day3
Right,AffectionateWhale,0,113006995633249920,JustJaguar,0,2024-08-22T19:38:06Z,Day3
Right,AffectionateWhale,0,113007068990224560,RadiantFalcon,0,2024-08-22T19:38:08Z,Day3
Right,ExcellentMantis,0,113007006973724960,EagerLamb,0,2024-08-22T19:41:21Z,Day3
Right,ExcellentMantis,0,113004534738266048,RadiantFalcon,0,2024-08-22T19:41:28Z,Day3
Right,KnowledgeableJellyfish,0,113007200701283328,TenderMoose,0,2024-08-22T19:42:35Z,Day3
Right,KnowledgeableJellyfish,0,113007368964371712,Admin,NA,2024-08-22T19:42:59Z,Day3
Right,KnowledgeableJellyfish,0,113007137272670544,OptimisticTortoise,0,2024-08-22T19:43:06Z,Day3
Right,ExcellentMantis,0,113007245898851872,HeartfeltBandicoot,0,2024-08-22T19:43:07Z,Day3
Right,KnowledgeableJellyfish,0,113007038969497616,BalancedRidgeback,0,2024-08-22T19:43:13Z,Day3
Right,ExcellentMantis,0,113007345163159968,InsightfulEagle,1,2024-08-22T19:43:32Z,Day3
Right,KnowledgeableJellyfish,0,113007345163159968,InsightfulEagle,1,2024-08-22T19:44:42Z,Day3
Right,KnowledgeableJellyfish,0,113007307991437872,InsightfulEagle,1,2024-08-22T19:44:58Z,Day3
Right,KnowledgeableJellyfish,0,113007036424276672,SympatheticWoodpecker,0,2024-08-22T19:47:41Z,Day3
Right,PassionateAlligator,0,113007375824964080,CarefreeDragon,0,2024-08-22T19:48:25Z,Day3
Right,KnowledgeableJellyfish,0,113007390032288848,InsightfulEagle,1,2024-08-22T19:49:12Z,Day3
Right,OutstandingSeahorse,0,113007358439754848,AffectionateWhale,0,2024-08-22T19:51:47Z,Day3
Right,Admin,NA,113007399304680560,HeartfeltBandicoot,0,2024-08-22T19:51:55Z,Day3
Right,LaudableStingray,0,113002463951467712,LightheartedEmu,0,2024-08-22T19:54:37Z,Day3
Right,WelcomingFrog,0,113007340725388736,CharitableGoat,0,2024-08-22T20:00:47Z,Day3
Right,VirtuousArmadillo,0,113007340725388736,CharitableGoat,0,2024-08-22T20:00:48Z,Day3
Right,VirtuousArmadillo,0,113006834111966432,PassionateAlligator,0,2024-08-22T20:01:16Z,Day3
Right,VirtuousArmadillo,0,113007109732224768,HeartfeltBandicoot,0,2024-08-22T20:01:48Z,Day3
Right,VirtuousArmadillo,0,113007410049198144,CarefreeDragon,0,2024-08-22T20:06:01Z,Day3
Right,PassionateAlligator,0,113007399304680560,HeartfeltBandicoot,0,2024-08-22T20:14:18Z,Day3
Right,CarefreeDragon,0,113007476072984112,VirtuousArmadillo,0,2024-08-22T20:15:57Z,Day3
Right,CarefreeDragon,0,113006452454102480,VirtuousArmadillo,0,2024-08-22T20:18:41Z,Day3
Right,DevotedDolphin,0,113007368964371712,Admin,NA,2024-08-22T20:18:49Z,Day3
Right,SplendidCockatoo,0,113007435357967984,WelcomingFrog,0,2024-08-22T20:20:41Z,Day3
Right,SplendidCockatoo,0,113007410049198144,CarefreeDragon,0,2024-08-22T20:21:18Z,Day3
Right,SplendidCockatoo,0,113007514895356832,EnrichingLorikeet,0,2024-08-22T20:22:19Z,Day3
Right,SplendidCockatoo,0,113007340725388736,CharitableGoat,0,2024-08-22T20:23:12Z,Day3
Right,CarefreeDragon,0,113007390032288848,InsightfulEagle,1,2024-08-22T20:30:05Z,Day3
Right,ImpressiveBison,0,113005820726873856,TenderMoose,0,2024-08-22T20:33:06Z,Day3
Right,ConfidentWildebeest,0,113007576816400240,ImpressiveBison,0,2024-08-22T20:33:30Z,Day3
Right,SplendidCockatoo,0,113007569093655360,CarefreeDragon,0,2024-08-22T20:34:08Z,Day3
Right,BubblyDog,0,113007209969041520,TenderMoose,0,2024-08-22T20:36:11Z,Day3
Right,VirtuousArmadillo,0,113007518838991664,CarefreeDragon,0,2024-08-22T20:38:07Z,Day3
Right,VirtuousArmadillo,0,113007569093655360,CarefreeDragon,0,2024-08-22T20:38:31Z,Day3
Right,ConfidentWildebeest,0,113007305128735888,CharitableGoat,0,2024-08-22T20:38:50Z,Day3
Right,VirtuousArmadillo,0,113006474298830992,ObservantBadger,0,2024-08-22T20:39:03Z,Day3
Right,GratefulChicken,0,113007340725388736,CharitableGoat,0,2024-08-22T20:41:18Z,Day3
Right,VirtuousArmadillo,0,113003758079341312,PassionateAlligator,0,2024-08-22T20:41:34Z,Day3
Right,PassionateAlligator,0,113007614458494736,KindheartedPuma,0,2024-08-22T20:43:18Z,Day3
Right,PassionateAlligator,0,113007619224805968,VirtuousArmadillo,0,2024-08-22T20:44:07Z,Day3
Right,VirtuousArmadillo,0,113007621402228368,PassionateAlligator,0,2024-08-22T20:45:22Z,Day3
Right,VirtuousArmadillo,0,113007625815759520,DiligentEgret,0,2024-08-22T20:45:41Z,Day3
Right,ImpressiveBison,0,113007340725388736,CharitableGoat,0,2024-08-22T20:48:44Z,Day3
Right,ImpressiveBison,0,113006427154585968,ConfidentWildebeest,0,2024-08-22T20:48:55Z,Day3
Right,VirtuousArmadillo,0,113007637421981824,WholesomeSparrow,0,2024-08-22T20:49:02Z,Day3
Right,ConfidentWildebeest,0,113007648653138176,ImpressiveBison,0,2024-08-22T20:51:40Z,Day3
Right,VirtuousArmadillo,0,113007682718564832,ConfidentWildebeest,0,2024-08-22T21:00:17Z,Day3
Right,DiligentEgret,0,113007682718564832,ConfidentWildebeest,0,2024-08-22T21:03:38Z,Day3
Right,ImpressiveBison,0,113007656610051104,ConfidentWildebeest,0,2024-08-22T21:04:32Z,Day3
Right,DiligentEgret,0,113007666363428624,LovingFireworm,0,2024-08-22T21:05:50Z,Day3
Right,DiligentEgret,0,113007682552131088,KindheartedPuma,0,2024-08-22T21:05:59Z,Day3
Right,EloquentBumblebee,0,113007432563962832,CarefreeDragon,0,2024-08-22T21:06:05Z,Day3
Right,ConfidentWildebeest,0,113007625815759520,DiligentEgret,0,2024-08-22T21:08:38Z,Day3
Right,EloquentBumblebee,0,113007037128944928,EagerLamb,0,2024-08-22T21:10:02Z,Day3
Right,DevotedDolphin,0,113007600883646928,GratefulChicken,0,2024-08-22T21:15:47Z,Day3
Right,DaringKookaburra,0,113007682718564832,ConfidentWildebeest,0,2024-08-22T21:23:02Z,Day3
Right,ConfidentWildebeest,0,113007777199057520,VirtuousArmadillo,0,2024-08-22T21:24:48Z,Day3
Right,BrightNewt,0,113007426756535184,InsightfulEagle,1,2024-08-22T21:29:07Z,Day3
Right,BrightNewt,0,113007390032288848,InsightfulEagle,1,2024-08-22T21:29:42Z,Day3
Right,ConfidentWildebeest,0,113007037128944928,EagerLamb,0,2024-08-22T21:29:44Z,Day3
Right,VirtuousArmadillo,0,113007799905424592,SympatheticWoodpecker,0,2024-08-22T21:29:46Z,Day3
Right,BrightNewt,0,113007345163159968,InsightfulEagle,1,2024-08-22T21:30:02Z,Day3
Right,BrightNewt,0,113007307991437872,InsightfulEagle,1,2024-08-22T21:30:37Z,Day3
Right,VirtuousArmadillo,0,113007714650762384,ConfidentWildebeest,0,2024-08-22T21:30:39Z,Day3
Right,VirtuousArmadillo,0,113007702490012768,ConfidentWildebeest,0,2024-08-22T21:30:50Z,Day3
Right,AffectionateWhale,0,113007534578484016,SplendidCockatoo,0,2024-08-22T21:34:24Z,Day3
Right,JudiciousFox,0,113006973899342528,DaringKookaburra,0,2024-08-22T21:36:11Z,Day3
Right,EloquentBumblebee,0,113007819483425248,ConfidentWildebeest,0,2024-08-22T21:37:24Z,Day3
Right,BrightNewt,0,113006626463715168,InsightfulEagle,1,2024-08-22T21:37:28Z,Day3
Right,CreativePossum,0,113002818053751008,LavishPorpoise,0,2024-08-22T21:38:08Z,Day3
Right,JudiciousFox,0,113007301555917008,OutstandingSeahorse,0,2024-08-22T21:39:11Z,Day3
Right,DeterminedYabby,0,113007634127967472,KindheartedPuma,0,2024-08-22T21:39:22Z,Day3
Right,EloquentBumblebee,0,113007569093655360,CarefreeDragon,0,2024-08-22T21:40:03Z,Day3
Right,AffectionateWhale,0,113007315524505776,SplendidCockatoo,0,2024-08-22T21:40:08Z,Day3
Right,JudiciousFox,0,113006474463243904,OutstandingSeahorse,0,2024-08-22T21:40:12Z,Day3
Right,CreativePossum,0,113007794136701232,BrightNewt,0,2024-08-22T21:40:18Z,Day3
Right,CreativePossum,0,113007682718564832,ConfidentWildebeest,0,2024-08-22T21:41:29Z,Day3
Right,JudiciousFox,0,113007682718564832,ConfidentWildebeest,0,2024-08-22T21:41:32Z,Day3
Right,CreativePossum,0,113007390032288848,InsightfulEagle,1,2024-08-22T21:43:21Z,Day3
Right,DiligentEgret,0,113007824362064192,EloquentBumblebee,0,2024-08-22T21:45:54Z,Day3
Right,CreativePossum,0,113007186946378160,CooperativeTurtle,0,2024-08-22T21:46:15Z,Day3
Right,SplendidCockatoo,0,113007601593411104,ImpressiveBison,0,2024-08-22T21:46:45Z,Day3
Right,EloquentBumblebee,0,113007840900722560,CreativePossum,0,2024-08-22T21:46:50Z,Day3
Right,SplendidCockatoo,0,113007861936688368,AffectionateWhale,0,2024-08-22T21:47:13Z,Day3
Right,CreativePossum,0,113006970016682528,EagerLamb,0,2024-08-22T21:47:52Z,Day3
Right,JubilantCat,0,113007824362064192,EloquentBumblebee,0,2024-08-22T21:48:27Z,Day3
Right,CreativePossum,0,113006962614112000,DaringKookaburra,0,2024-08-22T21:48:57Z,Day3
Right,EloquentBumblebee,0,113007868070868000,DiligentEgret,0,2024-08-22T21:48:57Z,Day3
Right,SplendidCockatoo,0,113007682718564832,ConfidentWildebeest,0,2024-08-22T21:49:27Z,Day3
Right,SplendidCockatoo,0,113007634127967472,KindheartedPuma,0,2024-08-22T21:50:07Z,Day3
Right,JustJaguar,0,113007682718564832,ConfidentWildebeest,0,2024-08-22T21:51:47Z,Day3
Right,BlissfulGorilla,0,113007884712804832,Admin,NA,2024-08-22T21:51:55Z,Day3
Right,JudiciousFox,0,113007625815759520,DiligentEgret,0,2024-08-22T21:52:19Z,Day3
Right,ConfidentWildebeest,0,113007839571067296,EloquentBumblebee,0,2024-08-22T21:54:39Z,Day3
Right,SupportiveRhinoceros,0,113002256797992736,DeterminedYabby,0,2024-08-22T21:54:56Z,Day3
Right,SupportiveRhinoceros,0,113002302458871024,HonestLion,0,2024-08-22T21:54:57Z,Day3
Right,EloquentBumblebee,0,113007893087000144,SplendidCockatoo,0,2024-08-22T21:55:30Z,Day3
Right,EagerLamb,0,113007784541372160,EloquentBumblebee,0,2024-08-22T21:56:03Z,Day3
Right,CreativePossum,0,113005781218792000,OutstandingSeahorse,0,2024-08-22T21:56:14Z,Day3
Right,SupportiveRhinoceros,0,113005867791032224,HappyPigeon,0,2024-08-22T21:56:14Z,Day3
Right,EsteemedNumbat,0,113007634127967472,KindheartedPuma,0,2024-08-22T21:56:45Z,Day3
Right,OptimisticTortoise,0,113007893087000144,SplendidCockatoo,0,2024-08-22T21:57:10Z,Day3
Right,AffectionateWhale,0,113006920793359616,PassionateAlligator,0,2024-08-22T21:57:11Z,Day3
Right,EagerLamb,0,113002426557801712,SplendidCockatoo,0,2024-08-22T21:57:12Z,Day3
Right,OptimisticTortoise,0,113007824362064192,EloquentBumblebee,0,2024-08-22T21:57:17Z,Day3
Right,Admin,NA,113007895542505408,BlissfulGorilla,0,2024-08-22T21:57:29Z,Day3
Right,EsteemedNumbat,0,113006291418762560,AdaptablePorcupine,0,2024-08-22T22:00:06Z,Day3
Right,CreativePossum,0,113003138570988864,EsteemedNumbat,0,2024-08-22T22:00:53Z,Day3
Right,CreativePossum,0,113002962675542864,CleverPelican,0,2024-08-22T22:02:26Z,Day3
Right,EloquentBumblebee,0,113007928481707376,VibrantGrizzly,0,2024-08-22T22:03:36Z,Day3
Right,CreativePossum,0,113002903678836080,SympatheticWoodpecker,0,2024-08-22T22:05:23Z,Day3
Right,VibrantGrizzly,0,113007702490012768,ConfidentWildebeest,0,2024-08-22T22:05:25Z,Day3
Right,VibrantGrizzly,0,113007941890829424,EloquentBumblebee,0,2024-08-22T22:05:55Z,Day3
Right,EsteemedNumbat,0,113007426756535184,InsightfulEagle,1,2024-08-22T22:06:06Z,Day3
Right,SupportiveRhinoceros,0,113007893087000144,SplendidCockatoo,0,2024-08-22T22:06:10Z,Day3
Right,EsteemedNumbat,0,113007410049198144,CarefreeDragon,0,2024-08-22T22:06:16Z,Day3
Right,EloquentBumblebee,0,113007939130005040,ConfidentWildebeest,0,2024-08-22T22:06:39Z,Day3
Right,PassionateAlligator,0,113007119589978336,SplendidCockatoo,0,2024-08-22T22:07:07Z,Day3
Right,PassionateAlligator,0,113007109732224768,HeartfeltBandicoot,0,2024-08-22T22:07:19Z,Day3
Right,ConfidentWildebeest,0,113007934929440368,EsteemedNumbat,0,2024-08-22T22:07:27Z,Day3
Right,SupportiveRhinoceros,0,113006970016682528,EagerLamb,0,2024-08-22T22:10:19Z,Day3
Right,SupportiveRhinoceros,0,113006979034647392,KnowledgeableJellyfish,0,2024-08-22T22:10:32Z,Day3
Right,EsteemedNumbat,0,113007010642455456,ResilientOtter,0,2024-08-22T22:10:50Z,Day3
Right,EsteemedNumbat,0,113006996645636272,SympatheticWoodpecker,0,2024-08-22T22:10:58Z,Day3
Right,EloquentBumblebee,0,113007948845606464,JollyOctopus,0,2024-08-22T22:11:05Z,Day3
Right,PassionateAlligator,0,113007960559307552,AffectionateWhale,0,2024-08-22T22:11:39Z,Day3
Right,EsteemedNumbat,0,113006834111966432,PassionateAlligator,0,2024-08-22T22:12:26Z,Day3
Right,EsteemedNumbat,0,113007934929440368,EsteemedNumbat,0,2024-08-22T22:12:52Z,Day3
Right,PassionateAlligator,0,113007893087000144,SplendidCockatoo,0,2024-08-22T22:13:18Z,Day3
Right,EsteemedNumbat,0,113006565488876448,AffectionateWhale,0,2024-08-22T22:14:13Z,Day3
Right,NobleLobster,0,113007235657544288,TenderMoose,0,2024-08-22T22:15:57Z,Day3
Right,NobleLobster,0,113003973484341152,InnovativeGrasshopper,0,2024-08-22T22:16:01Z,Day3
Right,JollyOctopus,0,113007327359695728,InsightfulEagle,1,2024-08-22T22:20:03Z,Day3
Right,JollyOctopus,0,113007358560282256,DaringKookaburra,0,2024-08-22T22:20:20Z,Day3
Right,JollyOctopus,0,113007020897107648,KnowledgeableJellyfish,0,2024-08-22T22:25:05Z,Day3
Right,GratefulChicken,0,113008003602609264,EloquentBumblebee,0,2024-08-22T22:26:14Z,Day3
Right,NobleLobster,0,113008003602609264,EloquentBumblebee,0,2024-08-22T22:26:56Z,Day3
Right,OutstandingSeahorse,0,113007836101999408,JudiciousFox,0,2024-08-22T22:29:28Z,Day3
Right,PassionateAlligator,0,113008040094609296,AffectionateWhale,0,2024-08-22T22:32:18Z,Day3
Right,EloquentBumblebee,0,113008024772689072,NobleLobster,0,2024-08-22T22:32:57Z,Day3
Right,PassionateAlligator,0,113008050312279360,AffectionateWhale,0,2024-08-22T22:33:47Z,Day3
Right,GraciousHyena,0,113007824362064192,EloquentBumblebee,0,2024-08-22T22:33:55Z,Day3
Right,NobleLobster,0,113007682718564832,ConfidentWildebeest,0,2024-08-22T22:34:00Z,Day3
Right,GraciousHyena,0,113007186946378160,CooperativeTurtle,0,2024-08-22T22:34:38Z,Day3
Right,GraciousHyena,0,113005867791032224,HappyPigeon,0,2024-08-22T22:35:08Z,Day3
Right,EloquentBumblebee,0,113008058301553152,NobleLobster,0,2024-08-22T22:35:47Z,Day3
Right,GraciousHyena,0,113002422185887376,SplendidCockatoo,0,2024-08-22T22:36:00Z,Day3
Right,AffectionateWhale,0,113008052740780400,PassionateAlligator,0,2024-08-22T22:36:06Z,Day3
Right,SplendidCockatoo,0,113008042343698784,GraciousHyena,0,2024-08-22T22:36:15Z,Day3
Right,SplendidCockatoo,0,113008003602609264,EloquentBumblebee,0,2024-08-22T22:36:23Z,Day3
Right,GraciousHyena,0,113007137272670544,OptimisticTortoise,0,2024-08-22T22:36:48Z,Day3
Right,EloquentBumblebee,0,113008042343698784,GraciousHyena,0,2024-08-22T22:37:40Z,Day3
Right,KnowledgeableJellyfish,0,113007666363428624,LovingFireworm,0,2024-08-22T22:43:46Z,Day3
Right,GraciousHyena,0,113008075959197264,CreativePossum,0,2024-08-22T22:45:01Z,Day3
Right,GraciousHyena,0,113008086716238064,EloquentBumblebee,0,2024-08-22T22:45:02Z,Day3
Right,ConfidentWildebeest,0,113008052569631296,NobleLobster,0,2024-08-22T22:47:37Z,Day3
Right,KnowledgeableJellyfish,0,113008079702752832,RelaxedDragonfly,1,2024-08-22T22:47:39Z,Day3
Right,GraciousHyena,0,113006834111966432,PassionateAlligator,0,2024-08-22T22:48:47Z,Day3
Right,GraciousHyena,0,113006826185263440,TrustworthySquid,0,2024-08-22T22:48:51Z,Day3
Right,NobleLobster,0,113008093606266672,RelaxedDragonfly,1,2024-08-22T22:49:05Z,Day3
Right,EloquentBumblebee,0,113008101560203280,KnowledgeableJellyfish,0,2024-08-22T22:49:11Z,Day3
Right,OutstandingSeahorse,0,113007904168843312,CreativePossum,0,2024-08-22T22:49:15Z,Day3
Right,GentleTrout,0,113008111792478352,OutstandingSeahorse,0,2024-08-22T22:49:59Z,Day3
Right,KnowledgeableJellyfish,0,113008120295537264,EloquentBumblebee,0,2024-08-22T22:51:37Z,Day3
Right,EloquentBumblebee,0,113008093606266672,RelaxedDragonfly,1,2024-08-22T22:51:39Z,Day3
Right,GentleTrout,0,113007682718564832,ConfidentWildebeest,0,2024-08-22T22:53:10Z,Day3
Right,EloquentBumblebee,0,113008125317254224,KnowledgeableJellyfish,0,2024-08-22T22:54:18Z,Day3
Right,CreativePossum,0,113008101560203280,KnowledgeableJellyfish,0,2024-08-22T22:55:14Z,Day3
Right,KnowledgeableJellyfish,0,113008134651726752,UnderstandingKingfisher,0,2024-08-22T22:55:28Z,Day3
Right,ConfidentWildebeest,0,113007865120436400,SplendidCockatoo,0,2024-08-22T22:56:03Z,Day3
Right,GentleTrout,0,113007893087000144,SplendidCockatoo,0,2024-08-22T22:56:05Z,Day3
Right,EloquentBumblebee,0,113008132554881344,RelaxedDragonfly,1,2024-08-22T22:56:21Z,Day3
Right,ConfidentWildebeest,0,113007840354255792,AffectionateWhale,0,2024-08-22T22:56:24Z,Day3
Right,KnowledgeableJellyfish,0,113008141553664224,CreativePossum,0,2024-08-22T22:56:47Z,Day3
Right,EloquentBumblebee,0,113008111792478352,OutstandingSeahorse,0,2024-08-22T22:56:57Z,Day3
Right,CreativePossum,0,113008120712273424,OutstandingSeahorse,0,2024-08-22T22:57:20Z,Day3
Right,KnowledgeableJellyfish,0,113008144382017600,RelaxedDragonfly,1,2024-08-22T22:57:44Z,Day3
Right,CreativePossum,0,113008144382017600,RelaxedDragonfly,1,2024-08-22T22:58:18Z,Day3
Right,EloquentBumblebee,0,113008144382017600,RelaxedDragonfly,1,2024-08-22T22:58:24Z,Day3
Right,HonestLion,0,113008144382017600,RelaxedDragonfly,1,2024-08-22T22:58:45Z,Day3
Right,ConfidentWildebeest,0,113008150325882704,UnderstandingKingfisher,0,2024-08-22T22:59:15Z,Day3
Right,SplendidCockatoo,0,113008113220044000,CalmLynx,0,2024-08-22T23:01:15Z,Day3
Right,EloquentBumblebee,0,113008153021724320,DazzlingManatee,0,2024-08-22T23:02:00Z,Day3
Right,HonestLion,0,113008101560203280,KnowledgeableJellyfish,0,2024-08-22T23:02:47Z,Day3
Right,HonestLion,0,113008093606266672,RelaxedDragonfly,1,2024-08-22T23:02:59Z,Day3
Right,HonestLion,0,113008042343698784,GraciousHyena,0,2024-08-22T23:03:10Z,Day3
Right,UnderstandingKingfisher,0,113007875287067232,CreativePossum,0,2024-08-22T23:05:04Z,Day3
Right,OutstandingSeahorse,0,113008164663676928,HonestLion,0,2024-08-22T23:13:13Z,Day3
Right,OutstandingSeahorse,0,113008134301389440,CreativePossum,0,2024-08-22T23:13:34Z,Day3
Right,OutstandingSeahorse,0,113008129183276384,CalmLynx,0,2024-08-22T23:13:58Z,Day3
Right,OutstandingSeahorse,0,113008133013444816,NobleLobster,0,2024-08-22T23:14:01Z,Day3
Right,InspiringCrab,0,113006999790478288,EagerLamb,0,2024-08-22T23:16:48Z,Day3
Right,InspiringCrab,0,113006460577194080,JudiciousFox,0,2024-08-22T23:17:11Z,Day3
Right,GentleTrout,0,113007861936688368,AffectionateWhale,0,2024-08-22T23:17:11Z,Day3
Right,InspiringCrab,0,113006337997129184,VirtuousArmadillo,0,2024-08-22T23:17:28Z,Day3
Right,UnderstandingKingfisher,0,113008101560203280,KnowledgeableJellyfish,0,2024-08-22T23:20:28Z,Day3
Right,JoyousWallaby,0,113008227255137920,RemarkableGopher,1,2024-08-22T23:21:44Z,Day3
Right,JoyousWallaby,0,113008169807817760,EloquentBumblebee,0,2024-08-22T23:21:51Z,Day3
Right,GloriousSeal,0,113007410049198144,CarefreeDragon,0,2024-08-22T23:22:55Z,Day3
Right,KnowledgeableJellyfish,0,113008235163131680,CalmLynx,0,2024-08-22T23:23:24Z,Day3
Right,SplendidCockatoo,0,113008243601696544,PlayfulGecko,0,2024-08-22T23:23:47Z,Day3
Right,JoyousWallaby,0,113007358560282256,DaringKookaburra,0,2024-08-22T23:23:56Z,Day3
Right,SplendidCockatoo,0,113008235163131680,CalmLynx,0,2024-08-22T23:24:03Z,Day3
Right,InspiringCrab,0,113006209715458432,ConfidentWildebeest,0,2024-08-22T23:24:34Z,Day3
Right,KnowledgeableJellyfish,0,113008169807817760,EloquentBumblebee,0,2024-08-22T23:24:42Z,Day3
Right,JoyousWallaby,0,113008240888515808,RemarkableGopher,1,2024-08-22T23:24:56Z,Day3
Right,ImpressiveBison,0,113008235163131680,CalmLynx,0,2024-08-22T23:24:57Z,Day3
Right,SplendidCockatoo,0,113008153021724320,DazzlingManatee,0,2024-08-22T23:24:59Z,Day3
Right,KnowledgeableJellyfish,0,112996811003768672,PatientOcelot,1,2024-08-22T23:25:25Z,Day3
Right,KnowledgeableJellyfish,0,112996961519029456,KnowledgeableJellyfish,0,2024-08-22T23:25:56Z,Day3
Right,GraciousHyena,0,113008243601696544,PlayfulGecko,0,2024-08-22T23:26:58Z,Day3
Right,InspiringCrab,0,113003903621613792,InnovativeGrasshopper,0,2024-08-22T23:26:59Z,Day3
Right,InspiringCrab,0,113003804481073696,InnovativeGrasshopper,0,2024-08-22T23:27:09Z,Day3
Right,ImpressiveBison,0,113008189339577440,BubblyDog,0,2024-08-22T23:27:15Z,Day3
Right,HeartfeltBandicoot,0,113007508324832976,PassionateAlligator,0,2024-08-22T23:27:24Z,Day3
Right,ImpressiveBison,0,113008153021724320,DazzlingManatee,0,2024-08-22T23:27:32Z,Day3
Right,InspiringCrab,0,113007305128735888,CharitableGoat,0,2024-08-22T23:27:54Z,Day3
Right,ImpressiveBison,0,113008161130499136,CalmLynx,0,2024-08-22T23:29:00Z,Day3
Right,EsteemedNumbat,0,113001925989619376,JustJaguar,0,2024-08-22T23:29:04Z,Day3
Right,KnowledgeableJellyfish,0,113008265405286784,ArtisticButterfly,1,2024-08-22T23:30:12Z,Day3
Right,InspiringCrab,0,113008243601696544,PlayfulGecko,0,2024-08-22T23:30:15Z,Day3
Right,InspiringCrab,0,113008240888515808,RemarkableGopher,1,2024-08-22T23:30:27Z,Day3
Right,GraciousHyena,0,113008180704606416,JoyousWallaby,0,2024-08-22T23:30:36Z,Day3
Right,InspiringCrab,0,113008169807817760,EloquentBumblebee,0,2024-08-22T23:31:00Z,Day3
Right,InspiringCrab,0,113008144382017600,RelaxedDragonfly,1,2024-08-22T23:31:20Z,Day3
Right,InspiringCrab,0,113008101560203280,KnowledgeableJellyfish,0,2024-08-22T23:31:54Z,Day3
Right,NobleLobster,0,113008144382017600,RelaxedDragonfly,1,2024-08-22T23:32:32Z,Day3
Right,OutstandingSeahorse,0,113008253017965248,ImpressiveBison,0,2024-08-22T23:39:37Z,Day3
Right,SplendidCockatoo,0,113008292763595232,DaringKookaburra,0,2024-08-22T23:42:25Z,Day3
Right,CalmLynx,0,113008253017965248,ImpressiveBison,0,2024-08-22T23:43:40Z,Day3
Right,CalmLynx,0,113008248545829712,KnowledgeableJellyfish,0,2024-08-22T23:43:54Z,Day3
Right,EsteemedNumbat,0,113008325727261568,FortunateWolverine,0,2024-08-22T23:45:51Z,Day3
Right,EsteemedNumbat,0,113008302118783584,InspiringCrab,0,2024-08-22T23:46:03Z,Day3
Right,JubilantCat,0,113008303892892320,DaringKookaburra,0,2024-08-22T23:46:52Z,Day3
Right,JubilantCat,0,113008302118783584,InspiringCrab,0,2024-08-22T23:47:09Z,Day3
Right,HelpfulBee,0,113008131591629472,JoyousWallaby,0,2024-08-22T23:47:50Z,Day3
Right,SplendidCockatoo,0,113008331832589072,TranquilFlamingo,0,2024-08-22T23:48:03Z,Day3
Right,JollyOctopus,0,113008342916092720,OutstandingSeahorse,0,2024-08-22T23:48:06Z,Day3
Right,InspiringCrab,0,113008342916092720,OutstandingSeahorse,0,2024-08-22T23:48:21Z,Day3
Right,JubilantCat,0,113008342916092720,OutstandingSeahorse,0,2024-08-22T23:48:37Z,Day3
Right,KnowledgeableJellyfish,0,113008342916092720,OutstandingSeahorse,0,2024-08-22T23:49:29Z,Day3
Right,KnowledgeableJellyfish,0,113008335196749680,JollyOctopus,0,2024-08-22T23:49:35Z,Day3
Right,EsteemedNumbat,0,113008342916092720,OutstandingSeahorse,0,2024-08-22T23:50:06Z,Day3
Right,KnowledgeableJellyfish,0,113008339017087600,PatientOcelot,1,2024-08-22T23:50:06Z,Day3
Right,KnowledgeableJellyfish,0,113008303892892320,DaringKookaburra,0,2024-08-22T23:50:22Z,Day3
Right,KnowledgeableJellyfish,0,113008294360890912,ArtisticButterfly,1,2024-08-22T23:50:34Z,Day3
Right,CalmLynx,0,113008342916092720,OutstandingSeahorse,0,2024-08-22T23:53:10Z,Day3
Right,JubilantCat,0,113008358924658480,KnowledgeableJellyfish,0,2024-08-22T23:54:35Z,Day3
Right,LavishPorpoise,0,113005172086223792,VibrantGrizzly,0,2024-08-22T23:57:11Z,Day3
Right,JoyousWallaby,0,113008342916092720,OutstandingSeahorse,0,2024-08-22T23:58:02Z,Day3
Right,JustJaguar,0,113008386746618208,CalmLynx,0,2024-08-23T00:05:39Z,Day4
Right,JoyousWallaby,0,113007020897107648,KnowledgeableJellyfish,0,2024-08-23T00:06:51Z,Day4
Right,LavishPorpoise,0,113007875821369248,AffectionateWhale,0,2024-08-23T00:07:07Z,Day4
Right,JustJaguar,0,113008235163131680,CalmLynx,0,2024-08-23T00:07:32Z,Day4
Right,CreativePossum,0,113008342916092720,OutstandingSeahorse,0,2024-08-23T00:07:55Z,Day4
Right,OutstandingSeahorse,0,113008363379859600,CalmLynx,0,2024-08-23T00:10:47Z,Day4
Right,OutstandingSeahorse,0,113008325727261568,FortunateWolverine,0,2024-08-23T00:11:24Z,Day4
Right,OutstandingSeahorse,0,113008480759131168,WelcomingFrog,0,2024-08-23T00:24:44Z,Day4
Right,WelcomingFrog,0,113008253017965248,ImpressiveBison,0,2024-08-23T00:26:13Z,Day4
Right,WelcomingFrog,0,113008349799715808,EsteemedNumbat,0,2024-08-23T00:27:49Z,Day4
Right,GratefulChicken,0,113008294360890912,ArtisticButterfly,1,2024-08-23T00:31:32Z,Day4
Right,WelcomingFrog,0,113007794136701232,BrightNewt,0,2024-08-23T00:32:31Z,Day4
Right,GratefulChicken,0,113008386746618208,CalmLynx,0,2024-08-23T00:34:54Z,Day4
Right,FlexiblePig,0,113008240888515808,RemarkableGopher,1,2024-08-23T00:36:52Z,Day4
Right,BrilliantOwl,0,113008332726520096,PatientOcelot,1,2024-08-23T00:38:03Z,Day4
Right,FlexiblePig,0,113008342916092720,OutstandingSeahorse,0,2024-08-23T00:41:57Z,Day4
Right,OutstandingSeahorse,0,113008526259854816,BrilliantOwl,0,2024-08-23T00:42:25Z,Day4
Right,FlexiblePig,0,113008590987858256,BrilliantOwl,0,2024-08-23T00:51:09Z,Day4
Right,FlexiblePig,0,113008101560203280,KnowledgeableJellyfish,0,2024-08-23T00:52:45Z,Day4
Right,FlexiblePig,0,113008079702752832,RelaxedDragonfly,1,2024-08-23T00:53:05Z,Day4
Right,DiligentEgret,0,113008575891684224,BrilliantOwl,0,2024-08-23T00:53:21Z,Day4
Right,DiligentEgret,0,113007892363016192,EloquentBumblebee,0,2024-08-23T00:54:20Z,Day4
Right,GratefulChicken,0,113008590987858256,BrilliantOwl,0,2024-08-23T00:54:57Z,Day4
Right,Admin,NA,113008590987858256,BrilliantOwl,0,2024-08-23T00:54:58Z,Day4
Right,ImpressiveBison,0,113008590987858256,BrilliantOwl,0,2024-08-23T00:56:34Z,Day4
Right,ImpressiveBison,0,113008602535850880,GratefulChicken,0,2024-08-23T00:56:35Z,Day4
Right,ImpressiveBison,0,113008306348342544,CalmLynx,0,2024-08-23T00:58:56Z,Day4
Right,ImpressiveBison,0,113008386746618208,CalmLynx,0,2024-08-23T00:59:06Z,Day4
Right,ImpressiveBison,0,113008632206129664,SplendidCockatoo,0,2024-08-23T01:01:45Z,Day4
Right,BrilliantOwl,0,113008614659135232,ImpressiveBison,0,2024-08-23T01:02:40Z,Day4
Right,CharismaticCamel,0,113003526858585408,AffectionateWhale,0,2024-08-23T01:03:39Z,Day4
Right,SplendidCockatoo,0,113008642247453456,DevotedDolphin,0,2024-08-23T01:04:52Z,Day4
Right,CharismaticCamel,0,113008590987858256,BrilliantOwl,0,2024-08-23T01:05:12Z,Day4
Right,CharismaticCamel,0,113008514922675280,RadiantFalcon,0,2024-08-23T01:06:06Z,Day4
Right,BrilliantOwl,0,113008042343698784,GraciousHyena,0,2024-08-23T01:06:19Z,Day4
Right,CharismaticCamel,0,113008342916092720,OutstandingSeahorse,0,2024-08-23T01:09:27Z,Day4
Right,InnovativeGrasshopper,0,113007127767525664,BalancedRidgeback,0,2024-08-23T01:14:44Z,Day4
Right,CharismaticCamel,0,113008626424577360,RadiantFalcon,0,2024-08-23T01:19:00Z,Day4
Right,CharismaticCamel,0,113008613132472144,SympatheticWoodpecker,0,2024-08-23T01:19:17Z,Day4
Right,GraciousHyena,0,113008278667491152,FortunateWolverine,0,2024-08-23T01:19:19Z,Day4
Right,GraciousHyena,0,113008658357061696,BrilliantOwl,0,2024-08-23T01:19:21Z,Day4
Right,CharismaticCamel,0,113008534262010272,WelcomingFrog,0,2024-08-23T01:19:35Z,Day4
Right,CharismaticCamel,0,113008331832589072,TranquilFlamingo,0,2024-08-23T01:20:12Z,Day4
Right,CharismaticCamel,0,113008243601696544,PlayfulGecko,0,2024-08-23T01:20:39Z,Day4
Right,CharismaticCamel,0,113008215220451488,RadiantFalcon,0,2024-08-23T01:21:37Z,Day4
Right,InnovativeGrasshopper,0,113008358924658480,KnowledgeableJellyfish,0,2024-08-23T01:23:57Z,Day4
Right,InnovativeGrasshopper,0,113008342916092720,OutstandingSeahorse,0,2024-08-23T01:24:03Z,Day4
Right,CharismaticCamel,0,113007639351736496,VirtuousArmadillo,0,2024-08-23T01:24:35Z,Day4
Right,CharismaticCamel,0,113007850443963696,DiligentEgret,0,2024-08-23T01:25:34Z,Day4
Right,CharismaticCamel,0,112996656866770032,JustJaguar,0,2024-08-23T01:27:54Z,Day4
Right,CharismaticCamel,0,112996606850820256,GraciousHyena,0,2024-08-23T01:28:27Z,Day4
Right,CharismaticCamel,0,113006679956852528,JustJaguar,0,2024-08-23T01:29:48Z,Day4
Right,CharismaticCamel,0,113007358439754848,AffectionateWhale,0,2024-08-23T01:31:42Z,Day4
Right,CharismaticCamel,0,113006622854058080,AffectionateWhale,0,2024-08-23T01:31:51Z,Day4
Right,CharismaticCamel,0,113001387344169072,CharitableGoat,0,2024-08-23T01:34:20Z,Day4
Right,CharismaticCamel,0,112996640983349040,DiligentEgret,0,2024-08-23T01:36:37Z,Day4
Right,ReliableCheetah,0,113008811985312832,EnchantingHawk,0,2024-08-23T01:47:38Z,Day4
Right,CalmLynx,0,113008631828187392,ImpressiveBison,0,2024-08-23T01:52:43Z,Day4
Right,FlexiblePig,0,113008665537523488,InnovativeGrasshopper,0,2024-08-23T02:02:48Z,Day4
Right,FlexiblePig,0,113008769548886720,EnchantingHawk,0,2024-08-23T02:03:02Z,Day4
Right,ExcellentMantis,0,113008811985312832,EnchantingHawk,0,2024-08-23T02:03:21Z,Day4
Right,ExcellentMantis,0,113008642899531184,BrilliantOwl,0,2024-08-23T02:06:01Z,Day4
Right,CourageousBilby,0,113008974095754144,EmpatheticWalrus,0,2024-08-23T02:31:37Z,Day4
Right,CourageousBilby,0,113008614834298576,InnovativeGrasshopper,0,2024-08-23T02:33:17Z,Day4
Right,CourageousBilby,0,113009000633450912,LavishPorpoise,0,2024-08-23T02:38:33Z,Day4
Right,CourageousBilby,0,113008995108573424,EmpatheticWalrus,0,2024-08-23T02:38:38Z,Day4
Right,CourageousBilby,0,113008885553516432,AmazingHorse,0,2024-08-23T02:39:02Z,Day4
Right,AmbitiousKoala,0,113009013484056352,CourageousBilby,0,2024-08-23T02:39:31Z,Day4
Right,SplendidCockatoo,0,113009013530207072,LavishPorpoise,0,2024-08-23T02:39:42Z,Day4
Right,CourageousBilby,0,113008613132472144,SympatheticWoodpecker,0,2024-08-23T02:39:46Z,Day4
Right,CourageousBilby,0,113008358924658480,KnowledgeableJellyfish,0,2024-08-23T02:40:21Z,Day4
Right,CourageousBilby,0,113008079702752832,RelaxedDragonfly,1,2024-08-23T02:42:35Z,Day4
Right,CourageousBilby,0,113007426756535184,InsightfulEagle,1,2024-08-23T02:44:14Z,Day4
Right,CourageousBilby,0,113007345163159968,InsightfulEagle,1,2024-08-23T02:46:36Z,Day4
Right,SplendidCockatoo,0,113009022828192112,GenerousEchidna,0,2024-08-23T02:47:40Z,Day4
Right,ExcellentMantis,0,113009052695480000,DevotedDolphin,0,2024-08-23T02:50:42Z,Day4
Right,CourageousBilby,0,113005781218792000,OutstandingSeahorse,0,2024-08-23T02:57:31Z,Day4
Right,QualifiedSalamander,0,113006996645636272,SympatheticWoodpecker,0,2024-08-23T03:11:45Z,Day4
Right,QualifiedSalamander,0,113002903678836080,SympatheticWoodpecker,0,2024-08-23T03:18:59Z,Day4
Right,RadiantFalcon,0,113009022828192112,GenerousEchidna,0,2024-08-23T03:19:09Z,Day4
Right,MarvelousHare,0,113003317094871536,HeartfeltBandicoot,0,2024-08-23T03:21:28Z,Day4
Right,QualifiedSalamander,0,113002413648716368,WelcomingFrog,0,2024-08-23T03:21:28Z,Day4
Right,MarvelousHare,0,113003054814432928,ImpressiveBison,0,2024-08-23T03:21:40Z,Day4
Right,RadiantFalcon,0,113008950992992416,DaringKookaburra,0,2024-08-23T03:23:37Z,Day4
Right,QualifiedSalamander,0,113001877636398464,RemarkableGopher,1,2024-08-23T03:24:22Z,Day4
Right,MarvelousHare,0,113009020164079488,ExcellentMantis,0,2024-08-23T03:56:31Z,Day4
Right,MarvelousHare,0,113009069125847600,DaringKookaburra,0,2024-08-23T03:56:39Z,Day4
Right,CalmLynx,0,113008898145441056,SplendidCockatoo,0,2024-08-23T03:56:45Z,Day4
Right,SplendidCockatoo,0,113009319610865392,QualifiedSalamander,0,2024-08-23T03:57:52Z,Day4
Right,SplendidCockatoo,0,113009316867262560,QualifiedSalamander,0,2024-08-23T03:57:53Z,Day4
Right,SplendidCockatoo,0,113009332376889200,CalmLynx,0,2024-08-23T03:59:49Z,Day4
Right,MarvelousHare,0,113008950992992416,DaringKookaburra,0,2024-08-23T04:01:25Z,Day4
Right,MarvelousHare,0,113008964014273920,LavishPorpoise,0,2024-08-23T04:01:34Z,Day4
Right,MarvelousHare,0,113008987416866896,EmpatheticWalrus,0,2024-08-23T04:01:41Z,Day4
Right,SplendidCockatoo,0,113009325626596880,QualifiedSalamander,0,2024-08-23T04:05:55Z,Day4
Right,JubilantCat,0,113009312022462464,LavishPorpoise,0,2024-08-23T04:08:09Z,Day4
Right,WelcomingFrog,0,113008626424577360,RadiantFalcon,0,2024-08-23T04:16:20Z,Day4
Right,CalmLynx,0,113009305700597328,MarvelousHare,0,2024-08-23T04:19:45Z,Day4
Right,MarvelousHare,0,113008885553516432,AmazingHorse,0,2024-08-23T04:21:50Z,Day4
Right,DiligentEgret,0,113009312022462464,LavishPorpoise,0,2024-08-23T04:22:02Z,Day4
Right,AffectionateWhale,0,113009305700597328,MarvelousHare,0,2024-08-23T04:28:11Z,Day4
Right,MarvelousHare,0,113008645138230160,SplendidCockatoo,0,2024-08-23T04:32:59Z,Day4
Right,AffectionateWhale,0,113009032997104880,SplendidCockatoo,0,2024-08-23T04:33:07Z,Day4
Right,AffectionateWhale,0,113009068029094976,DeterminedYabby,0,2024-08-23T04:33:09Z,Day4
Right,WelcomingFrog,0,113008747383089376,SplendidCockatoo,0,2024-08-23T04:34:13Z,Day4
Right,AffectionateWhale,0,113008898145441056,SplendidCockatoo,0,2024-08-23T04:36:27Z,Day4
Right,AffectionateWhale,0,113008747383089376,SplendidCockatoo,0,2024-08-23T04:55:58Z,Day4
Right,AffectionateWhale,0,113009451897637792,WelcomingFrog,0,2024-08-23T04:59:59Z,Day4
Right,AffectionateWhale,0,113008590987858256,BrilliantOwl,0,2024-08-23T05:01:54Z,Day4
Right,AffectionateWhale,0,113008908441161504,SplendidCockatoo,0,2024-08-23T05:12:23Z,Day4
Right,AffectionateWhale,0,113008639390493248,SplendidCockatoo,0,2024-08-23T05:14:00Z,Day4
Right,AffectionateWhale,0,113008253017965248,ImpressiveBison,0,2024-08-23T05:18:16Z,Day4
Right,AffectionateWhale,0,113009312022462464,LavishPorpoise,0,2024-08-23T05:32:15Z,Day4
Right,DiligentEgret,0,113008885553516432,AmazingHorse,0,2024-08-23T06:38:45Z,Day4
Right,GratefulChicken,0,113009316867262560,QualifiedSalamander,0,2024-08-23T07:09:11Z,Day4
Right,GratefulChicken,0,113009319610865392,QualifiedSalamander,0,2024-08-23T07:09:12Z,Day4
Right,GratefulChicken,0,113009325626596880,QualifiedSalamander,0,2024-08-23T07:09:13Z,Day4
Right,CharitableGoat,0,113007955849833360,EsteemedNumbat,0,2024-08-23T08:35:28Z,Day4
Right,CharitableGoat,0,113008514922675280,RadiantFalcon,0,2024-08-23T08:45:21Z,Day4
Right,OptimisticTortoise,0,113008626424577360,RadiantFalcon,0,2024-08-23T10:51:36Z,Day4
Right,OptimisticTortoise,0,113008514922675280,RadiantFalcon,0,2024-08-23T10:51:44Z,Day4
Right,OptimisticTortoise,0,113008398053497888,LightheartedEmu,0,2024-08-23T10:52:13Z,Day4
Right,OptimisticTortoise,0,113008342916092720,OutstandingSeahorse,0,2024-08-23T10:52:20Z,Day4
Right,MagnificentBuffalo,0,113009312022462464,LavishPorpoise,0,2024-08-23T11:42:02Z,Day4
Right,MagnificentBuffalo,0,113009523978655120,AffectionateWhale,0,2024-08-23T11:52:03Z,Day4
Right,HonestLion,0,113008282791839264,OutstandingSeahorse,0,2024-08-23T12:11:45Z,Day4
Right,JubilantCat,0,113011197940971376,InsightfulEagle,1,2024-08-23T12:13:02Z,Day4
Right,KnowledgeableJellyfish,0,113011195422170736,HappyPigeon,0,2024-08-23T12:15:31Z,Day4
Right,KnowledgeableJellyfish,0,113009289482568080,DiligentEgret,0,2024-08-23T12:16:12Z,Day4
Right,KnowledgeableJellyfish,0,113011197940971376,InsightfulEagle,1,2024-08-23T12:16:53Z,Day4
Right,KnowledgeableJellyfish,0,113009312022462464,LavishPorpoise,0,2024-08-23T12:17:41Z,Day4
Right,HonestLion,0,113008885553516432,AmazingHorse,0,2024-08-23T12:22:33Z,Day4
Right,JollyOctopus,0,113009312022462464,LavishPorpoise,0,2024-08-23T12:22:45Z,Day4
Right,HonestLion,0,113008863079129920,AmazingHorse,0,2024-08-23T12:22:56Z,Day4
Right,JollyOctopus,0,113009231610662032,CleverPelican,0,2024-08-23T12:24:33Z,Day4
Right,TenderMoose,0,113007178508414528,TrustworthySquid,0,2024-08-23T12:55:27Z,Day4
Right,TenderMoose,0,113011437188653040,ArtisticButterfly,1,2024-08-23T12:56:19Z,Day4
Right,TenderMoose,0,113011390194167680,FriendlyBaboon,1,2024-08-23T12:56:39Z,Day4
Right,TenderMoose,0,113011375536822016,AwesomeDhole,0,2024-08-23T12:58:55Z,Day4
Right,TenderMoose,0,113011361510681648,JollyOctopus,0,2024-08-23T12:59:09Z,Day4
Right,TenderMoose,0,113011299436748352,KnowledgeableJellyfish,0,2024-08-23T12:59:14Z,Day4
Right,TenderMoose,0,113011197940971376,InsightfulEagle,1,2024-08-23T12:59:32Z,Day4
Right,TenderMoose,0,113009325626596880,QualifiedSalamander,0,2024-08-23T13:00:19Z,Day4
Right,TenderMoose,0,113009319610865392,QualifiedSalamander,0,2024-08-23T13:00:55Z,Day4
Right,TenderMoose,0,113009316867262560,QualifiedSalamander,0,2024-08-23T13:01:38Z,Day4
Right,TenderMoose,0,113009312022462464,LavishPorpoise,0,2024-08-23T13:02:34Z,Day4
Right,TenderMoose,0,113009289482568080,DiligentEgret,0,2024-08-23T13:03:19Z,Day4
Right,TenderMoose,0,113009273826547232,MarvelousHare,0,2024-08-23T13:04:54Z,Day4
Right,TenderMoose,0,113009261232610672,QualifiedSalamander,0,2024-08-23T13:06:07Z,Day4
Right,TenderMoose,0,113009231610662032,CleverPelican,0,2024-08-23T13:07:43Z,Day4
Right,TenderMoose,0,113009094342248640,QualifiedSalamander,0,2024-08-23T13:08:52Z,Day4
Right,TenderMoose,0,113009022828192112,GenerousEchidna,0,2024-08-23T13:09:01Z,Day4
Right,TenderMoose,0,113009013484056352,CourageousBilby,0,2024-08-23T13:09:52Z,Day4
Right,TenderMoose,0,113009000633450912,LavishPorpoise,0,2024-08-23T13:11:23Z,Day4
Right,TenderMoose,0,113008995108573424,EmpatheticWalrus,0,2024-08-23T13:11:55Z,Day4
Right,TenderMoose,0,113008974095754144,EmpatheticWalrus,0,2024-08-23T13:12:35Z,Day4
Right,TenderMoose,0,113008945336981936,LavishPorpoise,0,2024-08-23T13:14:13Z,Day4
Right,TenderMoose,0,113008924578005872,LavishPorpoise,0,2024-08-23T13:15:23Z,Day4
Right,TenderMoose,0,113008885553516432,AmazingHorse,0,2024-08-23T13:15:57Z,Day4
Right,MagnificentBuffalo,0,113011432512400736,DevotedDolphin,0,2024-08-23T13:17:05Z,Day4
Right,JubilantCat,0,113011437188653040,ArtisticButterfly,1,2024-08-23T13:17:33Z,Day4
Right,OutstandingSeahorse,0,113007625815759520,DiligentEgret,0,2024-08-23T13:21:40Z,Day4
Right,OutstandingSeahorse,0,113001895326968224,ImpressiveBison,0,2024-08-23T13:44:55Z,Day4
Right,OutstandingSeahorse,0,113011647711207488,ConfidentWildebeest,0,2024-08-23T13:49:39Z,Day4
Right,OutstandingSeahorse,0,113011678102606560,BubblyDog,0,2024-08-23T13:57:14Z,Day4
Right,ConfidentWildebeest,0,113008613132472144,SympatheticWoodpecker,0,2024-08-23T13:57:56Z,Day4
Right,BubblyDog,0,113011689733503360,OutstandingSeahorse,0,2024-08-23T14:02:45Z,Day4
Right,ConfidentWildebeest,0,113009312022462464,LavishPorpoise,0,2024-08-23T14:06:58Z,Day4
Right,LaudableStingray,0,113011527744097344,OutstandingSeahorse,0,2024-08-23T14:07:48Z,Day4
Right,OutstandingSeahorse,0,113011704406895680,BubblyDog,0,2024-08-23T14:08:20Z,Day4
Right,FlexiblePig,0,113009231610662032,CleverPelican,0,2024-08-23T14:11:00Z,Day4
Right,SplendidCockatoo,0,113011719864266880,LaudableStingray,0,2024-08-23T14:13:58Z,Day4
Right,SplendidCockatoo,0,113009455396093152,AffectionateWhale,0,2024-08-23T14:15:58Z,Day4
Right,SplendidCockatoo,0,113009409110979680,AffectionateWhale,0,2024-08-23T14:16:20Z,Day4
Right,SplendidCockatoo,0,113011750757037552,HonestLion,0,2024-08-23T14:17:02Z,Day4
Right,KnowledgeableJellyfish,0,113011548207759968,PatientOcelot,1,2024-08-23T14:18:21Z,Day4
Right,KnowledgeableJellyfish,0,113011539557470544,PatientOcelot,1,2024-08-23T14:18:28Z,Day4
Right,LaudableStingray,0,113011361510681648,JollyOctopus,0,2024-08-23T14:18:37Z,Day4
Right,SplendidCockatoo,0,113011478217846912,CourteousWombat,0,2024-08-23T14:19:18Z,Day4
Right,KnowledgeableJellyfish,0,113011647711207488,ConfidentWildebeest,0,2024-08-23T14:20:24Z,Day4
Right,KnowledgeableJellyfish,0,113011652868800816,OutstandingSeahorse,0,2024-08-23T14:21:00Z,Day4
Right,KnowledgeableJellyfish,0,113011437188653040,ArtisticButterfly,1,2024-08-23T14:22:29Z,Day4
Right,KnowledgeableJellyfish,0,113011564738688032,JollyOctopus,0,2024-08-23T14:22:35Z,Day4
Right,SplendidCockatoo,0,113011415405613648,MagnificentBuffalo,0,2024-08-23T14:22:44Z,Day4
Right,SplendidCockatoo,0,113011505733860432,SincereLadybug,0,2024-08-23T14:22:58Z,Day4
Right,SplendidCockatoo,0,113011533600256976,JubilantCat,0,2024-08-23T14:23:00Z,Day4
Right,SplendidCockatoo,0,113009687577489168,AffectionateWhale,0,2024-08-23T14:24:28Z,Day4
Right,JudiciousFox,0,113011654304970304,OutstandingSeahorse,0,2024-08-23T14:35:26Z,Day4
Right,JudiciousFox,0,113011647711207488,ConfidentWildebeest,0,2024-08-23T14:35:28Z,Day4
Right,JudiciousFox,0,113011548207759968,PatientOcelot,1,2024-08-23T14:36:04Z,Day4
Right,JudiciousFox,0,113011539557470544,PatientOcelot,1,2024-08-23T14:36:19Z,Day4
Right,JudiciousFox,0,113011527744097344,OutstandingSeahorse,0,2024-08-23T14:36:40Z,Day4
Right,JudiciousFox,0,113011564738688032,JollyOctopus,0,2024-08-23T14:37:19Z,Day4
Right,JudiciousFox,0,113011437188653040,ArtisticButterfly,1,2024-08-23T14:37:21Z,Day4
Right,WelcomingFrog,0,113011204585737056,WarmShark,0,2024-08-23T14:39:14Z,Day4
Right,OutstandingSeahorse,0,113011740229284208,BubblyDog,0,2024-08-23T14:46:13Z,Day4
Right,AdaptablePorcupine,0,113007924170938208,EsteemedNumbat,0,2024-08-23T14:51:07Z,Day4
Right,JudiciousFox,0,113011890770879760,OutstandingSeahorse,0,2024-08-23T14:51:23Z,Day4
Right,AdaptablePorcupine,0,113011745504848704,SplendidCockatoo,0,2024-08-23T14:52:45Z,Day4
Right,KnowledgeableJellyfish,0,113011890770879760,OutstandingSeahorse,0,2024-08-23T14:53:23Z,Day4
Right,OutstandingSeahorse,0,113011911287855360,KnowledgeableJellyfish,0,2024-08-23T14:55:21Z,Day4
Right,AdaptablePorcupine,0,113011538592229232,OutstandingSeahorse,0,2024-08-23T14:55:54Z,Day4
Right,OutstandingSeahorse,0,113011915541908304,JudiciousFox,0,2024-08-23T14:57:36Z,Day4
Right,BalancedRidgeback,0,113011890770879760,OutstandingSeahorse,0,2024-08-23T14:57:37Z,Day4
Right,BalancedRidgeback,0,113011838610200096,WelcomingFrog,0,2024-08-23T14:57:44Z,Day4
Right,SplendidCockatoo,0,113011910510274208,AdaptablePorcupine,0,2024-08-23T14:58:19Z,Day4
Right,BalancedRidgeback,0,113008377386668544,LavishPorpoise,0,2024-08-23T14:58:21Z,Day4
Right,BalancedRidgeback,0,113008013376908928,JollyOctopus,0,2024-08-23T14:58:22Z,Day4
Right,BalancedRidgeback,0,113007285996876896,OutstandingSeahorse,0,2024-08-23T14:58:25Z,Day4
Right,AdaptablePorcupine,0,113011478217846912,CourteousWombat,0,2024-08-23T14:58:29Z,Day4
Right,BalancedRidgeback,0,113007177812170320,JustJaguar,0,2024-08-23T14:58:34Z,Day4
Right,OutstandingSeahorse,0,113011923210848240,AdaptablePorcupine,0,2024-08-23T15:00:06Z,Day4
Right,JudiciousFox,0,113011929991721056,OutstandingSeahorse,0,2024-08-23T15:00:34Z,Day4
Right,AdaptablePorcupine,0,113011432512400736,DevotedDolphin,0,2024-08-23T15:00:40Z,Day4
Right,AdaptablePorcupine,0,113009325626596880,QualifiedSalamander,0,2024-08-23T15:02:01Z,Day4
Right,AdaptablePorcupine,0,113009312022462464,LavishPorpoise,0,2024-08-23T15:02:09Z,Day4
Right,AdaptablePorcupine,0,113011922008304480,SplendidCockatoo,0,2024-08-23T15:06:13Z,Day4
Right,AdaptablePorcupine,0,113009261232610672,QualifiedSalamander,0,2024-08-23T15:07:19Z,Day4
Right,BalancedRidgeback,0,113009013484056352,CourageousBilby,0,2024-08-23T15:09:06Z,Day4
Right,BalancedRidgeback,0,113008885553516432,AmazingHorse,0,2024-08-23T15:10:23Z,Day4
Right,AdaptablePorcupine,0,113008889927327088,SplendidCockatoo,0,2024-08-23T15:10:47Z,Day4
Right,BalancedRidgeback,0,113008856956371616,AmazingHorse,0,2024-08-23T15:11:00Z,Day4
Right,BalancedRidgeback,0,113008590987858256,BrilliantOwl,0,2024-08-23T15:12:30Z,Day4
Right,BalancedRidgeback,0,113008386746618208,CalmLynx,0,2024-08-23T15:14:28Z,Day4
Right,BalancedRidgeback,0,113008342916092720,OutstandingSeahorse,0,2024-08-23T15:14:34Z,Day4
Right,AdaptablePorcupine,0,113008613132472144,SympatheticWoodpecker,0,2024-08-23T15:17:33Z,Day4
Right,JubilantCat,0,113011922008304480,SplendidCockatoo,0,2024-08-23T15:18:06Z,Day4
Right,AdaptablePorcupine,0,113008514922675280,RadiantFalcon,0,2024-08-23T15:18:09Z,Day4
Right,JubilantCat,0,113011838610200096,WelcomingFrog,0,2024-08-23T15:18:33Z,Day4
Right,AdaptablePorcupine,0,113009573238442928,ResourcefulAntelope,0,2024-08-23T15:18:44Z,Day4
Right,AdaptablePorcupine,0,113010531869829472,CharitableGoat,0,2024-08-23T15:18:47Z,Day4
Right,JubilantCat,0,113011538592229232,OutstandingSeahorse,0,2024-08-23T15:18:48Z,Day4
Right,JudiciousFox,0,113012002151261040,BalancedRidgeback,0,2024-08-23T15:19:13Z,Day4
Right,BalancedRidgeback,0,113009312022462464,LavishPorpoise,0,2024-08-23T15:24:49Z,Day4
Right,BalancedRidgeback,0,113008613132472144,SympatheticWoodpecker,0,2024-08-23T15:25:19Z,Day4
Right,BalancedRidgeback,0,113008243601696544,PlayfulGecko,0,2024-08-23T15:25:30Z,Day4
Right,BalancedRidgeback,0,113011538592229232,OutstandingSeahorse,0,2024-08-23T15:29:11Z,Day4
Right,LaudableStingray,0,113011922008304480,SplendidCockatoo,0,2024-08-23T15:43:17Z,Day4
Right,DiligentEgret,0,113011295731374048,KnowledgeableJellyfish,0,2024-08-23T15:52:04Z,Day4
Right,JollyOctopus,0,113012137619951696,JudiciousFox,0,2024-08-23T15:53:12Z,Day4
Right,SplendidCockatoo,0,113012088319185696,ConfidentWildebeest,0,2024-08-23T15:53:15Z,Day4
Right,JollyOctopus,0,113011890770879760,OutstandingSeahorse,0,2024-08-23T15:53:54Z,Day4
Right,JollyOctopus,0,113011771795304912,KnowledgeableJellyfish,0,2024-08-23T15:55:29Z,Day4
Right,OptimisticTortoise,0,113011890770879760,OutstandingSeahorse,0,2024-08-23T15:56:14Z,Day4
Right,DiligentEgret,0,113011475693843952,TenderMoose,0,2024-08-23T15:56:31Z,Day4
Right,KnowledgeableJellyfish,0,113012149962428208,DiligentEgret,0,2024-08-23T16:00:04Z,Day4
Right,KnowledgeableJellyfish,0,113012137619951696,JudiciousFox,0,2024-08-23T16:01:13Z,Day4
Right,OptimisticTortoise,0,113011838610200096,WelcomingFrog,0,2024-08-23T16:01:27Z,Day4
Right,ObservantBadger,0,113011922008304480,SplendidCockatoo,0,2024-08-23T16:07:07Z,Day4
Right,WelcomingFrog,0,113011750757037552,HonestLion,0,2024-08-23T16:11:37Z,Day4
Right,WelcomingFrog,0,113011762309775328,SplendidCockatoo,0,2024-08-23T16:11:54Z,Day4
Right,WelcomingFrog,0,113011745504848704,SplendidCockatoo,0,2024-08-23T16:24:34Z,Day4
Right,WelcomingFrog,0,113011910510274208,AdaptablePorcupine,0,2024-08-23T16:24:35Z,Day4
Right,GraciousHyena,0,113009032850197936,CourageousBilby,0,2024-08-23T16:24:39Z,Day4
Right,GraciousHyena,0,113011233538486128,WarmShark,0,2024-08-23T16:24:41Z,Day4
Right,GraciousHyena,0,113009312022462464,LavishPorpoise,0,2024-08-23T16:26:56Z,Day4
Right,PassionateAlligator,0,113012230534796144,RemarkableGopher,1,2024-08-23T16:29:55Z,Day4
Right,ConfidentWildebeest,0,113005794831940320,BubblyDog,0,2024-08-23T16:30:53Z,Day4
Right,WelcomingFrog,0,113002828644894672,UpbeatCougar,0,2024-08-23T16:30:55Z,Day4
Right,JustJaguar,0,113011629541318256,SympatheticWoodpecker,0,2024-08-23T16:39:34Z,Day4
Right,JudiciousFox,0,113012349870204128,JustJaguar,0,2024-08-23T16:49:17Z,Day4
Right,JudiciousFox,0,113012230534796144,RemarkableGopher,1,2024-08-23T16:49:35Z,Day4
Right,VirtuousArmadillo,0,113012005799488048,BalancedRidgeback,0,2024-08-23T16:51:19Z,Day4
Right,ImpressiveBison,0,113011641341495232,BubblyDog,0,2024-08-23T16:52:51Z,Day4
Right,ImpressiveBison,0,113008932887846496,LavishPorpoise,0,2024-08-23T16:53:12Z,Day4
Right,DiligentEgret,0,113012349870204128,JustJaguar,0,2024-08-23T17:03:21Z,Day4
Right,DiligentEgret,0,113012241885664032,FriendlyBaboon,1,2024-08-23T17:10:14Z,Day4
Right,VirtuousArmadillo,0,113011838610200096,WelcomingFrog,0,2024-08-23T17:18:03Z,Day4
Right,VirtuousArmadillo,0,113011922008304480,SplendidCockatoo,0,2024-08-23T17:18:09Z,Day4
Right,VirtuousArmadillo,0,113012372802420016,ImpressiveBison,0,2024-08-23T17:21:42Z,Day4
Right,KnowledgeableJellyfish,0,113012494073334080,DiligentEgret,0,2024-08-23T17:23:37Z,Day4
Right,JubilantCat,0,113011349950927968,ConfidentWildebeest,0,2024-08-23T17:24:45Z,Day4
Right,TenderMoose,0,113012465951810512,DiligentEgret,0,2024-08-23T17:25:15Z,Day4
Right,JustJaguar,0,113012494073334080,DiligentEgret,0,2024-08-23T17:25:17Z,Day4
Right,KnowledgeableJellyfish,0,113012459117277280,JollyOctopus,0,2024-08-23T17:25:38Z,Day4
Right,EsteemedNumbat,0,113008112015128144,ConfidentWildebeest,0,2024-08-23T17:26:33Z,Day4
Right,TenderMoose,0,113012446949554000,JustJaguar,0,2024-08-23T17:27:38Z,Day4
Right,TenderMoose,0,113012439902954864,KeenCrow,0,2024-08-23T17:28:40Z,Day4
Right,TenderMoose,0,113012387694925456,AwesomeDhole,0,2024-08-23T17:29:00Z,Day4
Right,TenderMoose,0,113012349870204128,JustJaguar,0,2024-08-23T17:29:21Z,Day4
Right,TenderMoose,0,113012241885664032,FriendlyBaboon,1,2024-08-23T17:30:27Z,Day4
Right,JustJaguar,0,113012520220650560,TenderMoose,0,2024-08-23T17:31:03Z,Day4
Right,TenderMoose,0,113012230534796144,RemarkableGopher,1,2024-08-23T17:31:25Z,Day4
Right,EsteemedNumbat,0,113012508683846608,DaringKookaburra,0,2024-08-23T17:32:04Z,Day4
Right,TenderMoose,0,113012137619951696,JudiciousFox,0,2024-08-23T17:32:26Z,Day4
Right,OptimisticTortoise,0,113012372802420016,ImpressiveBison,0,2024-08-23T17:32:35Z,Day4
Right,GracefulPheasant,0,113007192194929456,TenderMoose,0,2024-08-23T17:32:49Z,Day4
Right,EsteemedNumbat,0,113012439902954864,KeenCrow,0,2024-08-23T17:33:09Z,Day4
Right,TenderMoose,0,113012135089364128,AwesomeDhole,0,2024-08-23T17:33:17Z,Day4
Right,TenderMoose,0,113012005799488048,BalancedRidgeback,0,2024-08-23T17:33:32Z,Day4
Right,EsteemedNumbat,0,113012349870204128,JustJaguar,0,2024-08-23T17:33:42Z,Day4
Right,TenderMoose,0,113011953769316768,BalancedRidgeback,0,2024-08-23T17:33:54Z,Day4
Right,EsteemedNumbat,0,113011922008304480,SplendidCockatoo,0,2024-08-23T17:34:54Z,Day4
Right,DiligentEgret,0,113012533942927616,DevotedDolphin,0,2024-08-23T17:35:17Z,Day4
Right,DiligentEgret,0,113012505237782112,JubilantCat,0,2024-08-23T17:35:45Z,Day4
Right,EsteemedNumbat,0,113011838610200096,WelcomingFrog,0,2024-08-23T17:35:54Z,Day4
Right,TenderMoose,0,113011922008304480,SplendidCockatoo,0,2024-08-23T17:36:30Z,Day4
Right,VirtuousArmadillo,0,113012349870204128,JustJaguar,0,2024-08-23T17:37:09Z,Day4
Right,TenderMoose,0,113011890770879760,OutstandingSeahorse,0,2024-08-23T17:37:48Z,Day4
Right,TenderMoose,0,113011838610200096,WelcomingFrog,0,2024-08-23T17:38:25Z,Day4
Right,TenderMoose,0,113011647711207488,ConfidentWildebeest,0,2024-08-23T17:39:44Z,Day4
Right,TenderMoose,0,113011629541318256,SympatheticWoodpecker,0,2024-08-23T17:40:17Z,Day4
Right,TenderMoose,0,113011548207759968,PatientOcelot,1,2024-08-23T17:40:34Z,Day4
Right,DaringKookaburra,0,113012549900834768,EsteemedNumbat,0,2024-08-23T17:40:37Z,Day4
Right,TenderMoose,0,113011539557470544,PatientOcelot,1,2024-08-23T17:40:51Z,Day4
Right,VirtuousArmadillo,0,113008514922675280,RadiantFalcon,0,2024-08-23T17:41:04Z,Day4
Right,TenderMoose,0,113011538592229232,OutstandingSeahorse,0,2024-08-23T17:41:04Z,Day4
Right,NotableHummingbird,0,113012439902954864,KeenCrow,0,2024-08-23T17:41:05Z,Day4
Right,VirtuousArmadillo,0,113012549900834768,EsteemedNumbat,0,2024-08-23T17:41:15Z,Day4
Right,TenderMoose,0,113011527744097344,OutstandingSeahorse,0,2024-08-23T17:41:37Z,Day4
Right,SplendidCockatoo,0,113012549900834768,EsteemedNumbat,0,2024-08-23T17:42:15Z,Day4
Right,TenderMoose,0,113011478217846912,CourteousWombat,0,2024-08-23T17:42:31Z,Day4
Right,TenderMoose,0,113007192194929456,TenderMoose,0,2024-08-23T17:42:53Z,Day4
Right,NotableHummingbird,0,113011838610200096,WelcomingFrog,0,2024-08-23T17:44:11Z,Day4
Right,KeenCrow,0,113012576564659440,FortunateWolverine,0,2024-08-23T17:44:56Z,Day4
Right,KeenCrow,0,113012580196307424,DaringKookaburra,0,2024-08-23T17:45:43Z,Day4
Right,OptimisticTortoise,0,113011922008304480,SplendidCockatoo,0,2024-08-23T17:47:24Z,Day4
Right,DaringKookaburra,0,113012576564659440,FortunateWolverine,0,2024-08-23T17:47:53Z,Day4
Right,SplendidCockatoo,0,113012466793631104,KeenCrow,0,2024-08-23T17:48:00Z,Day4
Right,SplendidCockatoo,0,113012455779551888,JustJaguar,0,2024-08-23T17:48:14Z,Day4
Right,SplendidCockatoo,0,113012580196307424,DaringKookaburra,0,2024-08-23T17:48:19Z,Day4
Right,SplendidCockatoo,0,113012439902954864,KeenCrow,0,2024-08-23T17:48:24Z,Day4
Right,SplendidCockatoo,0,113012591298862416,NotableHummingbird,0,2024-08-23T17:48:34Z,Day4
Right,DaringKookaburra,0,113012527945189088,TenderMoose,0,2024-08-23T17:49:45Z,Day4
Right,SplendidCockatoo,0,113012521379805328,AdaptablePorcupine,0,2024-08-23T17:51:21Z,Day4
Right,SplendidCockatoo,0,113012382567706576,ImpressiveBison,0,2024-08-23T17:51:31Z,Day4
Right,SplendidCockatoo,0,113012239683285920,WelcomingFrog,0,2024-08-23T17:51:52Z,Day4
Right,NotableHummingbird,0,113012580196307424,DaringKookaburra,0,2024-08-23T17:53:11Z,Day4
Right,DiligentEgret,0,113012521379805328,AdaptablePorcupine,0,2024-08-23T17:54:14Z,Day4
Right,DiligentEgret,0,113012526430069280,EsteemedNumbat,0,2024-08-23T17:54:23Z,Day4
Right,DiligentEgret,0,113012522670768592,EsteemedNumbat,0,2024-08-23T17:54:28Z,Day4
Right,DiligentEgret,0,113012508683846608,DaringKookaburra,0,2024-08-23T17:54:57Z,Day4
Right,DiligentEgret,0,113012506636827872,TenderMoose,0,2024-08-23T17:55:07Z,Day4
Right,DaringKookaburra,0,113012592551577216,IdealDonkey,0,2024-08-23T17:58:11Z,Day4
Right,KnowledgeableJellyfish,0,113012505237782112,JubilantCat,0,2024-08-23T17:58:21Z,Day4
Right,DaringKookaburra,0,113012604467483216,FortunateWolverine,0,2024-08-23T17:58:49Z,Day4
Right,JollyOctopus,0,113012631897690800,IdealDonkey,0,2024-08-23T17:59:33Z,Day4
Right,JollyOctopus,0,113012623232047456,IdealDonkey,0,2024-08-23T17:59:35Z,Day4
Right,NotableHummingbird,0,113001563353570000,WarmShark,0,2024-08-23T18:00:11Z,Day4
Right,DiligentEgret,0,113012612851135424,FortunateWolverine,0,2024-08-23T18:01:04Z,Day4
Right,NotableHummingbird,0,113012653736486144,DaringKookaburra,0,2024-08-23T18:04:28Z,Day4
Right,IdealDonkey,0,113011437188653040,ArtisticButterfly,1,2024-08-23T18:06:06Z,Day4
Right,NotableHummingbird,0,113012676920514688,SincereLadybug,0,2024-08-23T18:10:13Z,Day4
Right,IdealDonkey,0,113009013484056352,CourageousBilby,0,2024-08-23T18:11:23Z,Day4
Right,DiligentEgret,0,113012555504292320,ObservantBadger,0,2024-08-23T18:14:15Z,Day4
Right,NotableHummingbird,0,113012681317761056,GracefulPheasant,0,2024-08-23T18:14:42Z,Day4
Right,VirtuousArmadillo,0,113012681317761056,GracefulPheasant,0,2024-08-23T18:15:48Z,Day4
Right,EsteemedNumbat,0,113012681317761056,GracefulPheasant,0,2024-08-23T18:16:38Z,Day4
Right,EsteemedNumbat,0,113012651154791312,ResilientOtter,0,2024-08-23T18:17:00Z,Day4
Right,IdealDonkey,0,113008885553516432,AmazingHorse,0,2024-08-23T18:17:05Z,Day4
Right,EsteemedNumbat,0,113012591298862416,NotableHummingbird,0,2024-08-23T18:17:19Z,Day4
Right,IdealDonkey,0,113008813217032256,ReliableCheetah,0,2024-08-23T18:17:25Z,Day4
Right,EsteemedNumbat,0,113012742375862272,EagerLamb,0,2024-08-23T18:28:23Z,Day4
Right,EagerLamb,0,113012692229760752,IdealDonkey,0,2024-08-23T18:30:32Z,Day4
Right,EagerLamb,0,113012230534796144,RemarkableGopher,1,2024-08-23T18:31:46Z,Day4
Right,DaringKookaburra,0,113012742375862272,EagerLamb,0,2024-08-23T18:37:40Z,Day4
Right,KeenCrow,0,113012617124761360,NotableHummingbird,0,2024-08-23T18:39:16Z,Day4
Right,EagerLamb,0,113008885553516432,AmazingHorse,0,2024-08-23T18:40:22Z,Day4
Right,EagerLamb,0,113008101560203280,KnowledgeableJellyfish,0,2024-08-23T18:45:11Z,Day4
Right,EagerLamb,0,113007560907132128,DiligentEgret,0,2024-08-23T18:47:42Z,Day4
Right,JustJaguar,0,113012653736486144,DaringKookaburra,0,2024-08-23T18:50:43Z,Day4
Right,DaringKookaburra,0,113012790514062960,FortunateWolverine,0,2024-08-23T18:50:54Z,Day4
Right,DiligentEgret,0,113012771536852624,InnovativeGrasshopper,0,2024-08-23T18:51:33Z,Day4
Right,DiligentEgret,0,113012693362594416,NotableHummingbird,0,2024-08-23T18:51:52Z,Day4
Right,EagerLamb,0,113008093606266672,RelaxedDragonfly,1,2024-08-23T18:52:16Z,Day4
Right,EagerLamb,0,113008079702752832,RelaxedDragonfly,1,2024-08-23T18:52:35Z,Day4
Right,EagerLamb,0,113008301179178000,DaringKookaburra,0,2024-08-23T18:52:42Z,Day4
Right,DaringKookaburra,0,113012825706020256,InnovativeGrasshopper,0,2024-08-23T18:52:57Z,Day4
Right,DiligentEgret,0,113012560007509200,EsteemedNumbat,0,2024-08-23T18:56:11Z,Day4
Right,CourageousBilby,0,113012857055746336,InnovativeGrasshopper,0,2024-08-23T19:10:20Z,Day4
Right,CourageousBilby,0,113012825706020256,InnovativeGrasshopper,0,2024-08-23T19:10:21Z,Day4
Right,RadiantFalcon,0,113012681317761056,GracefulPheasant,0,2024-08-23T19:16:37Z,Day4
Right,VirtuousArmadillo,0,113012781693352304,FortunateWolverine,0,2024-08-23T19:17:23Z,Day4
Right,CourageousBilby,0,113009068029094976,DeterminedYabby,0,2024-08-23T19:17:44Z,Day4
Right,RadiantFalcon,0,113012591298862416,NotableHummingbird,0,2024-08-23T19:21:27Z,Day4
Right,RadiantFalcon,0,113012872823254560,JustJaguar,0,2024-08-23T19:26:58Z,Day4
Right,VirtuousArmadillo,0,113012974179424624,HappyPigeon,0,2024-08-23T19:29:06Z,Day4
Right,SupportiveRhinoceros,0,113012439902954864,KeenCrow,0,2024-08-23T19:29:23Z,Day4
Right,SplendidCockatoo,0,113012653736486144,DaringKookaburra,0,2024-08-23T19:29:48Z,Day4
Right,RadiantFalcon,0,113012349870204128,JustJaguar,0,2024-08-23T19:30:58Z,Day4
Right,VirtuousArmadillo,0,113012742375862272,EagerLamb,0,2024-08-23T19:31:38Z,Day4
Right,VirtuousArmadillo,0,113011299436748352,KnowledgeableJellyfish,0,2024-08-23T19:31:45Z,Day4
Right,SplendidCockatoo,0,113012681317761056,GracefulPheasant,0,2024-08-23T19:32:54Z,Day4
Right,SplendidCockatoo,0,113012787456202336,DaringKookaburra,0,2024-08-23T19:32:58Z,Day4
Right,VirtuousArmadillo,0,113011100956777568,HappyPigeon,0,2024-08-23T19:33:01Z,Day4
Right,VirtuousArmadillo,0,113011114598462288,HappyPigeon,0,2024-08-23T19:33:40Z,Day4
Right,VirtuousArmadillo,0,113008945336981936,LavishPorpoise,0,2024-08-23T19:33:57Z,Day4
Right,VirtuousArmadillo,0,113008924578005872,LavishPorpoise,0,2024-08-23T19:33:59Z,Day4
Right,VirtuousArmadillo,0,113008303892892320,DaringKookaburra,0,2024-08-23T19:35:05Z,Day4
Right,VirtuousArmadillo,0,113008325727261568,FortunateWolverine,0,2024-08-23T19:35:14Z,Day4
Right,VirtuousArmadillo,0,113008317063974832,SplendidCockatoo,0,2024-08-23T19:36:31Z,Day4
Right,JubilantCat,0,113012952900927968,VirtuousArmadillo,0,2024-08-23T19:37:12Z,Day4
Right,SupportiveRhinoceros,0,113009013484056352,CourageousBilby,0,2024-08-23T19:37:32Z,Day4
Right,KnowledgeableJellyfish,0,113012857055746336,InnovativeGrasshopper,0,2024-08-23T19:38:24Z,Day4
Right,SplendidCockatoo,0,113013023979714336,ImaginativeHedgehog,0,2024-08-23T19:38:47Z,Day4
Right,KnowledgeableJellyfish,0,113012825706020256,InnovativeGrasshopper,0,2024-08-23T19:39:17Z,Day4
Right,KnowledgeableJellyfish,0,113012911133327584,CourageousBilby,0,2024-08-23T19:41:22Z,Day4
Right,ImaginativeHedgehog,0,113013030784169200,SplendidCockatoo,0,2024-08-23T19:41:26Z,Day4
Right,EsteemedNumbat,0,113012903837788336,CourageousBilby,0,2024-08-23T19:41:36Z,Day4
Right,SupportiveRhinoceros,0,113013023979714336,ImaginativeHedgehog,0,2024-08-23T19:41:45Z,Day4
Right,KnowledgeableJellyfish,0,113013039272849264,DazzlingManatee,0,2024-08-23T19:42:24Z,Day4
Right,EsteemedNumbat,0,113013039272849264,DazzlingManatee,0,2024-08-23T19:42:36Z,Day4
Right,KnowledgeableJellyfish,0,113013042537506544,SupportiveRhinoceros,0,2024-08-23T19:44:55Z,Day4
Right,OptimisticTortoise,0,113011100956777568,HappyPigeon,0,2024-08-23T19:47:30Z,Day4
Right,OptimisticTortoise,0,113012952900927968,VirtuousArmadillo,0,2024-08-23T19:47:40Z,Day4
Right,JollyOctopus,0,113013049182098400,KnowledgeableJellyfish,0,2024-08-23T19:49:28Z,Day4
Right,SupportiveRhinoceros,0,113012742375862272,EagerLamb,0,2024-08-23T19:50:05Z,Day4
Right,SupportiveRhinoceros,0,113012549900834768,EsteemedNumbat,0,2024-08-23T19:52:06Z,Day4
Right,SupportiveRhinoceros,0,113013081572245952,WholesomeSparrow,0,2024-08-23T19:55:46Z,Day4
Right,FlexiblePig,0,113013049182098400,KnowledgeableJellyfish,0,2024-08-23T20:04:41Z,Day4
Right,JubilantCat,0,113013039272849264,DazzlingManatee,0,2024-08-23T20:09:51Z,Day4
Right,VibrantGrizzly,0,112997915933851408,Admin,NA,2024-08-23T20:10:10Z,Day4
Right,DiligentEgret,0,113013049182098400,KnowledgeableJellyfish,0,2024-08-23T20:12:13Z,Day4
Right,DiligentEgret,0,113013042537506544,SupportiveRhinoceros,0,2024-08-23T20:12:19Z,Day4
Right,DaringKookaburra,0,113013001582710976,SplendidCockatoo,0,2024-08-23T20:12:43Z,Day4
Right,DiligentEgret,0,113013147215612256,JubilantCat,0,2024-08-23T20:12:44Z,Day4
Right,DiligentEgret,0,113013039272849264,DazzlingManatee,0,2024-08-23T20:12:46Z,Day4
Right,DaringKookaburra,0,113013042537506544,SupportiveRhinoceros,0,2024-08-23T20:13:55Z,Day4
Right,DaringKookaburra,0,113012903837788336,CourageousBilby,0,2024-08-23T20:15:14Z,Day4
Right,DaringKookaburra,0,113012857055746336,InnovativeGrasshopper,0,2024-08-23T20:15:58Z,Day4
Right,MagnificentBuffalo,0,113011961775753856,BalancedRidgeback,0,2024-08-23T20:22:20Z,Day4
Right,MagnificentBuffalo,0,113013161663911792,CooperativeTurtle,0,2024-08-23T20:23:11Z,Day4
Right,MagnificentBuffalo,0,113013036630011680,EsteemedNumbat,0,2024-08-23T20:25:52Z,Day4
Right,MagnificentBuffalo,0,113012681317761056,GracefulPheasant,0,2024-08-23T20:26:54Z,Day4
Right,MagnificentBuffalo,0,113012653736486144,DaringKookaburra,0,2024-08-23T20:27:33Z,Day4
Right,MagnificentBuffalo,0,113013001582710976,SplendidCockatoo,0,2024-08-23T20:28:56Z,Day4
Right,WelcomingFrog,0,113013097772121888,VibrantGrizzly,0,2024-08-23T20:30:45Z,Day4
Right,MagnificentBuffalo,0,113012508683846608,DaringKookaburra,0,2024-08-23T20:31:10Z,Day4
Right,MagnificentBuffalo,0,113012522670768592,EsteemedNumbat,0,2024-08-23T20:31:15Z,Day4
Right,DiligentEgret,0,113013161663911792,CooperativeTurtle,0,2024-08-23T20:31:30Z,Day4
Right,WelcomingFrog,0,113012787742708144,EagerLamb,0,2024-08-23T20:32:54Z,Day4
Right,LavishPorpoise,0,113011532145572144,MagnificentBuffalo,0,2024-08-23T20:33:51Z,Day4
Right,CarefreeDragon,0,113013236433997008,MagnificentBuffalo,0,2024-08-23T20:33:53Z,Day4
Right,CarefreeDragon,0,113013161663911792,CooperativeTurtle,0,2024-08-23T20:33:55Z,Day4
Right,CarefreeDragon,0,113012952900927968,VirtuousArmadillo,0,2024-08-23T20:35:46Z,Day4
Right,WelcomingFrog,0,113008025294272880,VibrantGrizzly,0,2024-08-23T20:36:47Z,Day4
Right,WelcomingFrog,0,113008039653224352,VibrantGrizzly,0,2024-08-23T20:36:49Z,Day4
Right,WelcomingFrog,0,113008050637496128,VibrantGrizzly,0,2024-08-23T20:36:52Z,Day4
Right,QualifiedSalamander,0,113013236433997008,MagnificentBuffalo,0,2024-08-23T20:37:12Z,Day4
Right,JudiciousFox,0,113012531128680144,TenderMoose,0,2024-08-23T20:37:35Z,Day4
Right,QualifiedSalamander,0,113012681317761056,GracefulPheasant,0,2024-08-23T20:38:22Z,Day4
Right,QualifiedSalamander,0,113012656783917232,DaringKookaburra,0,2024-08-23T20:38:28Z,Day4
Right,JudiciousFox,0,113013214768833472,MagnificentBuffalo,0,2024-08-23T20:38:29Z,Day4
Right,JudiciousFox,0,113013039272849264,DazzlingManatee,0,2024-08-23T20:38:52Z,Day4
Right,JudiciousFox,0,113012952900927968,VirtuousArmadillo,0,2024-08-23T20:39:06Z,Day4
Right,CarefreeDragon,0,113008244402357872,GloriousSeal,0,2024-08-23T20:40:56Z,Day4
Right,CarefreeDragon,0,113007796494136272,ExcellentMantis,0,2024-08-23T20:41:17Z,Day4
Right,CarefreeDragon,0,113007621935863776,WholesomeSparrow,0,2024-08-23T20:41:27Z,Day4
Right,CarefreeDragon,0,113007599348638480,VirtuousArmadillo,0,2024-08-23T20:41:31Z,Day4
Right,CarefreeDragon,0,113007587537178016,LaudableStingray,0,2024-08-23T20:41:40Z,Day4
Right,JollyOctopus,0,113013161663911792,CooperativeTurtle,0,2024-08-23T20:41:56Z,Day4
Right,WelcomingFrog,0,113013161663911792,CooperativeTurtle,0,2024-08-23T20:42:31Z,Day4
Right,WelcomingFrog,0,113013202105252128,AffectionateWhale,0,2024-08-23T20:43:13Z,Day4
Right,WelcomingFrog,0,113013205154812480,MagnificentBuffalo,0,2024-08-23T20:43:21Z,Day4
Right,AffectionateWhale,0,113012653736486144,DaringKookaburra,0,2024-08-23T20:44:53Z,Day4
Right,WelcomingFrog,0,113013036630011680,EsteemedNumbat,0,2024-08-23T20:45:19Z,Day4
Right,AffectionateWhale,0,113012872823254560,JustJaguar,0,2024-08-23T20:45:42Z,Day4
Right,WelcomingFrog,0,113013252549621680,AffectionateWhale,0,2024-08-23T20:45:52Z,Day4
Right,WelcomingFrog,0,113013270030034688,LavishPorpoise,0,2024-08-23T20:46:15Z,Day4
Right,JubilantCat,0,113013291866671776,QualifiedSalamander,0,2024-08-23T20:46:36Z,Day4
Right,EsteemedNumbat,0,113013252549621680,AffectionateWhale,0,2024-08-23T20:47:12Z,Day4
Right,CarefreeDragon,0,113013291866671776,QualifiedSalamander,0,2024-08-23T20:48:00Z,Day4
Right,ConfidentWildebeest,0,113008908441161504,SplendidCockatoo,0,2024-08-23T20:48:04Z,Day4
Right,CarefreeDragon,0,113013042537506544,SupportiveRhinoceros,0,2024-08-23T20:48:11Z,Day4
Right,MagnificentBuffalo,0,113013291866671776,QualifiedSalamander,0,2024-08-23T20:48:12Z,Day4
Right,FlexiblePig,0,113013298494537648,MagnificentBuffalo,0,2024-08-23T20:49:24Z,Day4
Right,MagnificentBuffalo,0,113013302835753168,EsteemedNumbat,0,2024-08-23T20:49:51Z,Day4
Right,MagnificentBuffalo,0,113013305559515600,WelcomingFrog,0,2024-08-23T20:50:14Z,Day4
Right,VirtuousArmadillo,0,113013269780005216,CarefreeDragon,0,2024-08-23T20:50:14Z,Day4
Right,ConfidentWildebeest,0,113011985985645632,BalancedRidgeback,0,2024-08-23T20:50:45Z,Day4
Right,VirtuousArmadillo,0,113013288322810032,CarefreeDragon,0,2024-08-23T20:50:46Z,Day4
Right,VirtuousArmadillo,0,113013302835753168,EsteemedNumbat,0,2024-08-23T20:51:08Z,Day4
Right,VirtuousArmadillo,0,113013161663911792,CooperativeTurtle,0,2024-08-23T20:51:44Z,Day4
Right,CarefreeDragon,0,113013298494537648,MagnificentBuffalo,0,2024-08-23T20:52:02Z,Day4
Right,VirtuousArmadillo,0,113013023979714336,ImaginativeHedgehog,0,2024-08-23T20:52:03Z,Day4
Right,CarefreeDragon,0,113013312143528448,VirtuousArmadillo,0,2024-08-23T20:53:01Z,Day4
Right,CarefreeDragon,0,113013318812203872,WelcomingFrog,0,2024-08-23T20:53:25Z,Day4
Right,LovingFireworm,0,113013302835753168,EsteemedNumbat,0,2024-08-23T20:53:28Z,Day4
Right,LovingFireworm,0,113013312143528448,VirtuousArmadillo,0,2024-08-23T20:53:29Z,Day4
Right,VirtuousArmadillo,0,113013318812203872,WelcomingFrog,0,2024-08-23T20:53:35Z,Day4
Right,VirtuousArmadillo,0,113013312350445856,LovingFireworm,0,2024-08-23T20:53:41Z,Day4
Right,WelcomingFrog,0,113013298494537648,MagnificentBuffalo,0,2024-08-23T20:54:33Z,Day4
Right,WelcomingFrog,0,113013291866671776,QualifiedSalamander,0,2024-08-23T20:54:36Z,Day4
Right,WelcomingFrog,0,113013302835753168,EsteemedNumbat,0,2024-08-23T20:54:41Z,Day4
Right,WelcomingFrog,0,113013312143528448,VirtuousArmadillo,0,2024-08-23T20:54:43Z,Day4
Right,WelcomingFrog,0,113013312350445856,LovingFireworm,0,2024-08-23T20:54:45Z,Day4
Right,CarefreeDragon,0,113013312350445856,LovingFireworm,0,2024-08-23T20:55:02Z,Day4
Right,MagnificentBuffalo,0,113013318812203872,WelcomingFrog,0,2024-08-23T20:55:13Z,Day4
Right,LavishPorpoise,0,113012549900834768,EsteemedNumbat,0,2024-08-23T20:55:27Z,Day4
Right,CarefreeDragon,0,113011922008304480,SplendidCockatoo,0,2024-08-23T20:55:55Z,Day4
Right,LovingFireworm,0,113013318812203872,WelcomingFrog,0,2024-08-23T20:55:55Z,Day4
Right,LavishPorpoise,0,113009687577489168,AffectionateWhale,0,2024-08-23T20:56:12Z,Day4
Right,SplendidCockatoo,0,113013318812203872,WelcomingFrog,0,2024-08-23T20:56:20Z,Day4
Right,SplendidCockatoo,0,113013312350445856,LovingFireworm,0,2024-08-23T20:56:23Z,Day4
Right,SplendidCockatoo,0,113013302835753168,EsteemedNumbat,0,2024-08-23T20:56:33Z,Day4
Right,SplendidCockatoo,0,113013312143528448,VirtuousArmadillo,0,2024-08-23T20:56:34Z,Day4
Right,SplendidCockatoo,0,113013298494537648,MagnificentBuffalo,0,2024-08-23T20:56:47Z,Day4
Right,SplendidCockatoo,0,113013291866671776,QualifiedSalamander,0,2024-08-23T20:56:49Z,Day4
Right,SplendidCockatoo,0,113013288322810032,CarefreeDragon,0,2024-08-23T20:56:53Z,Day4
Right,SplendidCockatoo,0,113013288115986864,FlexiblePig,0,2024-08-23T20:56:56Z,Day4
Right,CarefreeDragon,0,113011390194167680,FriendlyBaboon,1,2024-08-23T20:56:58Z,Day4
Right,CarefreeDragon,0,113012576564659440,FortunateWolverine,0,2024-08-23T20:57:49Z,Day4
Right,SplendidCockatoo,0,113013318351450976,AffectionateWhale,0,2024-08-23T20:58:45Z,Day4
Right,LavishPorpoise,0,113013318351450976,AffectionateWhale,0,2024-08-23T20:59:49Z,Day4
Right,SplendidCockatoo,0,113013042036872016,EsteemedNumbat,0,2024-08-23T21:00:22Z,Day4
Right,VirtuousArmadillo,0,113013347526530784,CarefreeDragon,0,2024-08-23T21:00:35Z,Day4
Right,SplendidCockatoo,0,113013167480787344,DaringKookaburra,0,2024-08-23T21:00:37Z,Day4
Right,MagnificentBuffalo,0,113013347526530784,CarefreeDragon,0,2024-08-23T21:00:39Z,Day4
Right,SplendidCockatoo,0,113013347526530784,CarefreeDragon,0,2024-08-23T21:01:01Z,Day4
Right,CarefreeDragon,0,113008514922675280,RadiantFalcon,0,2024-08-23T21:01:08Z,Day4
Right,CarefreeDragon,0,113012446949554000,JustJaguar,0,2024-08-23T21:01:11Z,Day4
Right,CarefreeDragon,0,113011538592229232,OutstandingSeahorse,0,2024-08-23T21:01:29Z,Day4
Right,JudiciousFox,0,113013318812203872,WelcomingFrog,0,2024-08-23T21:01:46Z,Day4
Right,CarefreeDragon,0,113005646307725312,RemarkableGopher,1,2024-08-23T21:01:47Z,Day4
Right,JudiciousFox,0,113013347526530784,CarefreeDragon,0,2024-08-23T21:01:47Z,Day4
Right,JudiciousFox,0,113013312350445856,LovingFireworm,0,2024-08-23T21:01:53Z,Day4
Right,JudiciousFox,0,113013312143528448,VirtuousArmadillo,0,2024-08-23T21:01:56Z,Day4
Right,JudiciousFox,0,113013302835753168,EsteemedNumbat,0,2024-08-23T21:02:00Z,Day4
Right,JudiciousFox,0,113013298494537648,MagnificentBuffalo,0,2024-08-23T21:02:11Z,Day4
Right,JudiciousFox,0,113013291866671776,QualifiedSalamander,0,2024-08-23T21:02:16Z,Day4
Right,JudiciousFox,0,113013288322810032,CarefreeDragon,0,2024-08-23T21:02:25Z,Day4
Right,LavishPorpoise,0,113013318812203872,WelcomingFrog,0,2024-08-23T21:03:23Z,Day4
Right,LovingFireworm,0,113013347526530784,CarefreeDragon,0,2024-08-23T21:03:40Z,Day4
Right,LovingFireworm,0,113013358762324304,JudiciousFox,0,2024-08-23T21:03:41Z,Day4
Right,LovingFireworm,0,113013298494537648,MagnificentBuffalo,0,2024-08-23T21:03:53Z,Day4
Right,LovingFireworm,0,113013291866671776,QualifiedSalamander,0,2024-08-23T21:03:56Z,Day4
Right,MagnificentBuffalo,0,113013358762324304,JudiciousFox,0,2024-08-23T21:04:04Z,Day4
Right,OptimisticTortoise,0,113013318812203872,WelcomingFrog,0,2024-08-23T21:05:42Z,Day4
Right,OptimisticTortoise,0,113013312350445856,LovingFireworm,0,2024-08-23T21:06:21Z,Day4
Right,OptimisticTortoise,0,113013312143528448,VirtuousArmadillo,0,2024-08-23T21:06:23Z,Day4
Right,SplendidCockatoo,0,113013361683188288,WelcomingFrog,0,2024-08-23T21:06:53Z,Day4
Right,AffectionateWhale,0,113008177085671664,SympatheticWoodpecker,0,2024-08-23T21:08:27Z,Day4
Right,JollyOctopus,0,113013318812203872,WelcomingFrog,0,2024-08-23T21:10:27Z,Day4
Right,JollyOctopus,0,113013298494537648,MagnificentBuffalo,0,2024-08-23T21:12:00Z,Day4
Right,MagnificentBuffalo,0,113013395393177088,Admin,NA,2024-08-23T21:13:45Z,Day4
Right,Admin,NA,113013406069633280,LavishPorpoise,0,2024-08-23T21:15:32Z,Day4
Right,DiligentEgret,0,113013318812203872,WelcomingFrog,0,2024-08-23T21:21:00Z,Day4
Right,DiligentEgret,0,113013312350445856,LovingFireworm,0,2024-08-23T21:21:07Z,Day4
Right,DiligentEgret,0,113013312143528448,VirtuousArmadillo,0,2024-08-23T21:21:13Z,Day4
Right,DiligentEgret,0,113013302835753168,EsteemedNumbat,0,2024-08-23T21:21:16Z,Day4
Right,WelcomingFrog,0,113013395393177088,Admin,NA,2024-08-23T21:22:05Z,Day4
Right,Admin,NA,113013435011869216,WelcomingFrog,0,2024-08-23T21:23:16Z,Day4
Right,KnowledgeableJellyfish,0,113013358762324304,JudiciousFox,0,2024-08-23T21:26:48Z,Day4
Right,KnowledgeableJellyfish,0,113013318812203872,WelcomingFrog,0,2024-08-23T21:27:14Z,Day4
Right,KnowledgeableJellyfish,0,113013312350445856,LovingFireworm,0,2024-08-23T21:27:16Z,Day4
Right,KnowledgeableJellyfish,0,113013395393177088,Admin,NA,2024-08-23T21:27:49Z,Day4
Right,KnowledgeableJellyfish,0,113013406069633280,LavishPorpoise,0,2024-08-23T21:27:49Z,Day4
Right,KnowledgeableJellyfish,0,113013435011869216,WelcomingFrog,0,2024-08-23T21:27:51Z,Day4
Right,KnowledgeableJellyfish,0,113013361683188288,WelcomingFrog,0,2024-08-23T21:27:54Z,Day4
Right,SupportiveRhinoceros,0,113013312143528448,VirtuousArmadillo,0,2024-08-23T21:29:49Z,Day4
Right,BrightNewt,0,113013039272849264,DazzlingManatee,0,2024-08-23T21:30:00Z,Day4
Right,ImpressiveBison,0,113011652868800816,OutstandingSeahorse,0,2024-08-23T21:30:51Z,Day4
Right,BrightNewt,0,113002133759644832,DeterminedYabby,0,2024-08-23T21:33:10Z,Day4
Right,CreativePossum,0,113013236433997008,MagnificentBuffalo,0,2024-08-23T21:40:25Z,Day4
Right,EloquentBumblebee,0,113013347526530784,CarefreeDragon,0,2024-08-23T21:40:29Z,Day4
Right,EloquentBumblebee,0,113008635940678160,BrilliantOwl,0,2024-08-23T21:41:57Z,Day4
Right,Admin,NA,113013470121754608,ImpressiveBison,0,2024-08-23T21:43:16Z,Day4
Right,Admin,NA,113013358762324304,JudiciousFox,0,2024-08-23T21:43:34Z,Day4
Right,Admin,NA,113013347526530784,CarefreeDragon,0,2024-08-23T21:43:37Z,Day4
Right,EloquentBumblebee,0,113008609287068784,DiligentEgret,0,2024-08-23T21:43:48Z,Day4
Right,EloquentBumblebee,0,113013468322471008,JustJaguar,0,2024-08-23T21:44:31Z,Day4
Right,EloquentBumblebee,0,113013361683188288,WelcomingFrog,0,2024-08-23T21:45:01Z,Day4
Right,Admin,NA,113013318812203872,WelcomingFrog,0,2024-08-23T21:45:08Z,Day4
Right,EloquentBumblebee,0,113013358762324304,JudiciousFox,0,2024-08-23T21:45:11Z,Day4
Right,EloquentBumblebee,0,113013318812203872,WelcomingFrog,0,2024-08-23T21:46:39Z,Day4
Right,EloquentBumblebee,0,113013312350445856,LovingFireworm,0,2024-08-23T21:47:07Z,Day4
Right,JoyfulAardvark,0,113013548535193376,EloquentBumblebee,0,2024-08-23T21:54:13Z,Day4
Right,EloquentBumblebee,0,113013548825344720,HelpfulBee,0,2024-08-23T21:55:33Z,Day4
Right,ConfidentWildebeest,0,113013302835753168,EsteemedNumbat,0,2024-08-23T21:55:43Z,Day4
Right,JoyfulAardvark,0,113012549900834768,EsteemedNumbat,0,2024-08-23T21:58:46Z,Day4
Right,HeartfeltBandicoot,0,113013298494537648,MagnificentBuffalo,0,2024-08-23T22:00:36Z,Day4
Right,HeartfeltBandicoot,0,113013291866671776,QualifiedSalamander,0,2024-08-23T22:01:08Z,Day4
Right,KnowledgeableJellyfish,0,113013548825344720,HelpfulBee,0,2024-08-23T22:02:29Z,Day4
Right,KnowledgeableJellyfish,0,113013548535193376,EloquentBumblebee,0,2024-08-23T22:02:33Z,Day4
Right,JoyfulAardvark,0,113001448696518960,TenderMoose,0,2024-08-23T22:06:42Z,Day4
Right,JoyfulAardvark,0,112997073599820064,LavishPorpoise,0,2024-08-23T22:07:08Z,Day4
Right,JoyfulAardvark,0,113013548825344720,HelpfulBee,0,2024-08-23T22:07:50Z,Day4
Right,JoyfulAardvark,0,113013468322471008,JustJaguar,0,2024-08-23T22:08:04Z,Day4
Right,OptimisticTortoise,0,113013470121754608,ImpressiveBison,0,2024-08-23T22:08:30Z,Day4
Right,HeartfeltBandicoot,0,113012446949554000,JustJaguar,0,2024-08-23T22:13:49Z,Day4
Right,CreativePossum,0,113013468322471008,JustJaguar,0,2024-08-23T22:18:29Z,Day4
Right,TrustworthySquid,0,113013599440048608,InspirationalGibbon,NA,2024-08-23T22:23:56Z,Day4
Right,HeartfeltBandicoot,0,113013623968327824,JollyOctopus,0,2024-08-23T22:24:35Z,Day4
Right,HeartfeltBandicoot,0,113013318812203872,WelcomingFrog,0,2024-08-23T22:24:52Z,Day4
Right,HeartfeltBandicoot,0,113013312143528448,VirtuousArmadillo,0,2024-08-23T22:25:42Z,Day4
Right,LovingFireworm,0,113013613399399408,InnovativeGrasshopper,0,2024-08-23T22:30:29Z,Day4
Right,WelcomingFrog,0,113012251950045152,ObservantBadger,0,2024-08-23T22:42:11Z,Day4
Right,KnowledgeableJellyfish,0,113013723993363072,KindheartedPuma,0,2024-08-23T22:42:58Z,Day4
Right,KnowledgeableJellyfish,0,113013698565033008,HeartfeltBandicoot,0,2024-08-23T22:43:08Z,Day4
Right,KnowledgeableJellyfish,0,113013623968327824,JollyOctopus,0,2024-08-23T22:43:25Z,Day4
Right,KnowledgeableJellyfish,0,113013613399399408,InnovativeGrasshopper,0,2024-08-23T22:43:31Z,Day4
Right,SplendidCockatoo,0,113013762845548320,DazzlingManatee,0,2024-08-23T22:47:26Z,Day4
Right,EloquentBumblebee,0,113013613399399408,InnovativeGrasshopper,0,2024-08-23T22:58:16Z,Day4
Right,EloquentBumblebee,0,113013802683732160,CalmLynx,0,2024-08-23T22:58:29Z,Day4
Right,EloquentBumblebee,0,113013723993363072,KindheartedPuma,0,2024-08-23T22:58:41Z,Day4
Right,CalmLynx,0,113013817647019376,EloquentBumblebee,0,2024-08-23T23:02:38Z,Day4
Right,SplendidCockatoo,0,113013548535193376,EloquentBumblebee,0,2024-08-23T23:32:41Z,Day4
Right,TrustworthySquid,0,113012742375862272,EagerLamb,0,2024-08-24T00:51:20Z,Day5
Right,AffectionateWhale,0,113013298494537648,MagnificentBuffalo,0,2024-08-24T00:58:52Z,Day5
Right,EnchantingHawk,0,113014381836431792,AffectionateWhale,0,2024-08-24T01:59:04Z,Day5
Right,SplendidCockatoo,0,113014381836431792,AffectionateWhale,0,2024-08-24T03:20:30Z,Day5
Right,SplendidCockatoo,0,113014310378414896,LightheartedEmu,0,2024-08-24T03:20:37Z,Day5
Right,SplendidCockatoo,0,113014301081701808,LightheartedEmu,0,2024-08-24T03:20:39Z,Day5
Right,SplendidCockatoo,0,113013817647019376,EloquentBumblebee,0,2024-08-24T03:21:11Z,Day5
Right,SplendidCockatoo,0,113013802683732160,CalmLynx,0,2024-08-24T03:21:12Z,Day5
Right,PassionateAlligator,0,113014381836431792,AffectionateWhale,0,2024-08-24T06:05:09Z,Day5
Right,PassionateAlligator,0,113013698565033008,HeartfeltBandicoot,0,2024-08-24T06:06:00Z,Day5
Right,PassionateAlligator,0,113013675028809312,TrustworthySquid,0,2024-08-24T06:06:16Z,Day5
